/*
 Navicat MySQL Data Transfer

 Source Server         : localhost
 Source Server Type    : MySQL
 Source Server Version : 50717
 Source Host           : localhost
 Source Database       : wx_edu

 Target Server Type    : MySQL
 Target Server Version : 50717
 File Encoding         : utf-8

 Date: 09/02/2021 19:46:22 PM
*/

SET NAMES utf8;
SET FOREIGN_KEY_CHECKS = 0;

-- ----------------------------
--  Table structure for `advert`
-- ----------------------------
DROP TABLE IF EXISTS `advert`;
CREATE TABLE `advert` (
  `id` varchar(36) NOT NULL COMMENT '主键',
  `create_time` datetime NOT NULL DEFAULT CURRENT_TIMESTAMP COMMENT '创建时间',
  `modified_time` datetime NOT NULL DEFAULT CURRENT_TIMESTAMP COMMENT '修改时间',
  `valid_value` tinyint(3) unsigned NOT NULL DEFAULT '1' COMMENT '状态(1:正常，0:禁用)',
  `sort` int(11) unsigned NOT NULL DEFAULT '1' COMMENT '排序',
  `advert_title` varchar(255) NOT NULL COMMENT '广告标题',
  `advert_img` varchar(255) NOT NULL DEFAULT '' COMMENT '广告图片',
  `advert_url` varchar(255) DEFAULT NULL COMMENT '广告链接',
  `advert_target` varchar(255) NOT NULL DEFAULT '' COMMENT '广告跳转方式',
  `advert_location` tinyint(3) NOT NULL DEFAULT '1' COMMENT '广告位置(1首页轮播)',
  `begin_time` datetime NOT NULL COMMENT '开始时间',
  `end_time` datetime NOT NULL COMMENT '结束时间',
  `plat_show` tinyint(3) NOT NULL DEFAULT '0' COMMENT '位置(0电脑端，1微信端，2移动网页端)',
  `advert_type` tinyint(1) DEFAULT NULL COMMENT '广告类型(1为外部链接，2为内部内容，当值为2时，将显示adv_content的内容)',
  `advert_content` text COMMENT '当adv_type为2的时候，使用adv_content的值',
  PRIMARY KEY (`id`)
) ENGINE=InnoDB DEFAULT CHARSET=utf8 ROW_FORMAT=DYNAMIC COMMENT='广告信息';

-- ----------------------------
--  Records of `advert`
-- ----------------------------
BEGIN;
INSERT INTO `advert` VALUES ('1', '1899-12-30 01:00:00', '1899-12-30 01:00:00', '1', '1', '旺鑫网络', 'https://atest888.oss-cn-hangzhou.aliyuncs.com/course/12306794407e4108a46f7a8d1db9a625.jpg', 'http://www.wangxinvip.net/', '_blank', '1', '2014-12-29 17:00:00', '2019-07-01 17:00:00', '0', null, '<p><br></p>'), ('1247087675551354882', '2020-04-06 17:04:06', '2020-04-06 17:04:06', '1', '1', '77687uiu', 'https://atest888.oss-cn-hangzhou.aliyuncs.com/course/61ee121d4b2846d8a70dd37dc492a002.gif', null, '_self', '1', '2020-04-05 00:00:00', '2020-04-22 00:00:00', '2', '2', '<p>uuiiuioiou</p>'), ('1248159581935259649', '2020-04-09 16:03:28', '2020-04-09 16:03:28', '1', '1', '2342123888', 'https://atest888.oss-cn-hangzhou.aliyuncs.com/course/a390c0296a0542939d7c6d5f6b249b1e.jpg', null, '_self', '1', '2020-04-07 16:00:00', '2020-04-08 16:00:00', '2', '2', '<p>2423423</p>'), ('2', '1899-12-30 02:00:00', '1899-12-30 02:00:00', '1', '1', '旺鑫学院', 'https://atest888.oss-cn-hangzhou.aliyuncs.com/course/988b2bfc7866401da47ec9cc65e61e2a.jpg', 'http://www.teachergu.com/', '_self', '1', '2016-01-01 17:03:39', '2021-01-27 17:04:18', '0', '1', '<p><br></p>'), ('3d0640292745406686266022edc133ba', '2020-09-15 16:51:50', '2020-09-15 16:51:50', '1', '1', '33', 'https://atest888.oss-cn-hangzhou.aliyuncs.com/course/07b135ccda6748638e63eb0468301949.jpg', '33', '_blank', '1', '2020-09-26 08:00:00', '2020-10-06 08:00:00', '0', '1', '<p>3232</p>');
COMMIT;

-- ----------------------------
--  Table structure for `bottom_navigation`
-- ----------------------------
DROP TABLE IF EXISTS `bottom_navigation`;
CREATE TABLE `bottom_navigation` (
  `id` varchar(36) NOT NULL COMMENT '主键',
  `create_time` datetime NOT NULL DEFAULT CURRENT_TIMESTAMP COMMENT '创建时间',
  `modified_time` datetime DEFAULT CURRENT_TIMESTAMP COMMENT '修改时间',
  `valid_value` tinyint(3) unsigned NOT NULL DEFAULT '1' COMMENT '状态(1有效, 0无效)',
  `sort` int(11) NOT NULL DEFAULT '1' COMMENT '排序',
  `parent_id` varchar(36) NOT NULL COMMENT '父ID',
  `navigation_name` varchar(50) NOT NULL COMMENT '导航名称',
  PRIMARY KEY (`id`)
) ENGINE=InnoDB DEFAULT CHARSET=utf8 ROW_FORMAT=DYNAMIC COMMENT='站点导航';

-- ----------------------------
--  Records of `bottom_navigation`
-- ----------------------------
BEGIN;
INSERT INTO `bottom_navigation` VALUES ('13439ef50eeb4c809a9da3724e2c05f9', '2020-11-03 15:10:47', '2020-11-03 15:10:47', '1', '1', '44f6518298ba414bbb027ed49457cc19', '联系方式'), ('44f6518298ba414bbb027ed49457cc19', '2020-11-03 15:09:38', '2020-11-03 15:09:38', '1', '1', '0', '联系'), ('4dc8665e190f407cbeeda25345fd2905', '2020-08-12 21:28:13', '2020-08-12 21:28:13', '1', '1', 'b3fcc63eb1314456accf2d83c415c574', '隐私协议'), ('575f72fd5f18400cae8e16e7548b17df', '2020-08-12 21:27:49', '2020-08-12 21:27:49', '1', '1', 'b3fcc63eb1314456accf2d83c415c574', '使用协议'), ('b3fcc63eb1314456accf2d83c415c574', '2020-08-12 21:27:16', '2020-08-12 21:27:16', '1', '1', '0', '用户协议');
COMMIT;

-- ----------------------------
--  Table structure for `bottom_navigation_article`
-- ----------------------------
DROP TABLE IF EXISTS `bottom_navigation_article`;
CREATE TABLE `bottom_navigation_article` (
  `id` varchar(36) NOT NULL COMMENT '主键',
  `create_time` datetime NOT NULL DEFAULT CURRENT_TIMESTAMP COMMENT '创建时间',
  `modified_time` datetime DEFAULT CURRENT_TIMESTAMP COMMENT '修改时间',
  `valid_value` tinyint(3) unsigned NOT NULL DEFAULT '1' COMMENT '状态(1有效, 0无效)',
  `sort` int(11) NOT NULL DEFAULT '1' COMMENT '排序',
  `navigation_id` varchar(36) NOT NULL COMMENT '导航ID',
  `article_title` varchar(255) NOT NULL COMMENT '文章标题',
  `article_content` text NOT NULL COMMENT '文章描述',
  PRIMARY KEY (`id`)
) ENGINE=InnoDB DEFAULT CHARSET=utf8 ROW_FORMAT=DYNAMIC COMMENT='站点导航文章';

-- ----------------------------
--  Records of `bottom_navigation_article`
-- ----------------------------
BEGIN;
INSERT INTO `bottom_navigation_article` VALUES ('2d0fab1f70fa47f4a4c7d1964ef76ec7', '2020-08-12 21:28:48', '2020-08-12 21:28:48', '1', '1', '4dc8665e190f407cbeeda25345fd2905', '个人隐私协议', '<p>个人隐私协议88899</p>'), ('2feca834eebc4a3899554dfc11a69e2f', '2020-11-03 15:11:02', '2020-11-03 15:11:02', '1', '1', '13439ef50eeb4c809a9da3724e2c05f9', '联系电话', '23823423423<p><br></p>'), ('e88c8b2f216a414884aa1a29b707031f', '2020-08-12 21:28:04', '2020-08-12 21:28:04', '1', '1', '575f72fd5f18400cae8e16e7548b17df', '旺鑫使用协议', 'ddd<p><br></p>'), ('eb5d76bfcd2c4c55a73561ad9f9be088', '2020-11-03 15:10:12', '2020-11-03 15:10:12', '1', '1', '44f6518298ba414bbb027ed49457cc19', '联系我们', '<p><br></p>');
COMMIT;

-- ----------------------------
--  Table structure for `bottom_qr_code`
-- ----------------------------
DROP TABLE IF EXISTS `bottom_qr_code`;
CREATE TABLE `bottom_qr_code` (
  `id` varchar(36) NOT NULL COMMENT '主键',
  `create_time` datetime NOT NULL DEFAULT CURRENT_TIMESTAMP COMMENT '创建时间',
  `modified_time` datetime DEFAULT CURRENT_TIMESTAMP COMMENT '修改时间',
  `valid_value` tinyint(3) unsigned NOT NULL DEFAULT '1' COMMENT '状态(1有效, 0无效)',
  `sort` int(11) NOT NULL DEFAULT '1' COMMENT '排序',
  `qr_code_name` varchar(36) NOT NULL COMMENT '二维码名称',
  `qr_code_image_url` varchar(500) NOT NULL COMMENT '二维码图片地址',
  PRIMARY KEY (`id`)
) ENGINE=InnoDB DEFAULT CHARSET=utf8 ROW_FORMAT=DYNAMIC COMMENT='底部二维码';

-- ----------------------------
--  Records of `bottom_qr_code`
-- ----------------------------
BEGIN;
INSERT INTO `bottom_qr_code` VALUES ('1ee6e009-9b11-4fa9-8412-046a64683d76', '2021-01-01 20:39:00', '2021-01-01 20:40:38', '1', '4', '移动网页端', 'https://atest888.oss-cn-hangzhou.aliyuncs.com/course/f4f5f02c074646138f5451a7b7ebba66.png'), ('7a931c8e-f90d-4c53-95fb-dc1891d40feb', '2021-01-01 20:51:33', '2021-01-01 20:51:33', '1', '0', '小程序', 'https://atest888.oss-cn-hangzhou.aliyuncs.com/course/6f5188582fd344bbaa3166fd153f8e11.png'), ('95ebac04-a995-41aa-a877-bf5372228ae5', '2021-01-01 20:51:56', '2021-01-01 20:51:56', '1', '0', '安卓APP', 'https://atest888.oss-cn-hangzhou.aliyuncs.com/course/cc9e57ec42994a2199770e3d4b2bb4ca.png');
COMMIT;

-- ----------------------------
--  Table structure for `cache_log`
-- ----------------------------
DROP TABLE IF EXISTS `cache_log`;
CREATE TABLE `cache_log` (
  `id` varchar(36) NOT NULL COMMENT '主键',
  `create_time` datetime NOT NULL DEFAULT CURRENT_TIMESTAMP COMMENT '创建时间',
  `modified_time` datetime NOT NULL DEFAULT CURRENT_TIMESTAMP COMMENT '修改时间',
  `valid_value` tinyint(3) unsigned NOT NULL DEFAULT '1' COMMENT '状态(1:正常;0:禁用)',
  `sort` int(11) NOT NULL DEFAULT '1' COMMENT '排序',
  `cache_status` int(1) NOT NULL COMMENT '缓存状态(1正在缓存，2缓存完毕,3执行失败)',
  `user_no` bigint(20) DEFAULT NULL,
  PRIMARY KEY (`id`)
) ENGINE=InnoDB DEFAULT CHARSET=utf8 ROW_FORMAT=DYNAMIC COMMENT='专区';

-- ----------------------------
--  Records of `cache_log`
-- ----------------------------
BEGIN;
INSERT INTO `cache_log` VALUES ('006487a1-0ee6-4d7f-ae7e-f244431cbc0f', '2021-01-18 21:57:17', '2021-01-18 21:57:36', '0', '0', '2', null), ('0b820a96-7203-41d3-9cf4-3ab61ebc7944', '2020-07-20 20:20:58', '2020-07-20 20:20:59', '0', '0', '2', null), ('113fa630-104a-4775-a980-1a4c1585db27', '2020-07-20 20:23:15', '2020-07-20 20:23:28', '0', '0', '2', null), ('155c575e-8b7f-46ac-9053-f30504a18887', '2020-07-20 20:22:54', '2020-07-20 20:22:54', '0', '0', '2', null), ('1eecb64a-9f59-44fa-9bf5-1cd357cba948', '2020-07-21 09:45:02', '2020-07-21 09:45:02', '0', '0', '2', null), ('21468ebf-b8f6-4003-bfa9-018944191d57', '2020-07-20 20:18:03', '2020-07-20 20:18:21', '0', '0', '2', null), ('2a564029-1fb3-4414-8e5e-010124b78056', '2020-07-20 20:53:25', '2020-07-20 20:53:25', '0', '0', '2', null), ('35b25e88-fcf4-4967-8c92-13ab6f2c298d', '2021-01-17 20:37:57', '2021-01-17 20:37:57', '0', '0', '2', null), ('3903cebb-53d5-4718-9105-4bc88f0b8168', '2020-08-08 16:17:15', '2020-08-08 16:17:16', '0', '0', '2', null), ('3cad0469-127a-4d6b-b8ee-600d154bc3ca', '2020-07-20 19:43:19', '2020-07-20 19:43:19', '0', '0', '2', null), ('3ecc4b0c-3dec-493b-8400-35c2d955dbf4', '2021-01-17 20:23:07', '2021-01-17 20:23:07', '0', '0', '2', null), ('4a50200d-f88d-44bb-b033-11fc25fadb27', '2020-07-21 09:45:23', '2020-07-21 09:45:23', '0', '0', '2', null), ('4bd4f5da-6e2c-430b-aef8-70cbcc60c035', '2020-07-21 09:45:29', '2020-07-21 09:45:29', '0', '0', '2', null), ('4ebbd4de-fc66-4ed1-8579-ff6100442bc0', '2021-01-18 22:57:46', '2021-01-18 22:57:54', '0', '0', '2', null), ('5998b834-66b1-4637-b7ce-eba402325f38', '2020-07-20 20:52:20', '2020-07-20 20:52:21', '0', '0', '2', null), ('69417bd8-1dea-45b3-83d9-0fd5b30b4678', '2021-01-18 22:57:18', '2021-01-18 22:57:24', '0', '0', '2', null), ('6c21a569-a123-43a2-b6d0-93b691360129', '2020-07-20 20:52:09', '2020-07-20 20:52:12', '0', '0', '2', null), ('754e1145-8bcc-4605-b1a6-59668bec3a2d', '2020-07-21 09:45:03', '2020-07-21 09:45:03', '0', '0', '2', null), ('7704c7bf-085e-434c-b13f-d289b333617c', '2021-01-17 20:40:49', '2021-01-17 21:56:46', '0', '0', '2', null), ('8a938ce3-da29-4716-9b99-b5e4fd40ec46', '2020-07-20 20:51:10', '2020-07-20 20:51:15', '0', '0', '2', null), ('8dcded24-752d-4299-ba8e-1a43e3a047fd', '2020-07-21 09:44:37', '2020-07-21 09:44:38', '0', '0', '2', null), ('96ae2452-2263-4efc-a5b6-a95588aac317', '2020-07-21 09:45:03', '2020-07-21 09:45:04', '0', '0', '2', null), ('a97d06d3-895d-4489-add7-fa6c757d4167', '2021-01-17 20:39:26', '2021-01-17 20:39:26', '0', '0', '2', null), ('ac3bb41a-70da-4d68-ade8-fa3a6e30ef99', '2020-07-20 20:39:52', '2020-07-20 20:39:56', '0', '0', '2', null), ('af725e80-1c77-4f15-bb2c-d8a31b0cc036', '2020-07-20 20:26:19', '2020-07-20 20:27:21', '0', '0', '2', null), ('c55503f0-4e58-4f39-a801-d8a7d2064ba0', '2020-07-20 19:29:53', '2020-07-20 19:29:53', '0', '0', '2', null), ('d157c6b4-bc8a-4171-b4e6-161b8db85f9e', '2021-01-17 21:58:10', '2021-01-17 21:58:16', '0', '0', '2', null), ('d43b52a9-f0bf-4a1e-8b60-c2fae19f363c', '2020-07-21 09:44:34', '2020-07-21 09:44:34', '0', '0', '2', null), ('e6748f11-3bf0-476f-a94c-22f0d7e4d175', '2020-07-28 17:42:55', '2020-07-28 17:42:55', '0', '0', '2', null), ('f4ed5548-5106-4485-ba53-6137bfc4592e', '2020-07-21 09:44:36', '2020-07-21 09:44:37', '0', '0', '2', null), ('sadasdad', '2020-07-20 11:36:05', '2020-07-20 11:36:09', '1', '1', '2', '23123123123123');
COMMIT;

-- ----------------------------
--  Table structure for `chapter`
-- ----------------------------
DROP TABLE IF EXISTS `chapter`;
CREATE TABLE `chapter` (
  `id` varchar(36) NOT NULL COMMENT '主键',
  `create_time` datetime NOT NULL DEFAULT CURRENT_TIMESTAMP COMMENT '创建时间',
  `modified_time` datetime NOT NULL DEFAULT CURRENT_TIMESTAMP COMMENT '修改时间',
  `valid_value` tinyint(3) unsigned NOT NULL DEFAULT '1' COMMENT '状态(1:正常，0:禁用)',
  `sort` int(11) NOT NULL DEFAULT '1' COMMENT '排序',
  `course_id` varchar(36) NOT NULL DEFAULT '0' COMMENT '课程ID',
  `chapter_name` varchar(64) NOT NULL COMMENT '章节名称',
  `chapter_desc` varchar(255) DEFAULT NULL COMMENT '章节描述',
  `is_free` tinyint(3) unsigned NOT NULL DEFAULT '0' COMMENT '是否免费：1免费，0收费',
  `chapter_original` decimal(11,2) DEFAULT NULL COMMENT '原价',
  `chapter_discount` decimal(11,2) DEFAULT NULL COMMENT '优惠价',
  PRIMARY KEY (`id`)
) ENGINE=InnoDB DEFAULT CHARSET=utf8 ROW_FORMAT=DYNAMIC COMMENT='章节信息';

-- ----------------------------
--  Records of `chapter`
-- ----------------------------
BEGIN;
INSERT INTO `chapter` VALUES ('3065f198d2734a009d96dfdd3b8b5189', '2021-08-09 05:08:41', '2021-08-09 18:08:41', '0', '1', '1538cd6557b547e985879c1749c50a82', '测试课程', null, '0', null, null), ('6774f5c331e4452794d755d2d4f172e5', '2021-08-09 04:22:30', '2021-08-09 17:22:29', '0', '1', '039f99e1e4c64af69bfcc9318bb82939', '安装mysql', null, '0', null, null), ('8d5aa82fcaeb439cbf10bf11fe011fcb', '2021-07-03 16:41:58', '2021-07-03 16:43:08', '0', '1', 'f1c4b15a6d0e4b869483f4f8ad913c77', 'centos 7.6 64位系统更新', null, '0', null, null), ('c5c88406605f496182974e5c654093a2', '2021-08-09 04:54:41', '2021-08-09 17:54:40', '0', '1', '864c83bfaf054875817e1e144d195f50', '安装redis', null, '0', null, null), ('cd06ec60c0604bfa8eb46d83d0f3abb3', '2021-08-09 17:34:25', '2021-08-09 19:47:09', '0', '1', '507d6f34d9b544e3a0bbbad912cd3772', '安装java环境', null, '0', null, null);
COMMIT;

-- ----------------------------
--  Table structure for `chapter_apply`
-- ----------------------------
DROP TABLE IF EXISTS `chapter_apply`;
CREATE TABLE `chapter_apply` (
  `id` varchar(36) NOT NULL COMMENT '主键',
  `create_time` datetime NOT NULL DEFAULT CURRENT_TIMESTAMP COMMENT '创建时间',
  `modified_time` datetime NOT NULL DEFAULT CURRENT_TIMESTAMP COMMENT '修改时间',
  `valid_value` tinyint(3) unsigned NOT NULL DEFAULT '1' COMMENT '状态(1:正常，0:禁用)',
  `sort` int(11) NOT NULL DEFAULT '1' COMMENT '排序',
  `apply_status` int(11) DEFAULT NULL COMMENT '审核状态(0:待审核;1:审核通过;2:审核不通过)',
  `apply_result_desc` varchar(1024) DEFAULT NULL COMMENT '审核意见',
  `course_id` varchar(36) NOT NULL DEFAULT '0' COMMENT '课程ID',
  `chapter_name` varchar(64) NOT NULL COMMENT '章节名称',
  `chapter_desc` varchar(255) DEFAULT NULL COMMENT '章节描述',
  `is_free` tinyint(3) unsigned NOT NULL DEFAULT '0' COMMENT '是否免费：1免费，0收费',
  `chapter_original` decimal(11,2) DEFAULT NULL COMMENT '原价',
  `chapter_discount` decimal(11,2) DEFAULT NULL COMMENT '优惠价',
  PRIMARY KEY (`id`)
) ENGINE=InnoDB DEFAULT CHARSET=utf8 ROW_FORMAT=DYNAMIC COMMENT='章节信息-审核';

-- ----------------------------
--  Records of `chapter_apply`
-- ----------------------------
BEGIN;
INSERT INTO `chapter_apply` VALUES ('3065f198d2734a009d96dfdd3b8b5189', '2021-08-09 18:08:11', '2021-08-09 18:08:11', '0', '1', '0', null, '1538cd6557b547e985879c1749c50a82', '测试课程', null, '0', null, null), ('6774f5c331e4452794d755d2d4f172e5', '2021-08-09 17:16:45', '2021-08-09 17:18:24', '0', '1', '0', null, '039f99e1e4c64af69bfcc9318bb82939', '安装mysql', null, '0', null, null), ('8d5aa82fcaeb439cbf10bf11fe011fcb', '2021-07-03 16:41:58', '2021-07-03 16:43:01', '0', '1', '0', null, 'f1c4b15a6d0e4b869483f4f8ad913c77', 'centos 7.6 64位系统更新', null, '0', null, null), ('c5c88406605f496182974e5c654093a2', '2021-08-09 17:52:07', '2021-08-09 17:52:27', '0', '1', '0', null, '864c83bfaf054875817e1e144d195f50', '安装redis', null, '0', null, null), ('cd06ec60c0604bfa8eb46d83d0f3abb3', '2021-08-09 17:34:25', '2021-08-09 19:46:43', '0', '1', '0', null, '507d6f34d9b544e3a0bbbad912cd3772', '安装java环境', null, '0', null, null);
COMMIT;

-- ----------------------------
--  Table structure for `coupon`
-- ----------------------------
DROP TABLE IF EXISTS `coupon`;
CREATE TABLE `coupon` (
  `id` varchar(36) NOT NULL COMMENT '主键',
  `create_time` datetime NOT NULL DEFAULT CURRENT_TIMESTAMP COMMENT '创建时间',
  `modified_time` datetime NOT NULL DEFAULT CURRENT_TIMESTAMP COMMENT '修改时间',
  `valid_value` tinyint(3) unsigned NOT NULL DEFAULT '1' COMMENT '状态(1:正常，0:禁用)',
  `sort` int(11) unsigned NOT NULL DEFAULT '1' COMMENT '排序',
  `coupon_code` varchar(36) NOT NULL COMMENT '优惠券代码',
  `coupon_name` varchar(36) DEFAULT NULL COMMENT '优惠券名称',
  `coupon_amount` decimal(11,2) DEFAULT NULL COMMENT '优惠券金额',
  `is_limit_course` int(1) DEFAULT NULL COMMENT '使用课程限制，0不限制，1限制课程',
  `coupon_time_begin` datetime DEFAULT NULL COMMENT '有效期开始',
  `coupon_time_end` datetime DEFAULT NULL COMMENT '有效期结束',
  `coupon_assign_time_begin` datetime DEFAULT NULL COMMENT '可领取优惠券的开始时间',
  `coupon_assign_time_end` datetime DEFAULT NULL COMMENT '可领取优惠券的结束时间',
  `coupon_desc` varchar(200) DEFAULT NULL COMMENT '优惠券描述',
  PRIMARY KEY (`id`)
) ENGINE=InnoDB DEFAULT CHARSET=utf8 ROW_FORMAT=DYNAMIC COMMENT='优惠券';

-- ----------------------------
--  Records of `coupon`
-- ----------------------------
BEGIN;
INSERT INTO `coupon` VALUES ('00f586e41cd14032a77447a226809e9d', '2020-10-13 10:28:58', '2020-10-13 10:28:58', '1', '0', '2740ebb309e145c497daa89dae3d35a9', '11月30日狂欢节', '19.99', '0', '2020-10-30 00:00:00', '2020-10-31 00:00:00', '2020-10-13 00:00:00', '2020-10-14 00:00:00', '11月30日狂欢节'), ('06115ab98f104d2c8d3b87679ad4d088', '2020-10-12 20:48:51', '2020-10-12 20:48:51', '1', '0', '7ec96db44dff4572972d51c1e41e69ff', '1020-1026', '19.99', '0', '2020-10-20 00:00:00', '2020-10-26 00:00:00', '2020-10-12 00:00:00', '2020-10-13 00:00:00', '1020-1026狂欢节优惠'), ('062cdd2df4a14b038dfe41a4031b2c3f', '2020-10-08 22:59:09', '2020-10-08 22:59:09', '1', '0', '952bd8679aef4648a41c93a4323b8edc', '测试可领取', '19.99', '0', '2020-10-11 00:00:00', '2020-10-18 00:00:00', '2020-10-08 00:00:00', '2020-10-10 00:00:00', '10月11日到10月18日有效，限定8日到10日可以领取'), ('0ad476e038a04c3899aa1abfd793a8c3', '2021-03-27 22:32:59', '2021-03-27 22:32:59', '1', '0', 'a7009c96f51b46ed9f32a9fa249834c5', '31213', '0.04', '0', '2021-03-27 00:00:00', '2021-05-08 00:00:00', '2021-03-27 00:00:00', '2021-06-25 00:00:00', null), ('0cbb1c641a694ffc86fb9ffd2fa6d914', '2020-11-05 16:52:21', '2020-11-05 16:52:21', '1', '0', '2a7f744ea2384211990d9a740e670a08', '双12优惠券', '19.88', '0', '2020-12-08 00:00:00', '2020-12-14 00:00:00', '2020-11-03 00:00:00', '2020-11-30 00:00:00', null), ('14494491dbb4482383782656842617f3', '2021-03-13 13:41:21', '2021-03-13 13:41:21', '1', '0', 'e4b0e4b630db4669a593f3702829122b', '21212', '0.03', '0', '2021-03-13 00:00:00', '2021-03-31 00:00:00', '2021-03-13 00:00:00', '2021-03-30 00:00:00', '3242'), ('163b4cb9af074d48adad192bb0f9964d', '2021-03-27 22:32:31', '2021-03-27 22:32:31', '1', '0', '06f4e1e1f4b14843b43b9f14e33086a4', '3323', '0.03', '0', '2021-03-27 00:00:00', '2021-04-29 00:00:00', '2021-03-27 00:00:00', '2021-04-30 00:00:00', null), ('1955fdd3d4e841b8a085b851b2eda682', '2020-10-27 13:38:45', '2020-10-27 13:38:45', '1', '0', '3dfdfbac0d7d4cb98a57713259c81286', '测试下单课', '12.99', '1', '2020-10-01 00:00:00', '2020-11-07 00:00:00', '2020-10-01 00:00:00', '2020-11-07 00:00:00', null), ('20283c7023664b4db0bb9a293f7ab5d1', '2021-03-10 10:00:56', '2021-03-10 10:00:56', '1', '0', '690a54f42951444883db604dc32a45c0', '20200310优惠', '0.01', '0', '2021-03-10 00:00:00', '2021-03-31 00:00:00', '2021-03-10 00:00:00', '2021-03-30 00:00:00', '111'), ('2ae96b34759446b39bc8f818fecba452', '2020-10-13 14:12:24', '2020-10-13 14:12:24', '1', '0', '821a29e08bf24e21af95b9d301bce079', '1213', '12.99', '1', '2020-11-12 00:00:00', '2020-11-14 00:00:00', '2020-10-13 00:00:00', '2020-10-14 00:00:00', '5656'), ('318cadee15c84d268574ee9ee43c7edc', '2020-10-13 10:35:51', '2020-10-13 10:35:51', '1', '0', '0a81197f8b67471d8c52da4347b7ce7b', '11月11日优惠', '19.88', '0', '2020-11-11 00:00:00', '2020-11-12 00:00:00', '2020-10-13 00:00:00', '2020-10-15 00:00:00', '11月11日优惠'), ('348ee90bc3b94ba0849f4861323299ad', '2020-08-28 22:27:59', '2020-08-28 22:27:59', '1', '0', 'b6af3314bf6b4459a70b91ef4eefd457', 'dtest', '12.99', '0', '2020-08-04 00:00:00', '2020-08-31 00:00:00', null, null, '333'), ('3628ed666c234e2c9b511ae2774ca187', '2020-10-12 20:25:50', '2020-10-12 20:25:50', '1', '0', '2070c3a8c1a940609047654643d513ec', '1012优惠券', '18.99', '0', '2020-10-16 00:00:00', '2020-10-20 00:00:00', '2020-10-09 00:00:00', '2020-10-14 00:00:00', '1012'), ('3f64091d7d4c449ba7088d3bda155c55', '2021-03-27 22:33:25', '2021-03-27 22:33:25', '1', '0', 'ada0ade2c468403ab8d855b6df95d343', '12423', '0.02', '0', '2021-03-27 00:00:00', '2021-04-10 00:00:00', '2021-03-27 00:00:00', '2021-04-30 00:00:00', null), ('3feb694f6ad848ac94098db470bb9e03', '2020-10-28 09:44:03', '2020-10-28 09:44:03', '1', '0', '48d209f2b71e42b1ac7d2774869c8de2', '21', '0.10', '1', '2020-10-27 00:00:00', '2020-10-30 00:00:00', '2020-10-21 00:00:00', '2020-10-31 00:00:00', null), ('49566064ddf6432da5dcb3f7488ceef1', '2020-10-20 11:58:29', '2020-10-20 11:58:29', '1', '0', '898b28c6568945aaa7f4d0ea991aea9e', '在“硬件”方面，自2颠倒是非水电费水电费到对方的身份', '10.00', '0', '2020-10-13 00:00:00', '2020-10-30 00:00:00', '2020-10-14 00:00:00', '2020-10-29 00:00:00', null), ('4b4a0bf14e6b4bd0832c1fea9af39d3f', '2021-03-27 22:26:32', '2021-03-27 22:26:32', '1', '0', 'fc7caacf26a24ab2a18af0cf3139ca84', '0.01优惠', '0.01', '0', '2021-03-27 00:00:00', '2021-04-10 00:00:00', '2021-03-27 00:00:00', '2021-04-03 00:00:00', null), ('5272ff5428be479ea2a860c1efd3e564', '2020-08-29 11:52:48', '2020-08-29 11:52:48', '1', '0', '64c98ce61f3e4d4789da59169d513def', 'w138', '18.88', '1', '2020-08-04 00:00:00', '2020-09-02 00:00:00', null, null, 'w2'), ('624ef83b372c49b0a7111b84585d37d7', '2021-03-13 13:43:15', '2021-03-13 13:43:15', '1', '0', 'ee6a4ee2bfdc4ef898bf77dd26784a63', '333', '0.04', '0', '2021-03-13 00:00:00', '2021-03-31 00:00:00', '2021-03-13 00:00:00', '2021-03-31 00:00:00', '44'), ('65caefe7959743e29aca73570a17c874', '2020-10-13 10:27:06', '2020-10-13 10:27:06', '1', '0', 'bd345b626e4b45be98acf34526c84b3e', '2029', '18.00', '0', '2020-10-12 00:00:00', '2020-10-24 00:00:00', '2020-10-12 00:00:00', '2020-10-13 00:00:00', null), ('7411ae77a3614beabc9c8abed8facabb', '2020-10-13 14:09:00', '2020-10-13 14:09:00', '1', '0', 'd5d0995ce9b8478fab8623ba78759c2c', '1212限制', '18.88', '0', '2020-10-13 00:00:00', '2020-10-14 00:00:00', '2020-11-12 00:00:00', '2020-12-13 00:00:00', '1212限制'), ('8500e2d1394c4ed4ad9ae599e2aba1f4', '2021-02-03 19:46:33', '2021-02-03 19:46:33', '1', '0', '9d5e6b6f3c8d44328a75bffdef477b2a', '222', '2.00', '0', '2021-02-10 00:00:00', '2021-02-26 00:00:00', '2021-02-03 00:00:00', '2021-02-27 00:00:00', null), ('855a9e97a3404670aa9acf95aaa4ec45', '2020-11-05 16:54:05', '2020-11-05 16:54:05', '1', '0', '0f174bb7b8914e2e94c36fd69612c6b1', '2021元旦优惠券', '19.99', '0', '2020-12-30 00:00:00', '2021-01-06 00:00:00', '2020-11-03 00:00:00', '2020-12-31 00:00:00', null), ('9059e474ea8b43c1b1cfd62feeb9d331', '2020-10-29 23:24:00', '2020-10-29 23:24:00', '1', '0', 'da125f50430a4933801f0cf65c82c1e8', '1111', '0.04', '0', '2020-10-13 00:00:00', '2020-11-07 00:00:00', '2020-10-13 00:00:00', '2020-11-07 00:00:00', null), ('99371efe22704bf08b42d6e9b88b6bc7', '2021-03-27 22:32:04', '2021-03-27 22:32:04', '1', '0', 'cf91f42104744063ad656f0d78b6f7e0', '322', '0.03', '0', '2021-03-27 00:00:00', '2021-04-10 00:00:00', '2021-03-27 00:00:00', '2021-04-10 00:00:00', null), ('a8574894ff0744f7b1119f801a3be31a', '2020-10-28 09:53:46', '2020-10-28 09:53:46', '1', '0', '225812db6f0b4c659678b056dde4608a', '122', '0.10', '0', '2020-10-27 00:00:00', '2020-10-31 00:00:00', '2020-10-27 00:00:00', '2020-10-31 00:00:00', null), ('b32e47b435fa4afa96387ea67e39f2b5', '2021-03-27 22:33:58', '2021-03-27 22:33:58', '1', '0', '815ee89c364649aba3929d2744097f82', '32乔卫东', '0.02', '0', '2021-03-27 00:00:00', '2021-04-10 00:00:00', '2021-03-27 00:00:00', '2021-04-29 00:00:00', null), ('b97c7861582a4d8f9c56f2d3de887bd6', '2020-10-13 14:44:16', '2020-10-13 14:44:16', '1', '0', '81b17fc6904a46b885051b7f6195314a', '1016', '16.66', '1', '2020-10-13 00:00:00', '2020-10-16 00:00:00', '2020-10-13 00:00:00', '2020-10-14 00:00:00', null), ('bde152f8db7e4ec8a26f4e0f523b9b06', '2020-10-13 10:07:11', '2020-10-13 10:07:11', '1', '0', '4f64281365584b9ea9cdbe4727049f3b', '优惠20元', '20.00', '0', '2020-10-29 00:00:00', '2020-10-31 00:00:00', '2020-10-13 00:00:00', '2020-10-14 00:00:00', '优惠20元'), ('bfb17af6ac7543ec9fab852ec190de03', '2021-03-13 13:42:52', '2021-03-13 13:42:52', '1', '0', 'a9f48eac1e8b44eda921ad9a4b82f3ba', '333', '0.03', '0', '2021-03-13 00:00:00', '2021-03-31 00:00:00', '2021-03-13 00:00:00', '2021-03-31 00:00:00', '33'), ('ca2b1229d35c47b2b831612315079470', '2021-03-27 22:31:40', '2021-03-27 22:31:40', '1', '0', '06dffdae3f4542e596014e833ca42d6c', '22', '0.02', '0', '2021-03-27 00:00:00', '2021-04-02 00:00:00', '2021-03-27 00:00:00', '2021-03-29 00:00:00', null), ('f70da5652bc84470b85bea02657d422b', '2021-03-29 10:56:47', '2021-03-29 10:56:47', '1', '0', '337c0dcf17fc4fe79e7a90efb738cd4f', '2323', '0.02', '1', '2021-03-29 00:00:00', '2022-03-24 00:00:00', '2021-03-29 00:00:00', '2022-03-31 00:00:00', null), ('f8b76749995748a9844dd05c6b26829f', '2020-10-13 14:55:09', '2020-10-13 14:55:09', '1', '0', '29c67fc6563f4a59987bd8c49bb3b04f', '1010', '10.90', '1', '2020-10-12 00:00:00', '2020-10-13 00:00:00', '2020-10-13 00:00:00', '2020-10-14 00:00:00', null), ('f90481949d9e4abcb105a1da0a5f0fff', '2020-10-27 13:36:00', '2020-10-27 13:36:00', '1', '0', '04d3591aeeb94ab985620f652db6c4f7', '零基础三分钟制作小程序', '20.99', '1', '2020-10-08 00:00:00', '2020-11-07 00:00:00', '2020-10-01 00:00:00', '2020-11-07 00:00:00', null), ('fd5fcd0ce27b4480865054c2cb5dddfb', '2020-11-05 16:51:15', '2020-11-05 16:51:15', '1', '0', '70cadf92ad1e40168292aafb26675ccc', '双十一优惠券', '19.99', '0', '2020-11-09 00:00:00', '2020-11-12 00:00:00', '2020-11-03 00:00:00', '2020-11-11 00:00:00', null);
COMMIT;

-- ----------------------------
--  Table structure for `coupon_limit_course`
-- ----------------------------
DROP TABLE IF EXISTS `coupon_limit_course`;
CREATE TABLE `coupon_limit_course` (
  `id` varchar(36) NOT NULL COMMENT '主键',
  `create_time` datetime NOT NULL DEFAULT CURRENT_TIMESTAMP COMMENT '创建时间',
  `modified_time` datetime NOT NULL DEFAULT CURRENT_TIMESTAMP COMMENT '修改时间',
  `valid_value` tinyint(3) unsigned NOT NULL DEFAULT '1' COMMENT '状态(1:正常，0:禁用)',
  `sort` int(11) unsigned NOT NULL DEFAULT '1' COMMENT '排序',
  `coupon_id` varchar(36) NOT NULL COMMENT '优惠券ID',
  `course_id` varchar(36) NOT NULL COMMENT '课程ID',
  PRIMARY KEY (`id`)
) ENGINE=InnoDB DEFAULT CHARSET=utf8 ROW_FORMAT=DYNAMIC COMMENT='优惠券限制课程';

-- ----------------------------
--  Table structure for `coupon_user`
-- ----------------------------
DROP TABLE IF EXISTS `coupon_user`;
CREATE TABLE `coupon_user` (
  `id` varchar(36) NOT NULL COMMENT '主键',
  `create_time` datetime NOT NULL DEFAULT CURRENT_TIMESTAMP COMMENT '创建时间',
  `modified_time` datetime NOT NULL DEFAULT CURRENT_TIMESTAMP COMMENT '修改时间',
  `valid_value` tinyint(3) unsigned NOT NULL DEFAULT '1' COMMENT '状态(1:正常，0:禁用)',
  `sort` int(11) unsigned NOT NULL DEFAULT '1' COMMENT '排序',
  `coupon_id` varchar(36) NOT NULL COMMENT '优惠券ID',
  `bind_user_no` varchar(36) NOT NULL COMMENT '绑定的用户userNo',
  `is_used` int(11) DEFAULT NULL COMMENT '是否已经使用，0未使用，1已经使用',
  PRIMARY KEY (`id`),
  UNIQUE KEY `唯一` (`coupon_id`,`bind_user_no`)
) ENGINE=InnoDB DEFAULT CHARSET=utf8 ROW_FORMAT=DYNAMIC COMMENT='优惠券绑定用户';

-- ----------------------------
--  Records of `coupon_user`
-- ----------------------------
BEGIN;
INSERT INTO `coupon_user` VALUES ('0b69af5a-615c-42c8-a706-1a9223242dde', '2021-08-16 17:45:26', '2021-08-16 17:45:26', '1', '0', 'f70da5652bc84470b85bea02657d422b', '21060212272507456918048065577890', '0');
COMMIT;

-- ----------------------------
--  Table structure for `course`
-- ----------------------------
DROP TABLE IF EXISTS `course`;
CREATE TABLE `course` (
  `id` varchar(36) NOT NULL COMMENT '主键',
  `create_time` datetime NOT NULL DEFAULT CURRENT_TIMESTAMP COMMENT '创建时间',
  `modified_time` datetime NOT NULL DEFAULT CURRENT_TIMESTAMP COMMENT '修改时间',
  `valid_value` tinyint(3) unsigned NOT NULL DEFAULT '1' COMMENT '状态(1:正常，0:禁用)',
  `sort` int(11) NOT NULL DEFAULT '1' COMMENT '排序',
  `teacher_user_no` varchar(36) NOT NULL DEFAULT '0' COMMENT '讲师用户编码',
  `subject_id1` varchar(36) DEFAULT '0' COMMENT '一级分类ID',
  `subject_id2` varchar(36) DEFAULT '0' COMMENT '二级分类ID',
  `subject_id3` varchar(36) DEFAULT '0' COMMENT '三级分类ID',
  `course_name` varchar(255) NOT NULL DEFAULT '' COMMENT '课程名称',
  `course_logo` varchar(255) NOT NULL DEFAULT '' COMMENT '课程封面',
  `introduce_id` varchar(36) DEFAULT '0' COMMENT '课程介绍ID',
  `is_free` tinyint(3) NOT NULL DEFAULT '0' COMMENT '是否免费：1免费，0收费',
  `course_original` decimal(11,2) DEFAULT '0.00' COMMENT '原价',
  `course_discount` decimal(11,2) DEFAULT '0.00' COMMENT '优惠价',
  `is_putaway` tinyint(3) NOT NULL DEFAULT '1' COMMENT '是否上架(1:上架，0:下架)',
  `course_sort` int(11) NOT NULL DEFAULT '0' COMMENT '课程排序(前端显示使用)',
  `buy_count` int(11) NOT NULL DEFAULT '0' COMMENT '购买人数',
  `study_count` int(11) NOT NULL DEFAULT '0' COMMENT '学习人数',
  `lesson_total` int(11) NOT NULL DEFAULT '0' COMMENT '总课时数',
  `cost_time_type` tinyint(3) DEFAULT '0' COMMENT '计费类型，0代表长期，1按天，2按周(7天)，3按月(30天)，4按年(365天)',
  `course_type` tinyint(3) DEFAULT '0' COMMENT '课程类型，0点播，1直播，2点播+直播',
  PRIMARY KEY (`id`)
) ENGINE=InnoDB DEFAULT CHARSET=utf8 ROW_FORMAT=DYNAMIC COMMENT='课程信息';

-- ----------------------------
--  Records of `course`
-- ----------------------------
BEGIN;
INSERT INTO `course` VALUES ('039f99e1e4c64af69bfcc9318bb82939', '2021-08-09 04:22:30', '2021-08-09 04:22:30', '1', '0', '21060212272507456918048065577890', '15cb8409974d443f983a9fec572975a0', '0', '0', '安装mysql', 'https://atest888.oss-cn-hangzhou.aliyuncs.com/course/cb2ddf0031f641eeb4474001d998adfb.jpg', 'b7329419a7ea4cbbaf200c71bb806b39', '1', '0.00', '0.00', '1', '0', '9', '90', '0', '0', '0'), ('1538cd6557b547e985879c1749c50a82', '2021-08-09 05:08:41', '2021-08-09 05:08:41', '1', '0', '21060212272507456918048065577890', '15cb8409974d443f983a9fec572975a0', '0', '0', '测试课程', 'https://atest888.oss-cn-hangzhou.aliyuncs.com/course/2091f11f43e64cdabcd824fa89cb936b.jpg', 'b2c9df87d9b040f888c81f31f1054604', '0', '0.10', '0.10', '1', '0', '3', '19', '0', '0', '0'), ('507d6f34d9b544e3a0bbbad912cd3772', '2021-08-09 17:34:19', '2021-08-09 19:47:09', '1', '0', '21060212272507456918048065577890', '15cb8409974d443f983a9fec572975a0', '0', '0', '安装java环境', 'https://atest888.oss-cn-hangzhou.aliyuncs.com/course/33f6ea86e33c4130814bba6d29079cea.jpg', 'f567e55774e54587961ee08f0e7f14c7', '1', '0.00', '0.00', '1', '0', '2', '23', '0', '0', '0'), ('864c83bfaf054875817e1e144d195f50', '2021-08-09 04:54:41', '2021-08-09 04:54:41', '1', '0', '21060212272507456918048065577890', '15cb8409974d443f983a9fec572975a0', '0', '0', '安装redis', 'https://atest888.oss-cn-hangzhou.aliyuncs.com/course/0743e1a6b3b84a40ba194ee5ecfe95f6.jpg', '62afed32a52e4d269e84d90c028a5e79', '1', '0.00', '0.00', '1', '0', '3', '35', '0', '0', '0'), ('f1c4b15a6d0e4b869483f4f8ad913c77', '2021-07-03 16:41:39', '2021-07-03 16:43:08', '1', '0', '21060212272507456918048065577890', '15cb8409974d443f983a9fec572975a0', '0', '0', 'centos 7.6 64位系统更新', 'https://atest888.oss-cn-hangzhou.aliyuncs.com/course/85c60624a30745bbb4eb046a4c927608.jpg', 'c729ce33c396438797da7521552f3228', '1', '0.00', '0.00', '1', '0', '0', '128', '0', '0', '0');
COMMIT;

-- ----------------------------
--  Table structure for `course_apply`
-- ----------------------------
DROP TABLE IF EXISTS `course_apply`;
CREATE TABLE `course_apply` (
  `id` varchar(36) NOT NULL COMMENT '主键',
  `create_time` datetime NOT NULL DEFAULT CURRENT_TIMESTAMP COMMENT '创建时间',
  `modified_time` datetime NOT NULL DEFAULT CURRENT_TIMESTAMP COMMENT '修改时间',
  `valid_value` tinyint(3) unsigned NOT NULL DEFAULT '1' COMMENT '状态(1:正常，0:禁用)',
  `sort` int(11) NOT NULL DEFAULT '1' COMMENT '排序',
  `apply_status` int(11) NOT NULL DEFAULT '0' COMMENT '审核状态(0:待审核,1:审核通过,2:审核不通过)',
  `apply_result_desc` varchar(1024) DEFAULT NULL COMMENT '审核意见',
  `teacher_user_no` varchar(36) NOT NULL DEFAULT '0' COMMENT '讲师用户编码',
  `subject_id1` varchar(36) DEFAULT '0' COMMENT '一级分类ID',
  `subject_id2` varchar(36) DEFAULT '0' COMMENT '二级分类ID',
  `subject_id3` varchar(36) DEFAULT '0' COMMENT '三级分类ID',
  `course_name` varchar(255) NOT NULL DEFAULT '' COMMENT '课程名称',
  `course_logo` varchar(255) NOT NULL DEFAULT '' COMMENT '课程封面',
  `introduce_id` varchar(36) DEFAULT '0' COMMENT '课程介绍ID',
  `is_free` tinyint(3) NOT NULL DEFAULT '0' COMMENT '是否免费：1免费，0收费',
  `course_original` decimal(11,2) DEFAULT '0.00' COMMENT '原价',
  `course_discount` decimal(11,2) DEFAULT '0.00' COMMENT '优惠价',
  `is_putaway` tinyint(3) NOT NULL DEFAULT '1' COMMENT '是否上架(1:上架，0:下架)',
  `cost_time_type` tinyint(3) DEFAULT '0' COMMENT '计费类型，0代表长期，1按天，2按周(7天)，3按月(30天)，4按年(365天)',
  `course_type` tinyint(3) DEFAULT '0' COMMENT '课程类型，0点播，1直播，2点播+直播',
  `study_count` int(11) DEFAULT '0' COMMENT '学习人数',
  `buy_count` int(11) DEFAULT '0' COMMENT '初始化购买人数',
  PRIMARY KEY (`id`)
) ENGINE=InnoDB DEFAULT CHARSET=utf8 ROW_FORMAT=DYNAMIC COMMENT='课程信息-审核';

-- ----------------------------
--  Records of `course_apply`
-- ----------------------------
BEGIN;
INSERT INTO `course_apply` VALUES ('039f99e1e4c64af69bfcc9318bb82939', '2021-08-09 17:16:37', '2021-08-09 04:22:30', '1', '0', '1', null, '21060212272507456918048065577890', '15cb8409974d443f983a9fec572975a0', '0', '0', '安装mysql', 'https://atest888.oss-cn-hangzhou.aliyuncs.com/course/cb2ddf0031f641eeb4474001d998adfb.jpg', 'b7329419a7ea4cbbaf200c71bb806b39', '1', '0.00', '0.00', '1', '0', '0', '90', '9'), ('1538cd6557b547e985879c1749c50a82', '2021-08-09 18:08:05', '2021-08-09 05:08:41', '1', '0', '1', null, '21060212272507456918048065577890', '15cb8409974d443f983a9fec572975a0', '0', '0', '测试课程', 'https://atest888.oss-cn-hangzhou.aliyuncs.com/course/2091f11f43e64cdabcd824fa89cb936b.jpg', 'b2c9df87d9b040f888c81f31f1054604', '0', '0.10', '0.10', '1', '0', '0', '19', '3'), ('507d6f34d9b544e3a0bbbad912cd3772', '2021-08-09 17:34:19', '2021-08-09 06:47:09', '1', '0', '1', null, '21060212272507456918048065577890', '15cb8409974d443f983a9fec572975a0', '0', '0', '安装java环境', 'https://atest888.oss-cn-hangzhou.aliyuncs.com/course/33f6ea86e33c4130814bba6d29079cea.jpg', 'f567e55774e54587961ee08f0e7f14c7', '1', '0.00', '0.00', '1', '0', '0', '23', '2'), ('864c83bfaf054875817e1e144d195f50', '2021-08-09 17:52:01', '2021-08-09 04:54:41', '1', '0', '1', null, '21060212272507456918048065577890', '15cb8409974d443f983a9fec572975a0', '0', '0', '安装redis', 'https://atest888.oss-cn-hangzhou.aliyuncs.com/course/0743e1a6b3b84a40ba194ee5ecfe95f6.jpg', '62afed32a52e4d269e84d90c028a5e79', '1', '0.00', '0.00', '1', '0', '0', '35', '3'), ('f1c4b15a6d0e4b869483f4f8ad913c77', '2021-07-03 16:41:39', '2021-07-03 03:43:08', '1', '0', '1', null, '21060212272507456918048065577890', '15cb8409974d443f983a9fec572975a0', '0', '0', 'centos 7.6 64位系统更新', 'https://atest888.oss-cn-hangzhou.aliyuncs.com/course/85c60624a30745bbb4eb046a4c927608.jpg', 'c729ce33c396438797da7521552f3228', '1', '0.00', '0.00', '1', '0', '0', '128', '0');
COMMIT;

-- ----------------------------
--  Table structure for `course_introduce`
-- ----------------------------
DROP TABLE IF EXISTS `course_introduce`;
CREATE TABLE `course_introduce` (
  `id` varchar(36) NOT NULL COMMENT '主键',
  `create_time` datetime NOT NULL DEFAULT CURRENT_TIMESTAMP COMMENT '创建时间',
  `modified_time` datetime NOT NULL DEFAULT CURRENT_TIMESTAMP COMMENT '修改时间',
  `introduce` longtext NOT NULL COMMENT '课程简介',
  PRIMARY KEY (`id`)
) ENGINE=InnoDB DEFAULT CHARSET=utf8 ROW_FORMAT=DYNAMIC COMMENT='课程介绍信息';

-- ----------------------------
--  Records of `course_introduce`
-- ----------------------------
BEGIN;
INSERT INTO `course_introduce` VALUES ('086fd95d61784d5a8e64c2087006d1b6', '2020-08-07 10:24:42', '2020-08-07 10:24:42', '<p>sdfsdfsdfdsf</p>'), ('1080731530578038786', '2019-01-03 15:44:08', '2019-01-03 15:44:08', '<p>本课程主要讲解使用微信小程序第三方制作平台零基础制作微信小程序，适合不懂编程的代码小白，简单易懂，轻松上手。&nbsp;&nbsp;<br></p>'), ('1080740234497036290', '2019-01-03 16:18:44', '2019-01-03 16:18:44', '<p>本课程将借助第三方小程序制作工具即速应用，带你快速制作小程序。&nbsp;&nbsp;<br></p>'), ('1080743050775040002', '2019-01-03 16:29:55', '2019-01-03 16:29:55', '<p>餐饮、电商、健身、教育等行业拥抱 小程序+&nbsp;&nbsp;<br></p>'), ('1080745129442742273', '2019-01-03 16:38:11', '2019-01-03 16:38:11', '<p><b>github:</b>https://github.com/binlian/binglian-blog</p><p><br></p><p><b>适合人群</b></p><p>如果你是在校大学生，想积累实战项目经验，或想完成一份让人刮目相看的毕业设计，那这门课非常适合你，本课程也特别适合在中小型互联网企业工作面试中提到项目经验</p><p>整合多个技术点，代码手把手教学，一步一步实现博客的各个功能，实现完整前后端的企业级Java项目。</p><p><b>开发环境&nbsp;</b><br></p><p>核心框架:Spring freemarker+Springboot<br></p><p>JDK：jdk1.8</p><p>数据库：MySQL</p><p>前端框架：Bootstrap + Jquery+ajax&nbsp;<br></p><p>IDE:STS、eclipse、Idea均可</p><p>开发环境：win、mac、linux均可</p><p>Maven：3</p>'), ('1080747476319408130', '2019-01-03 16:47:30', '2019-01-03 16:47:30', '<p><br></p>'), ('1080748086527725569', '2019-01-03 16:49:56', '2019-01-03 16:49:56', '<p>房价飞涨，年轻的我们刚毕业走出校门，又遇到令人喘不过气的房价！处于尴尬时期的我们，只能望楼兴叹，但是除此之外我们还可以房价分析！利用科学的技术手段，洞察房价的趋势！我们不买房，不炒房，但可以做到心中有个底！</p><p>这份课程中会使用到Python3来实现。包括用Python中的request库发起网络请求，使用Python库Beautifulsoup实现网页的解析，使用Python库Pandas实现数据的处理，例如数据的拆分，补全，格式化等操作。使用Python机器学习库scikit-learn对爬取的房价数据进行预测。通过本课程的学习，你可以掌握request库，python中的数据处理库Pandas及Python中的机器学习库scikit-learn，助你技术生涯不断进步和突破。</p><p>如果对Python、大数据感兴趣的同学可以观看由我录制的</p><p><br></p>'), ('1080748800733810689', '2019-01-03 16:52:46', '2019-01-03 16:52:46', '<p><br></p>'), ('1080749913470078978', '2019-01-03 16:57:11', '2019-01-03 16:57:11', '<p><br></p><p></p><p>Concodion是一个非常好的功能测试，BDD测试框架，可以将开发人员从烦躁的测试文档编写中解脱出来，所谓测试即文档，完成正确的测试就能帮你生成正确的文档</p><p>他的官方网站是：http://concordion.org/</p><p>课程将包含如下内容：</p><p>1. Concordion Introducing</p><p>2. Concordion environment setup</p><p>3. Concordion quick start</p><p>4. Concordion Command</p><p>5. Concordion Assert</p><p>6. Concordion Execute</p><p>7. Concordion tables</p><p>8. Concordion return Value</p><p>9. Concordion return MultiValueResult</p>'), ('1080750873948917762', '2019-01-03 17:01:00', '2019-01-03 17:01:00', '<p><br><br>注册成为会员 就这么简单看下面步骤就能完成最主流的zabbix的监控对接<br><br>1)在监控狗API用户中心获取token 设置接收电话以及告警策略<br><br>2)配置zabbix，新增使用电话告警发送告警信息配置。（需要去监控狗API官网下载一个脚本 具体实现过程视频就讲到<br><br>3)选择监控trigger，配置其action为使用电话告警发送信息。<br><br>4)触发trigger，电话 接收告警！<br><br>备注：其实整个过程跟 设置邮件报警大同小异&nbsp;&nbsp;<br></p>'), ('1080751684951150593', '2019-01-03 17:04:14', '2019-01-03 17:04:14', '<p><a href=\"http://www.roncoo.com/article/detail/127886\">Dubbo</a>&nbsp;（<a href=\"https://github.com/alibaba/dubbo\">https://github.com/alibaba/dubbo</a>）是阿里巴巴开源的分布式服务化治理框架（<a href=\"http://www.roncoo.com/course/view/cc8fbd6749f94f2fa015641ef96b9460\">微服务框架</a>），久经阿里巴巴电商平台的大规模复杂业务的高并发考验，到目前为止Dubbo仍然是开源界中体系最完善的服务化治理框架，因此Dubbo被国内大量的的互联网公司和专统企业使用，国内使用Dubbo的企业有：阿里巴巴、京东、当当、携程、去哪儿、搜狐、南方航空、中软国际、软通动力、各大电信运营商等</p><p><img alt=\"\" src=\"http://static.roncoo.com/lecturer/22bf8b231f524890a3e41ae9343f4030.jpg\">&nbsp;<img alt=\"\" src=\"http://static.roncoo.com/lecturer/9a99e300241248eb977a8b5dab816bf4.png\"><img alt=\"\" src=\"http://static.roncoo.com/lecturer/1c940a230a3e4582b2dc32ed09eccfb9.gif\"><img alt=\"\" src=\"http://static.roncoo.com/lecturer/8b04eaa57d4140b18fb92782aae30b2f.png\"><img alt=\"\" src=\"http://static.roncoo.com/lecturer/68eede73b2dc40cd9db7c082b8f5f1ad.png\"><img alt=\"\" src=\"http://static.roncoo.com/lecturer/86ae72864d8741a1a8dae86dd257f3dc.png\"><img alt=\"\" src=\"http://static.roncoo.com/lecturer/584e09b056174e8d849673cfe0bade63.png\"><img alt=\"\" src=\"http://static.roncoo.com/lecturer/77cda0a7e8c24f428d680e89721dc646.jpg\"><img alt=\"\" src=\"http://static.roncoo.com/lecturer/3073911c25bf499ba472be15c35c2953.jpg\"></p><p><br></p><p>京东、当当、去哪儿等企业还组建了自己的中间件团队按自己的业务需求对Dubbo进行框架定制，目前当当网已开源了自己的Dubbo定制版Dubbox ：<a href=\"http://www.oschina.net/p/dubbox\">http://www.oschina.net/p/dubbox</a></p><p>当当对Dubbo的评价：<strong>Dubbo是一个被国内很多互联网公司广泛使用的开源分布式服务框架，即使从国际视野来看应该也是一个非常全面的SOA基础框架。</strong>作为一个重要的技术研究课题，在当当网我们根据自身的需求，为Dubbo实现了一些新的功能，并将其命名为Dubbox（即Dubbo eXtensions）。</p><p><br></p><p><img alt=\"\" src=\"http://static.roncoo.com/lecturer/f08be4b96e064808b83e5e5129685efa.jpg\"></p><p><img alt=\"\" src=\"http://static.roncoo.com/lecturer/28b46ca3950a493181a0b2799baca214.jpg\"></p>'), ('1080752794281644033', '2019-01-03 17:08:38', '2019-01-03 17:08:38', '<p><a href=\"http://www.roncoo.com/article/detail/124661\">Spring</a>&nbsp;也表示是一个开源框架，是为了解决企业应用程序开发复杂性由Rod Johnson创建的。框架的主要优势之一就是其分层架构，分层架构允许您选择使用哪一个组件，同时为 J2EE 应用程序开发提供集成的框架。Spring的用途不仅限于服务器端的开发。从简单性、可测试性和松耦合的角度而言，任何<a href=\"http://www.roncoo.com/article/detail/128365\">Java</a>应用都可以从Spring中受益。&nbsp;&nbsp;<br></p>'), ('1080753909626769409', '2019-01-03 17:13:04', '2019-01-03 17:13:04', '<p><a href=\"http://www.roncoo.com/course/view/c99516ea604d4053908c1768d6deee3d\">Spring Boot</a>是由Pivotal团队提供的全新框架，其设计目的是用来简化新<a href=\"http://www.roncoo.com/course/view/ec26aa06aa8d4ff6b75ef5ee7b67d06d\">Spring</a>应用的初始搭建以及开发过程。该框架使用了特定的方式来进行配置，从而使开发人员不再需要定义样板化的配置。通过这种方式，Boot致力于在蓬勃发展的快速应用开发领域（rapid application development）成为领导者。</p><p><br></p><p>本课程属于Spring Boot教程全集里面的一部分，最佳入门教程！</p><p><br></p><p>教程由浅入深，一步一步学习Spring Boot，最后学到的不单单是基础！</p><p><br></p><p><br></p><p>注：本课程属于Spring Boot教程全集里面的一部分！</p><p><br></p><p><br></p>'), ('1080755660404756482', '2019-01-03 17:20:01', '2019-01-03 17:20:01', '<p>2017年微信小程序课程全新上线，全网首家小程序运营推广教学！</p><p><br></p><p>小程序到底是什么？在风口下为什么大家都选择小程序？小程序的发展前景怎么样？小程序比起APP和公众号优势在哪里？没接触过代码怎么做出一个精美的小程序？社区、电商平台怎么搭建？ 13年前的淘宝，7年前的微博，4年前的微信公众号。风口来临时你是否抓住机会？2017年小程序来势汹汹，站在未来3年各行业的千亿级风口处，各方暗潮涌动，你制作小程序了吗？</p><p><br></p><p>这套课程，就是为不懂编程代码、但又希望能亲自开发微信小程序的学员们量身打造的。<strong>设计、制作、上传、运营、推广……</strong>所有小程序知识要点分7大章节全面梳理，专业讲师细致讲解，丰富案例深入剖析，让学员无需编程基础也可以轻松上手小程序！</p><p><br></p><p><strong>温馨提示：本视频内容使用组件拖拽式，零代码生成微信小程序，</strong><strong>并非编程开发教学视频。</strong></p><p><strong><br></strong></p><p><strong>如有疑问请联系学院客服。</strong></p>'), ('1080756535550480385', '2019-01-03 17:23:30', '2019-01-03 17:23:30', '<p><br></p>'), ('1080757024128176129', '2019-01-03 17:25:27', '2019-01-03 17:25:27', '<p>1 、讲解web常用的漏洞有那些，攻击者怎么样获取到漏洞，应该怎样进行防御&nbsp;<br><br>2 、解析防护脚本&nbsp;<br><br>3 、实战进行 扫描防护 &nbsp;sql注入防护&nbsp;&nbsp;&nbsp;<br></p>'), ('1080757537691340802', '2019-01-03 17:27:29', '2019-01-03 17:27:29', '<p>全网独家第一套深入浅出讲解Hystrix高可用技术框架的项目实战视频课程！</p><p><br></p><p><br></p><p>高可用相关的技术以及架构，对于大型复杂的分布式系统，是非常重要的。而<a href=\"http://www.roncoo.com/course/view/85d6008fe77c4199b0cdd2885eaeee53\">高可用架构</a>中，非常重要的一个环节，就是如何将分布式系统中的各个服务打造成高可用的服务，从而足以应对分布式系统环境中的各种各样的问题，比如服务间的调用超时，或者服务间的调用失败，避免整个分布式系统被某个服务的故障给拖垮。而要解决这些棘手的分布式系统可用性问题，就涉及到了高可用分布式系统中的很多重要的技术，包括资源隔离，限流与过载保护，熔断，优雅降级，容错，超时控制，监控运维，等等。而行业中大部分的朋友，对高可用系统架构以及相关的技术并没有太多的了解，这也成为了你设计一个复杂的高可用系统架构，或者面试高阶Java职位时的一个重要阻碍。</p><p><br></p><p><br></p><p>在行业中，实现高可用架构的非常流行和重要的框架就是Hystrix，是国外知名的视频网站Netflix所开源的。Hystrix能够完美的解决分布式系统架构中，打造高可用服务面临的一系列技术难题，包括资源隔离，限流与过载保护，熔断，优雅降级，容错，超时控制，监控运维等等。</p><p><br></p><p><br></p><p>本课程是一套基于Hystrix技术的高可用架构的项目实战课程，用每日上亿流量的大型电商网站中的商品详情页系统中的缓存服务，作为项目实战。基于Hystrix高可用技术框架，讲解了在缓存服务所处的复杂分布式环境中，如何将缓存服务本身设计成一个高可用的服务。进而让大家学习到，在分布式系统中如何将每个服务设计成一个高可用的服务，以及其中涉及的一系列通用的技术架构以及解决方案。在学习完本套课程之后，相信各位同学能够对Hystrix高可用技术掌握到一定的程度，进而掌握高可用的分布式系统架构设计的核心技术。进而形成自己的职场技术竞争力，为自己增加技术亮点，为自己找到职场发展中一个更好的职位和机会提供帮助。同时也能帮助自己在工作中，开发实际的分布式系统架构或项目时，将每个服务都打造成真正高可用的服务，让你负责的项目更加的稳定，进而保障公司的利益。</p><p><br></p><p>精品课程推荐</p><p><br></p><p><br></p><p><a href=\"http://www.roncoo.com/course/view/af7d501667fe4a19a60e9467e6d2b3d9\">《亿级流量电商详情页系统的大型高并发与高可用缓存架构实战》</a></p><p>本课程属于全网独家的大型Java高端架构项目实战课程，整套课程分为123讲，纯项目实战驱动，讲解最顶尖的缓存架构。</p><p><br></p><p><br></p>'), ('1080758482454122498', '2019-01-03 17:31:14', '2019-01-03 17:31:14', '<p><br></p>'), ('1080759102695215105', '2019-01-03 17:33:42', '2019-01-03 17:33:42', '<p><br></p>'), ('1080759557651369985', '2019-01-03 17:35:31', '2019-01-03 17:35:31', '<p><br></p>'), ('1085453180192059393', '2019-01-16 16:26:18', '2019-01-16 16:26:18', '<p>222</p>'), ('1228309543222628354', '2020-02-14 21:26:30', '2020-02-14 21:26:30', '<p>test2aaa</p>'), ('1229326695950045185', '2020-02-17 16:48:18', '2020-02-17 16:48:18', '<p>test23</p>'), ('1229372579018559489', '2020-02-17 19:50:38', '2020-02-17 19:50:38', '<p><br></p>'), ('1232249369974054913', '2020-02-25 18:21:58', '2020-02-25 18:21:58', '<p><br></p>'), ('1238070211647672322', '2020-03-12 19:51:55', '2020-03-12 19:51:55', '<p><br></p>'), ('26d83d8ea06441259a675089e7a35299', '2020-09-09 10:38:37', '2020-09-09 10:38:37', '<p><br></p>'), ('47794f5408d9441796764d9608bc9940', '2020-08-08 16:26:56', '2020-08-08 16:26:56', '<p>123123666</p>'), ('4878cb8c7ea6479cb6b01ae5b2d83adb', '2020-08-07 19:39:55', '2020-08-07 19:39:55', '<p>sdfdsf</p>'), ('4ec1dcc34e6e4798bc8fa842e8fdaa48', '2020-09-09 10:45:04', '2020-09-09 10:45:04', '<p><br></p>'), ('50f512136db74502990034b04a7f3c9c', '2021-03-23 14:59:57', '2021-03-23 14:59:57', '<p>dsfs</p>'), ('569ad638c4b446b8af6cbb1d7e3a548f', '2020-08-07 11:18:54', '2020-08-07 11:18:54', '<p>dsfdsfsd</p>'), ('62afed32a52e4d269e84d90c028a5e79', '2021-08-09 17:52:01', '2021-08-09 17:52:01', '<p>安装redis</p>'), ('665cf35d96a04bf4ad2bc5d1ddadc979', '2020-09-10 18:08:33', '2020-09-10 18:08:33', '<p><br></p>'), ('838a1371e0ba44058e4bbed968263c50', '2020-09-25 19:39:18', '2020-09-25 19:39:18', '<p>请问请问</p>'), ('8c32fb8b9c3d4d748a669098251c22df', '2020-09-09 10:45:04', '2020-09-09 10:45:04', '<p><br></p>'), ('8de379fc0da14b09a3872935388f3b25', '2020-09-09 10:59:30', '2020-09-09 10:59:30', '<p><br></p>'), ('93bb5984095247aa96e3f938d2b45e87', '2020-09-09 10:10:14', '2020-09-09 10:10:14', '<p>66665</p>'), ('9c06e8ea46824db5aec85856c6b7644a', '2020-09-11 13:34:02', '2020-09-11 13:34:02', '<p>234234</p>'), ('b00268b06b0d410eb881a0e9874470a1', '2020-09-14 19:08:22', '2020-09-14 19:08:22', '<p><br></p>'), ('b2c9df87d9b040f888c81f31f1054604', '2021-08-09 18:08:05', '2021-08-09 18:08:05', '<p>测试课程</p>'), ('b7329419a7ea4cbbaf200c71bb806b39', '2021-08-09 17:16:37', '2021-08-09 17:16:37', '<p>安装mysql</p>'), ('c357de570e5c48f5b1a0bc15ccbd6007', '2020-09-09 10:06:22', '2020-09-09 10:06:22', '<p>555566</p>'), ('c729ce33c396438797da7521552f3228', '2021-07-03 16:41:39', '2021-07-03 16:41:39', '<p>centos 7.6 64位系统更新</p>'), ('e85b5e7097754665ae90b8bc175733a7', '2020-09-09 10:59:30', '2020-09-09 10:59:30', '<p><br></p>'), ('f370763b23f94c2aafc0f436262a662e', '2020-09-09 10:38:55', '2020-09-09 10:38:55', '<p>77778889999</p>'), ('f567e55774e54587961ee08f0e7f14c7', '2021-08-09 17:34:19', '2021-08-09 17:34:19', '<p>安装java环境<br></p>'), ('f9256b1123084eca9edc0556f9a34a28', '2020-08-07 19:45:04', '2020-08-07 19:45:04', '<p>234</p>'), ('f9732295c8674e0f98ab0abddc09d77c', '2020-08-09 14:58:35', '2020-08-09 14:58:35', '<p>dfsdfs</p>');
COMMIT;

-- ----------------------------
--  Table structure for `course_introduce_apply`
-- ----------------------------
DROP TABLE IF EXISTS `course_introduce_apply`;
CREATE TABLE `course_introduce_apply` (
  `id` varchar(36) NOT NULL COMMENT '主键',
  `create_time` datetime NOT NULL DEFAULT CURRENT_TIMESTAMP COMMENT '创建时间',
  `modified_time` datetime NOT NULL DEFAULT CURRENT_TIMESTAMP COMMENT '修改时间',
  `introduce` longtext NOT NULL COMMENT '课程简介',
  PRIMARY KEY (`id`)
) ENGINE=InnoDB DEFAULT CHARSET=utf8 ROW_FORMAT=DYNAMIC COMMENT='课程介绍信息-审核';

-- ----------------------------
--  Records of `course_introduce_apply`
-- ----------------------------
BEGIN;
INSERT INTO `course_introduce_apply` VALUES ('086fd95d61784d5a8e64c2087006d1b6', '2020-08-07 10:24:42', '2020-08-07 10:24:42', '<p><br></p>'), ('1080731530578038786', '2019-01-03 15:44:08', '2019-01-03 15:44:08', '<p><br></p>'), ('1080740234497036290', '2019-01-03 16:18:44', '2019-01-03 16:18:44', '<p><br></p>'), ('1080743050775040002', '2019-01-03 16:29:55', '2019-01-03 16:29:55', '<p><br></p>'), ('1080745129442742273', '2019-01-03 16:38:11', '2019-01-03 16:38:11', '<p><br></p>'), ('1080747476319408130', '2019-01-03 16:47:30', '2019-01-03 16:47:30', '<p><br></p>'), ('1080748086527725569', '2019-01-03 16:49:56', '2019-01-03 16:49:56', '<p><br></p>'), ('1080748800733810689', '2019-01-03 16:52:46', '2019-01-03 16:52:46', '<p><br></p>'), ('1080749913470078978', '2019-01-03 16:57:11', '2019-01-03 16:57:11', '<p><br></p>'), ('1080750873948917762', '2019-01-03 17:01:00', '2019-01-03 17:01:00', '<p><br></p>'), ('1080751684951150593', '2019-01-03 17:04:14', '2019-01-03 17:04:14', '<p><br></p>'), ('1080752794281644033', '2019-01-03 17:08:38', '2019-01-03 17:08:38', '<p><br></p>'), ('1080753909626769409', '2019-01-03 17:13:04', '2019-01-03 17:13:04', '<p><br></p>'), ('1080755660404756482', '2019-01-03 17:20:01', '2019-01-03 17:20:01', '<p><br></p>'), ('1080756535550480385', '2019-01-03 17:23:30', '2019-01-03 17:23:30', '<p><br></p>'), ('1080757024128176129', '2019-01-03 17:25:27', '2019-01-03 17:25:27', '<p><br></p>'), ('1080757537691340802', '2019-01-03 17:27:29', '2019-01-03 17:27:29', '<p><br></p>'), ('1080758482454122498', '2019-01-03 17:31:14', '2019-01-03 17:31:14', '<p><br></p>'), ('1080759102695215105', '2019-01-03 17:33:42', '2019-01-03 17:33:42', '<p><br></p>'), ('1080759557651369985', '2019-01-03 17:35:31', '2019-01-03 17:35:31', '<p><br></p>'), ('1085453180192059393', '2019-01-16 16:26:18', '2019-01-16 16:26:18', '<p>222</p>'), ('1228309543222628354', '2020-02-14 21:26:30', '2020-02-14 21:26:30', '<p><br></p>'), ('1229326695950045185', '2020-02-17 16:48:18', '2020-02-17 16:48:18', '<p><br></p>'), ('1229353694177382402', '2020-02-17 18:35:35', '2020-02-17 18:35:35', '<p>sdfs</p>'), ('1229353839430324225', '2020-02-17 18:36:10', '2020-02-17 18:36:10', '<p>233432</p>'), ('1229372579018559489', '2020-02-17 19:50:38', '2020-02-17 19:50:38', '<p><br></p>'), ('1232249369974054913', '2020-02-25 18:21:58', '2020-02-25 18:21:58', '<p><br></p>'), ('1238070211647672322', '2020-03-12 19:51:55', '2020-03-12 19:51:55', '<p><br></p>'), ('26d83d8ea06441259a675089e7a35299', '2020-09-09 10:38:37', '2020-09-09 10:38:37', '<p><br></p>'), ('47794f5408d9441796764d9608bc9940', '2020-08-08 16:26:56', '2020-08-08 16:26:56', '<p>123123666</p>'), ('4878cb8c7ea6479cb6b01ae5b2d83adb', '2020-08-07 19:39:55', '2020-08-07 19:39:55', '<p><br></p>'), ('4ec1dcc34e6e4798bc8fa842e8fdaa48', '2020-09-09 10:45:04', '2020-09-09 10:45:04', '<p><br></p>'), ('50f512136db74502990034b04a7f3c9c', '2021-03-23 14:59:57', '2021-03-23 14:59:57', '<p>dsfs</p>'), ('569ad638c4b446b8af6cbb1d7e3a548f', '2020-08-07 11:18:54', '2020-08-07 11:18:54', '<p><br></p>'), ('62afed32a52e4d269e84d90c028a5e79', '2021-08-09 17:52:01', '2021-08-09 17:52:01', '<p>安装redis</p>'), ('665cf35d96a04bf4ad2bc5d1ddadc979', '2020-09-10 18:08:33', '2020-09-10 18:08:33', '<p><br></p>'), ('838a1371e0ba44058e4bbed968263c50', '2020-09-25 19:39:18', '2020-09-25 19:39:18', '<p>请问请问</p>'), ('8c32fb8b9c3d4d748a669098251c22df', '2020-09-09 10:45:04', '2020-09-09 10:45:04', '<p><br></p>'), ('8de379fc0da14b09a3872935388f3b25', '2020-09-09 10:59:30', '2020-09-09 10:59:30', '<p><br></p>'), ('93bb5984095247aa96e3f938d2b45e87', '2020-09-09 10:10:14', '2020-09-09 10:10:14', '<p><br></p>'), ('9c06e8ea46824db5aec85856c6b7644a', '2020-09-11 13:34:02', '2020-09-11 13:34:02', '<p><br></p>'), ('b00268b06b0d410eb881a0e9874470a1', '2020-09-14 19:08:22', '2020-09-14 19:08:22', '<p><br></p>'), ('b2c9df87d9b040f888c81f31f1054604', '2021-08-09 18:08:05', '2021-08-09 18:08:05', '<p>测试课程</p>'), ('b7329419a7ea4cbbaf200c71bb806b39', '2021-08-09 17:16:37', '2021-08-09 17:16:37', '<p>安装mysql</p>'), ('c357de570e5c48f5b1a0bc15ccbd6007', '2020-09-09 10:06:22', '2020-09-09 10:06:22', '<p><br></p>'), ('c729ce33c396438797da7521552f3228', '2021-07-03 16:41:39', '2021-07-03 16:41:39', '<p>centos 7.6 64位系统更新</p>'), ('e85b5e7097754665ae90b8bc175733a7', '2020-09-09 10:59:30', '2020-09-09 10:59:30', '<p><br></p>'), ('eaf6b461461447b38ff16dd942366c95', '2020-11-12 18:58:23', '2020-11-12 18:58:23', '<p><br></p>'), ('f370763b23f94c2aafc0f436262a662e', '2020-09-09 10:38:55', '2020-09-09 10:38:55', '<p>77778889999</p>'), ('f567e55774e54587961ee08f0e7f14c7', '2021-08-09 17:34:19', '2021-08-09 17:34:19', '<p>安装java环境<br></p>'), ('f9256b1123084eca9edc0556f9a34a28', '2020-08-07 19:45:04', '2020-08-07 19:45:04', '<p><br></p>'), ('f9732295c8674e0f98ab0abddc09d77c', '2020-08-09 14:58:35', '2020-08-09 14:58:35', '<p><br></p>');
COMMIT;

-- ----------------------------
--  Table structure for `course_recommend`
-- ----------------------------
DROP TABLE IF EXISTS `course_recommend`;
CREATE TABLE `course_recommend` (
  `id` varchar(36) NOT NULL COMMENT '主键',
  `create_time` datetime NOT NULL DEFAULT CURRENT_TIMESTAMP COMMENT '创建时间',
  `modified_time` datetime NOT NULL DEFAULT CURRENT_TIMESTAMP COMMENT '修改时间',
  `valid_value` tinyint(3) unsigned NOT NULL DEFAULT '1' COMMENT '状态(1:有效;0:无效)',
  `sort` int(11) NOT NULL DEFAULT '1' COMMENT '排序',
  `subject_id` varchar(36) NOT NULL DEFAULT '0' COMMENT '分类ID',
  `course_id` varchar(36) NOT NULL COMMENT '课程id',
  PRIMARY KEY (`id`)
) ENGINE=InnoDB DEFAULT CHARSET=utf8 ROW_FORMAT=COMPACT COMMENT='课程推荐';

-- ----------------------------
--  Records of `course_recommend`
-- ----------------------------
BEGIN;
INSERT INTO `course_recommend` VALUES ('1103212150722830337', '2019-03-06 16:34:08', '2019-03-06 16:34:08', '1', '1', '1080744766018883585', '1085453180200448002'), ('1103212180154261506', '2019-03-06 16:34:15', '2019-03-06 16:34:15', '1', '1', '1080744766018883585', '1080758482462511106'), ('1103212214287507457', '2019-03-06 16:34:23', '2019-03-06 16:34:23', '1', '1', '1080744766018883585', '1080757537695535105'), ('1103212238836768770', '2019-03-06 16:34:29', '2019-03-06 16:34:29', '1', '1', '1080744766018883585', '1080753909630963714'), ('1103216461339074561', '2019-03-06 16:51:15', '2019-03-06 16:51:15', '1', '1', '1080744766018883585', '1080751684959539202'), ('1103216534932332546', '2019-03-06 16:51:33', '2019-03-06 16:51:33', '1', '1', '1080747124211781634', '1080759557655564289'), ('1103216560693747713', '2019-03-06 16:51:39', '2019-03-06 16:51:39', '1', '1', '1080747124211781634', '1080748086536114177'), ('1103216579903660034', '2019-03-06 16:51:44', '2019-03-06 16:51:44', '1', '1', '1080747124211781634', '1080747476327796737'), ('1103216630025592834', '2019-03-06 16:51:56', '2019-03-06 16:51:56', '1', '1', '1080750603160457217', '1080757024136564738'), ('1103216651718533121', '2019-03-06 16:52:01', '2019-03-06 16:52:01', '1', '1', '1080750603160457217', '1080750873957306369'), ('1103216699915280386', '2019-03-06 16:52:12', '2019-03-06 16:52:12', '1', '1', '1080387521456295937', '1080755660413145089'), ('1103216722363195394', '2019-03-06 16:52:18', '2019-03-06 16:52:18', '1', '1', '1080387521456295937', '1080743050779234306'), ('1103216745121488898', '2019-03-06 16:52:23', '2019-03-06 16:52:23', '1', '1', '1080387521456295937', '1080740234501230593'), ('1103216772074086401', '2019-03-06 16:52:29', '2019-03-06 16:52:29', '1', '1', '1080387521456295937', '1080731530615787522'), ('1103216821592039425', '2019-03-06 16:52:41', '2019-03-06 16:52:41', '1', '1', '1080756158205726721', '1080759102707798018'), ('1103216841867304962', '2019-03-06 16:52:46', '2019-03-06 16:52:46', '1', '1', '1080756158205726721', '1080756535567257601');
COMMIT;

-- ----------------------------
--  Table structure for `course_subject`
-- ----------------------------
DROP TABLE IF EXISTS `course_subject`;
CREATE TABLE `course_subject` (
  `id` varchar(36) NOT NULL COMMENT '主键',
  `create_time` datetime NOT NULL DEFAULT CURRENT_TIMESTAMP COMMENT '创建时间',
  `modified_time` datetime NOT NULL DEFAULT CURRENT_TIMESTAMP COMMENT '修改时间',
  `valid_value` tinyint(3) unsigned NOT NULL DEFAULT '1' COMMENT '状态(1:正常，0:禁用)',
  `sort` int(11) NOT NULL DEFAULT '1' COMMENT '排序',
  `parent_id` varchar(36) NOT NULL DEFAULT '0' COMMENT '父分类ID',
  `subject_type` tinyint(3) NOT NULL DEFAULT '1' COMMENT '分类类型(1课程，2资源)',
  `subject_name` varchar(50) NOT NULL COMMENT '分类名称',
  `floor` tinyint(3) unsigned NOT NULL DEFAULT '1' COMMENT '层级',
  `remark` varchar(255) DEFAULT NULL COMMENT '备注',
  `mobile_img` varchar(300) DEFAULT NULL,
  PRIMARY KEY (`id`)
) ENGINE=InnoDB DEFAULT CHARSET=utf8 ROW_FORMAT=DYNAMIC COMMENT='课程分类';

-- ----------------------------
--  Records of `course_subject`
-- ----------------------------
BEGIN;
INSERT INTO `course_subject` VALUES ('15cb8409974d443f983a9fec572975a0', '2021-07-03 16:40:44', '2021-07-03 16:40:44', '1', '1', '0', '1', '网站新建', '1', null, null);
COMMIT;

-- ----------------------------
--  Table structure for `course_user`
-- ----------------------------
DROP TABLE IF EXISTS `course_user`;
CREATE TABLE `course_user` (
  `id` varchar(36) NOT NULL COMMENT 'id',
  `create_time` datetime NOT NULL DEFAULT CURRENT_TIMESTAMP COMMENT '创建时间',
  `modified_time` datetime NOT NULL DEFAULT CURRENT_TIMESTAMP COMMENT '修改时间',
  `valid_value` tinyint(3) unsigned NOT NULL DEFAULT '1' COMMENT '状态(1:正常，0:禁用)',
  `sort` int(11) unsigned NOT NULL DEFAULT '1' COMMENT '排序',
  `course_id` varchar(36) DEFAULT NULL COMMENT '课程ID',
  `bind_user_no` varchar(36) DEFAULT NULL COMMENT '用户userNo',
  `valid_term` datetime DEFAULT NULL COMMENT '有效期',
  `total_study_progress` int(11) DEFAULT '0' COMMENT '该课程的总学习进度(0表示0%，1表示1%，2表示2%......100表示100%)',
  PRIMARY KEY (`id`),
  UNIQUE KEY `course_id和bind_user_no聚合唯一` (`course_id`,`bind_user_no`) USING BTREE
) ENGINE=InnoDB DEFAULT CHARSET=utf8mb4;

-- ----------------------------
--  Records of `course_user`
-- ----------------------------
BEGIN;
INSERT INTO `course_user` VALUES ('28ff433b-18c0-4db7-b28b-2bb49021eb0a', '2021-08-09 19:45:38', '2021-08-09 19:45:38', '1', '0', '039f99e1e4c64af69bfcc9318bb82939', '21060212272507456918048065577890', '9999-12-31 09:59:59', '0'), ('2cfcb7db-bc30-442f-8ec8-5b087bd5ee47', '2021-08-09 19:47:26', '2021-08-16 16:38:19', '1', '0', '507d6f34d9b544e3a0bbbad912cd3772', '21060212272507456918048065577890', '9999-12-31 09:59:59', '31'), ('9586d74f-4299-44a7-8b32-905c23a60886', '2021-08-09 19:44:37', '2021-08-09 19:45:05', '1', '0', '1538cd6557b547e985879c1749c50a82', '21060212272507456918048065577890', '9999-12-31 09:59:59', '0');
COMMIT;

-- ----------------------------
--  Table structure for `course_video`
-- ----------------------------
DROP TABLE IF EXISTS `course_video`;
CREATE TABLE `course_video` (
  `id` varchar(36) NOT NULL COMMENT '主键',
  `create_time` datetime NOT NULL DEFAULT CURRENT_TIMESTAMP COMMENT '创建时间',
  `modified_time` datetime NOT NULL DEFAULT CURRENT_TIMESTAMP COMMENT '修改时间',
  `valid_value` tinyint(3) unsigned NOT NULL DEFAULT '1' COMMENT '状态(1:正常，0:禁用)',
  `sort` int(11) NOT NULL DEFAULT '1' COMMENT '排序',
  `course_id` varchar(36) NOT NULL DEFAULT '0' COMMENT '课程ID',
  `chapter_id` varchar(36) NOT NULL DEFAULT '0' COMMENT '章节ID',
  `lesson_id` varchar(36) NOT NULL DEFAULT '0' COMMENT '课时ID',
  `video_name` varchar(255) DEFAULT NULL COMMENT '视频名称',
  `video_local_number` varchar(36) DEFAULT NULL COMMENT '视频编号',
  `video_upload_status` tinyint(3) NOT NULL DEFAULT '0' COMMENT '视频状态(1待上传，2上传成功，3上传失败)',
  `video_length` varchar(36) DEFAULT NULL COMMENT '时长',
  `video_oas_url` varchar(255) DEFAULT NULL COMMENT '阿里云oas',
  PRIMARY KEY (`id`),
  UNIQUE KEY `video_local_number唯一` (`video_local_number`)
) ENGINE=InnoDB DEFAULT CHARSET=utf8 ROW_FORMAT=DYNAMIC COMMENT='课程视频信息';

-- ----------------------------
--  Records of `course_video`
-- ----------------------------
BEGIN;
INSERT INTO `course_video` VALUES ('185775cd0c434d068dc0c3e2f0b66a1d', '2021-08-09 17:18:07', '2021-08-09 17:18:07', '1', '1', '039f99e1e4c64af69bfcc9318bb82939', '6774f5c331e4452794d755d2d4f172e5', '0', '安装mysql.mp4', '3ab9711d27a1492c9331fdf6da374610', '2', null, 'https://atest888.oss-cn-hangzhou.aliyuncs.com/course/安装mysql_f071486a458d4d549a9891fb655e512a.mp4'), ('1db1aa04e55c4fa88bfa7c79bf5a457e', '2021-07-03 16:42:28', '2021-07-03 16:42:28', '1', '1', 'f1c4b15a6d0e4b869483f4f8ad913c77', '8d5aa82fcaeb439cbf10bf11fe011fcb', '0', '修改yum源(操作系统更新).mp4', '0132a74e8734436696effde92a242f38', '2', null, 'https://atest888.oss-cn-hangzhou.aliyuncs.com/course/修改yum源(操作系统更新)_dac6350b41fe44e081cb6d9b77ed403e.mp4'), ('55737f30672545d1b3a65554639c535d', '2021-08-09 17:52:26', '2021-08-09 17:52:26', '1', '1', '864c83bfaf054875817e1e144d195f50', 'c5c88406605f496182974e5c654093a2', '0', '安装redis.mp4', '7523195b5ad8448ea1cd0144a08298be', '2', null, 'https://atest888.oss-cn-hangzhou.aliyuncs.com/course/安装redis_f8d615d4437a4142a617ebcd1cd3a49c.mp4'), ('e35660c3fceb4f90945a33617d87873b', '2021-08-09 17:34:39', '2021-08-09 17:34:39', '1', '1', '507d6f34d9b544e3a0bbbad912cd3772', 'cd06ec60c0604bfa8eb46d83d0f3abb3', '0', '安装java.mp4', '8ec41434d50b48ecb0bd65e134d5b4f2', '2', null, 'https://atest888.oss-cn-hangzhou.aliyuncs.com/course/安装java_a03d9cdd2ecd4d6d88985b787498da62.mp4');
COMMIT;

-- ----------------------------
--  Table structure for `dot`
-- ----------------------------
DROP TABLE IF EXISTS `dot`;
CREATE TABLE `dot` (
  `id` varchar(36) NOT NULL COMMENT '主键',
  `create_time` datetime NOT NULL DEFAULT CURRENT_TIMESTAMP COMMENT '创建时间',
  `modified_time` datetime NOT NULL DEFAULT CURRENT_TIMESTAMP COMMENT '修改时间',
  `valid_value` tinyint(3) unsigned NOT NULL DEFAULT '1' COMMENT '状态(1:正常，0:禁用)',
  `sort` int(11) unsigned NOT NULL DEFAULT '1' COMMENT '排序',
  `total_dot` int(11) NOT NULL COMMENT '点券总量',
  `bind_user_no` varchar(36) NOT NULL COMMENT '绑定用户',
  PRIMARY KEY (`id`)
) ENGINE=InnoDB DEFAULT CHARSET=utf8 ROW_FORMAT=DYNAMIC COMMENT='积分';

-- ----------------------------
--  Records of `dot`
-- ----------------------------
BEGIN;
INSERT INTO `dot` VALUES ('03167404-ead1-4777-bc1b-6d9aa2da9d82', '2021-06-02 12:27:25', '2021-08-17 11:38:16', '1', '0', '20', '21060212272507456918048065577890'), ('10d029de-a77b-4950-907f-25126012ed62', '2021-02-16 15:58:06', '2021-02-16 15:58:06', '1', '0', '0', '21021615580606877776236072970522'), ('1d73f377-8cf0-44cf-906b-9ae6e133691b', '2021-02-16 15:58:06', '2021-02-16 15:58:06', '1', '0', '0', '21021615580610535888178474916611'), ('1de295c4-55e7-4551-8f7a-bf8f2153c6fc', '2021-02-16 15:58:06', '2021-02-16 15:58:06', '1', '0', '0', '21021615580609169114207096425571'), ('1e014616-ec40-4f85-a514-3b5858eb6a01', '2021-06-01 14:55:50', '2021-06-01 14:55:50', '1', '0', '0', '21060114555079990365792802161409'), ('1e0375a1-5ec9-449b-94ab-dd614542cb04', '2021-02-16 15:58:06', '2021-02-16 15:58:06', '1', '0', '0', '21021615580604312125349573293567'), ('2c699383-544a-4e79-84fe-fce5c32b2ca6', '2021-03-01 15:09:40', '2021-03-01 15:09:40', '1', '0', '0', '21030115094015658368559394751065'), ('2fd3d686-67e5-43c7-bc06-9099ac877b3e', '2021-03-01 16:24:55', '2021-03-01 16:24:55', '1', '0', '0', '21030116245566239342444732520414'), ('339ca70b-e888-4afa-9918-a15ed4514764', '2021-02-16 15:58:06', '2021-02-16 15:58:06', '1', '0', '0', '21021615580609625731840188730163'), ('37622e98-41ed-423a-b4a2-1ec360644bb6', '2021-02-16 15:58:06', '2021-02-16 15:58:06', '1', '0', '0', '21021615580611455307127120225395'), ('3ab2e10d-4c68-40cb-a34e-a83645d3f89c', '2021-02-16 15:58:06', '2021-02-16 15:58:06', '1', '0', '0', '21021615580608024434172478139225'), ('44d62226-0d74-4aed-a55c-a34dfccd6c9a', '2021-02-16 15:58:06', '2021-02-16 15:58:06', '1', '0', '0', '21021615580611165051122887412741'), ('47421864-2f25-4a39-9043-40ec394e9b1b', '2021-03-01 15:12:03', '2021-03-01 15:12:03', '1', '0', '0', '21030115120353228610125714038829'), ('4e3d9ce4-6c59-4bfb-b8de-7b6b34b5f7b4', '2021-02-16 15:58:06', '2021-02-16 15:58:06', '1', '0', '0', '21021615580609448204433526722815'), ('4ff0715f-c45c-4036-b30b-58823fbdc0f6', '2021-06-01 14:55:35', '2021-06-01 14:55:35', '1', '0', '0', '21060114553540338915839527239786'), ('509df1a8-132e-4c53-bccc-224c0f9f90f5', '2021-02-16 15:58:06', '2021-02-16 15:58:06', '1', '0', '0', '21021615580610283631142256884431'), ('5c9487a3-163e-453a-8be2-44c457d1d8b9', '2021-01-06 20:17:23', '2021-01-06 20:17:23', '1', '0', '0', '21010620172357866103149158622331'), ('5dc243cd-58a9-4e18-900d-6f413f4bd24c', '2020-11-04 16:19:16', '2021-06-02 10:54:24', '1', '0', '440', '2020031014031940'), ('6e6a8372-d633-40ba-910f-07fe9338c6e4', '2021-03-01 16:24:05', '2021-03-01 16:24:05', '1', '0', '0', '21030116240542536664161023844667'), ('718f6ef9-c654-40be-be28-9ece1d914eca', '2021-06-01 14:52:48', '2021-06-01 14:52:48', '1', '0', '0', '21060114524870277233411930715460'), ('75503901-7215-4c97-934d-22fcc21f65cc', '2021-03-01 14:21:25', '2021-03-01 14:21:25', '1', '0', '0', '21030114212528621808833741830086'), ('78c7dd36-f0de-4f0c-aaa7-a9064ac60bcc', '2021-02-16 15:58:06', '2021-02-16 15:58:06', '1', '0', '0', '21021615580604882976832056683317'), ('7aaf95d3-8595-49d6-8181-31acb5420535', '2021-02-14 21:47:01', '2021-02-16 12:17:36', '1', '0', '40', '2020080816133046'), ('7c67f2e1-16e1-4cd5-9413-04ca07df6140', '2021-02-16 15:58:06', '2021-02-16 15:58:06', '1', '0', '0', '21021615580606554019967213761617'), ('7ea5b166-e8f5-4cb5-8b86-0ad186ecb7cc', '2021-02-16 15:58:06', '2021-02-16 15:58:06', '1', '0', '0', '21021615580607036644282502503096'), ('88ef9d9e-3bd0-4abd-a2d9-a47596ceea9b', '2021-02-16 15:58:06', '2021-02-16 15:58:06', '1', '0', '0', '21021615580608625468308793512735'), ('9d133347-2ef2-40e1-a594-68fe326a6a4e', '2021-01-21 20:31:32', '2021-01-21 20:31:32', '1', '0', '0', '21012120313250591930860425684523'), ('a0f4f467-3da7-46bb-b8ea-5b3bfeb3322e', '2021-02-14 13:03:56', '2021-02-14 13:03:56', '1', '0', '0', '21021413035657496822054815940026'), ('a4572e6f-4375-4fec-92d7-c73da214c6cf', '2021-06-02 12:02:11', '2021-06-02 12:02:11', '1', '0', '0', '21060212021130796170590587471005'), ('a5330e69-4841-4a03-b406-5f00ee4e6c60', '2021-01-21 20:50:48', '2021-01-21 20:50:48', '1', '0', '0', '21012120504841247734538848642494'), ('a60bb3c6-05b5-4cf2-badf-712eac7593a1', '2021-06-01 15:07:33', '2021-07-27 16:15:04', '1', '0', '120', '21060115073397860541541482500672'), ('abb2aeb2-a573-47cc-9412-4b10d47d8e55', '2021-02-14 13:03:56', '2021-02-14 13:03:56', '1', '0', '0', '21021413035653004492117885964802'), ('acd31fa9-e462-49bf-a443-9b90ab601837', '2021-02-16 15:58:06', '2021-02-16 15:58:06', '1', '0', '0', '21021615580611966102027138175321'), ('adf97a54-eb58-4aa4-80e9-4ed5f9aaa819', '2021-02-16 15:58:06', '2021-02-16 15:58:06', '1', '0', '0', '21021615580610973461732890090270'), ('bd5473d4-e45b-415c-bf95-fda48dbb6832', '2021-02-16 15:58:06', '2021-02-16 15:58:06', '1', '0', '0', '21021615580609846396842166118724'), ('c2c9686e-9b7d-417d-b996-34a594208723', '2021-02-16 15:58:06', '2021-02-16 15:58:06', '1', '0', '0', '21021615580607459650553264807404'), ('c3ea80d8-707f-46e9-a96a-9cf1e1700b3e', '2021-02-16 15:58:06', '2021-02-16 15:58:06', '1', '0', '0', '21021615580607777057125981229238'), ('c5d774c8-9f45-4473-adcd-933e1f5d50f2', '2021-02-16 15:58:06', '2021-02-16 15:58:06', '1', '0', '0', '21021615580604027665208314805187'), ('c687ab7b-b491-4383-973a-3ee02b701d44', '2021-02-16 15:58:06', '2021-02-16 15:58:06', '1', '0', '0', '21021615580607241730872072168221'), ('c9353b34-e965-49f8-8668-abc544c2534a', '2021-02-16 15:58:06', '2021-02-16 15:58:06', '1', '0', '0', '21021615580611321877372972219440'), ('c9760405-fc3f-4471-8acf-07aa5bf91ce6', '2021-01-06 20:16:18', '2021-01-21 19:56:22', '1', '0', '40', '21010620161860200173049377103699'), ('c9da925e-fe57-49ca-9c0d-1d748f4cd811', '2021-02-16 15:58:06', '2021-02-16 15:58:06', '1', '0', '0', '21021615580611771345035510437098'), ('cc5db31d-6012-4c1f-ae97-c868efc5e859', '2021-02-16 15:58:06', '2021-02-16 15:58:06', '1', '0', '0', '21021615580605887047593924495148'), ('d0503112-07e1-406c-b3a5-d31e3967d1d4', '2021-01-06 20:16:18', '2021-01-06 20:16:18', '1', '0', '0', '21010620161855121855047947146308'), ('d4be4f5b-1485-432e-afe4-bae769991415', '2021-02-16 15:58:06', '2021-02-16 15:58:06', '1', '0', '0', '21021615580610714303825155406318'), ('d5aa7591-8217-4d25-a08c-6c92ee178b83', '2021-02-16 15:52:06', '2021-02-16 15:52:06', '1', '0', '0', '21021615520669973122825754353427'), ('e976aa8e-40bc-441d-9290-062a847736f1', '2021-02-16 15:58:06', '2021-02-16 15:58:06', '1', '0', '0', '21021615580612107601803799540168'), ('ed8c8f3b-6392-413b-b4c2-2bba9350f160', '2021-02-16 15:58:06', '2021-02-16 15:58:06', '1', '0', '0', '21021615580605676162554073800947'), ('edfc3796-58c9-4dcc-a399-b50f7e897b60', '2021-02-16 15:58:06', '2021-02-16 15:58:06', '1', '0', '0', '21021615580611691533811448580386'), ('ee88991b-a1e7-4ae6-b14a-778e2ea2ab43', '2021-02-16 15:58:06', '2021-02-16 15:58:06', '1', '0', '0', '21021615580612340114227701182080'), ('f6e16e28-724c-47e2-884a-dbfa10e1df04', '2021-02-16 15:58:06', '2021-02-16 15:58:06', '1', '0', '0', '21021615580608977816682130507527'), ('fa8ea5cd-2fa9-4c55-b950-4bb966a774bf', '2021-02-16 15:58:06', '2021-02-16 15:58:06', '1', '0', '0', '21021615580605150377266328025265'), ('fd4107f5-eb5e-4281-b2bf-736fde614420', '2020-10-19 12:11:14', '2021-05-20 20:56:54', '1', '0', '7099', '2018112015051635'), ('fe364293-bdb4-4e95-ba87-a6f72cfbd0a8', '2021-02-16 15:58:06', '2021-02-16 15:58:06', '1', '0', '0', '21021615580606334444009642497236'), ('fe9b9005-7173-4cf3-8538-924c9e9860c2', '2021-02-16 15:58:06', '2021-02-16 15:58:06', '1', '0', '0', '21021615580604661852042770712708'), ('ffd42603-4d7f-41fe-9611-5af988a336e1', '2021-02-16 15:58:06', '2021-02-16 15:58:06', '1', '0', '0', '21021615580610046275332113487860');
COMMIT;

-- ----------------------------
--  Table structure for `dot_config`
-- ----------------------------
DROP TABLE IF EXISTS `dot_config`;
CREATE TABLE `dot_config` (
  `id` varchar(36) NOT NULL,
  `create_time` datetime DEFAULT CURRENT_TIMESTAMP COMMENT '创建时间',
  `modified_time` datetime DEFAULT CURRENT_TIMESTAMP ON UPDATE CURRENT_TIMESTAMP COMMENT '更新时间',
  `valid_value` tinyint(1) DEFAULT NULL COMMENT '状态(1有效, 0无效)',
  `sort` int(11) DEFAULT NULL COMMENT '排序',
  `reg_dot` int(11) DEFAULT NULL COMMENT '初次注册获得积点',
  `login_dot` int(11) DEFAULT NULL COMMENT '每次登陆获取积点',
  `login_max_dot_per_day` int(11) DEFAULT NULL COMMENT '登陆一天获得的最大积点',
  `share_dot` int(11) DEFAULT NULL COMMENT '分享每次获得得积点',
  `share_max_dot_per_day` int(11) DEFAULT NULL COMMENT '分享链接每天获得的最大积点',
  `share_reg_dot` int(11) DEFAULT NULL COMMENT '分享后每次注册获得的积点',
  `share_reg_max_dot_per_day` int(11) DEFAULT NULL COMMENT '分享链接被注册每天获得的最大积点',
  `dot_point` int(11) DEFAULT NULL COMMENT '多少积点可以换一个积分',
  `reg_link` varchar(500) DEFAULT NULL COMMENT '推广注册链接',
  PRIMARY KEY (`id`)
) ENGINE=InnoDB DEFAULT CHARSET=utf8mb4 COMMENT='积点设置';

-- ----------------------------
--  Records of `dot_config`
-- ----------------------------
BEGIN;
INSERT INTO `dot_config` VALUES ('a4f5fd80-59e6-44a5-a97b-44148b56a3ce', '2020-07-29 20:05:00', '2020-10-19 19:46:26', '1', '1', '1000', '20', '100', '30', '150', '1000', '3000', '10', 'http://localhost:3000/register');
COMMIT;

-- ----------------------------
--  Table structure for `dot_operate_record`
-- ----------------------------
DROP TABLE IF EXISTS `dot_operate_record`;
CREATE TABLE `dot_operate_record` (
  `id` varchar(36) NOT NULL COMMENT '主键',
  `create_time` datetime NOT NULL DEFAULT CURRENT_TIMESTAMP COMMENT '创建时间',
  `modified_time` datetime NOT NULL DEFAULT CURRENT_TIMESTAMP COMMENT '修改时间',
  `valid_value` tinyint(3) unsigned NOT NULL DEFAULT '1' COMMENT '状态(1:正常，0:禁用)',
  `sort` int(11) unsigned NOT NULL DEFAULT '1' COMMENT '排序',
  `user_no_of_dot` varchar(36) NOT NULL COMMENT '点券所属用户的用户编号',
  `operate_type` int(3) NOT NULL COMMENT '操作类型，0增加，1减少',
  `dot_change_reson` int(3) DEFAULT '0' COMMENT '点券变化原因：0其他、1注册、2登陆、3分享、4分享后被注册、5兑换积分',
  `operate_date` varchar(20) DEFAULT NULL COMMENT '操作日期字符串，格式：2010-09-10',
  `dot` int(11) DEFAULT '0' COMMENT '点券',
  `total_dot` int(11) DEFAULT '0' COMMENT '点券总量',
  PRIMARY KEY (`id`)
) ENGINE=InnoDB DEFAULT CHARSET=utf8 ROW_FORMAT=DYNAMIC COMMENT='点券操作记录';

-- ----------------------------
--  Records of `dot_operate_record`
-- ----------------------------
BEGIN;
INSERT INTO `dot_operate_record` VALUES ('12a8363f-25a5-4fd5-b93e-669bc4bfea9c', '2021-06-02 10:54:35', '2021-06-02 10:54:35', '1', '0', '21060115073397860541541482500672', '0', '2', '2021-06-02', '20', '20'), ('19e946eb-ec98-4315-b6db-a123528fc1db', '2021-08-16 17:46:29', '2021-08-16 17:46:29', '1', '0', '21060212272507456918048065577890', '1', '5', '2021-08-16', '20', '20'), ('1b0e51a2-2589-49fa-a593-07829038acb0', '2021-08-16 16:53:53', '2021-08-16 16:53:53', '1', '0', '21060212272507456918048065577890', '1', '5', '2021-08-16', '20', '40'), ('2c101b38-065b-47d9-a1e7-4cc43d805059', '2021-08-09 19:46:31', '2021-08-09 19:46:31', '1', '0', '21060212272507456918048065577890', '0', '2', '2021-08-09', '20', '220'), ('2f6abe96-5658-43d7-8ac9-be202d5f9ba7', '2021-07-18 10:08:20', '2021-07-18 10:08:20', '1', '0', '21060212272507456918048065577890', '0', '2', '2021-07-18', '20', '60'), ('3b3f9552-bc41-4dc1-9c09-75fb07e21672', '2021-07-03 16:39:20', '2021-07-03 16:39:20', '1', '0', '21060212272507456918048065577890', '0', '2', '2021-07-03', '20', '40'), ('4cd351c9-678c-4852-85f6-b904bec2d473', '2021-07-27 16:14:09', '2021-07-27 16:14:09', '1', '0', '21060212272507456918048065577890', '0', '2', '2021-07-27', '20', '100'), ('557dd330-7975-434f-9a03-0ebf65b7d4e6', '2021-07-27 16:14:30', '2021-07-27 16:14:30', '1', '0', '21060212272507456918048065577890', '0', '2', '2021-07-27', '20', '120'), ('5d43e2e8-58db-427d-b534-615a445b9549', '2021-06-03 15:14:40', '2021-06-03 15:14:40', '1', '0', '21060115073397860541541482500672', '0', '2', '2021-06-03', '20', '80'), ('6a0ca9c9-95ed-4ac8-a84d-8cf4d4d33ac2', '2021-08-17 11:38:16', '2021-08-17 11:38:16', '1', '0', '21060212272507456918048065577890', '1', '5', '2021-08-17', '20', '20'), ('6cb61b1c-affc-40f7-aadc-a5f30ed7e34d', '2021-07-27 16:15:04', '2021-07-27 16:15:04', '1', '0', '21060115073397860541541482500672', '0', '2', '2021-07-27', '20', '120'), ('720f4454-9e1b-4383-9c3b-21b9ab3fc269', '2021-08-09 19:43:46', '2021-08-09 19:43:46', '1', '0', '21060212272507456918048065577890', '0', '2', '2021-08-09', '20', '180'), ('742b4b5c-8baf-4140-9c63-893b74cccd27', '2021-07-27 16:14:45', '2021-07-27 16:14:45', '1', '0', '21060115073397860541541482500672', '0', '2', '2021-07-27', '20', '100'), ('7a151e9e-99a2-4a0f-be51-6ade8d7dab45', '2021-08-16 16:12:06', '2021-08-16 16:12:06', '1', '0', '21060212272507456918048065577890', '0', '2', '2021-08-16', '20', '260'), ('858c0c6b-5e83-43de-b442-fc5202d50c25', '2021-08-16 21:55:04', '2021-08-16 21:55:04', '1', '0', '21060212272507456918048065577890', '0', '2', '2021-08-16', '20', '40'), ('981d0547-dcdb-4515-a243-9425e3937f3a', '2021-08-16 16:00:30', '2021-08-16 16:00:30', '1', '0', '21060212272507456918048065577890', '0', '2', '2021-08-16', '20', '240'), ('b1fb9111-a018-4d00-b2cc-f1e9ea20c33a', '2021-08-09 19:43:58', '2021-08-09 19:43:58', '1', '0', '21060212272507456918048065577890', '0', '2', '2021-08-09', '20', '200'), ('b6ac053e-c0a1-436e-a084-8ea990f4796f', '2021-08-09 17:10:28', '2021-08-09 17:10:28', '1', '0', '21060212272507456918048065577890', '0', '2', '2021-08-09', '20', '160'), ('c657c821-c278-440a-a6c1-a64022958a3b', '2021-07-18 15:01:50', '2021-07-18 15:01:50', '1', '0', '21060212272507456918048065577890', '0', '2', '2021-07-18', '20', '80'), ('d34ef7d2-3d07-4de5-9526-4f47f9e56b05', '2021-08-16 16:52:58', '2021-08-16 16:52:58', '1', '0', '21060212272507456918048065577890', '1', '5', '2021-08-16', '200', '60'), ('e0e3f072-0956-43e9-a657-196b20ba16f4', '2021-06-03 15:07:58', '2021-06-03 15:07:58', '1', '0', '21060115073397860541541482500672', '0', '2', '2021-06-03', '20', '60'), ('fba16991-033a-4c64-8198-f44b975276b5', '2021-06-03 22:02:13', '2021-06-03 22:02:13', '1', '0', '21060212272507456918048065577890', '0', '2', '2021-06-03', '20', '20'), ('fc2bc5f9-056b-40ab-ad74-64dcfb99ab25', '2021-06-02 10:56:13', '2021-06-02 10:56:13', '1', '0', '21060115073397860541541482500672', '0', '2', '2021-06-02', '20', '40'), ('febdb331-d7b5-4df6-b532-3b6d94eda30c', '2021-07-27 16:14:30', '2021-07-27 16:14:30', '1', '0', '21060212272507456918048065577890', '0', '2', '2021-07-27', '20', '140');
COMMIT;

-- ----------------------------
--  Table structure for `exam_management`
-- ----------------------------
DROP TABLE IF EXISTS `exam_management`;
CREATE TABLE `exam_management` (
  `id` varchar(36) NOT NULL COMMENT '主键',
  `create_time` datetime NOT NULL DEFAULT CURRENT_TIMESTAMP COMMENT '创建时间',
  `modified_time` datetime NOT NULL DEFAULT CURRENT_TIMESTAMP COMMENT '修改时间',
  `valid_value` tinyint(3) unsigned NOT NULL DEFAULT '1' COMMENT '状态(1:正常，0:禁用)',
  `sort` int(11) unsigned NOT NULL DEFAULT '1' COMMENT '排序',
  `title` varchar(200) NOT NULL COMMENT '考试主题',
  `introduce` varchar(1000) DEFAULT NULL,
  `exam_type` int(1) DEFAULT NULL COMMENT '考试类型，1定时考试，2时段考试',
  `start_time` datetime DEFAULT NULL COMMENT '考试开始时间',
  `end_time` datetime DEFAULT NULL COMMENT '考试结束时间',
  `is_allow_switch_window` varchar(1) DEFAULT '0' COMMENT '是否允许切换窗口(是1，否0)',
  `is_show_confirm_button` varchar(1) DEFAULT '0' COMMENT '是否显示确认按钮(是1，否0)',
  `is_allow_select` varchar(1) DEFAULT '0' COMMENT '是否允许选择(0不允许，1允许)',
  `is_allow_right_click` varchar(1) DEFAULT '0' COMMENT '是否允许右键(0不允许，1允许)',
  `is_allow_repeate_hand_in_exam_paper` varchar(1) DEFAULT '0' COMMENT '是否允许重复交卷(0不允许，1允许)',
  `exam_paper_id` varchar(36) DEFAULT NULL COMMENT '试卷ID',
  `teacher_user_no` varchar(36) NOT NULL,
  `exam_object_type` varchar(1) DEFAULT NULL COMMENT '参考对象类型，1为全体学员，2为分组(user_group_ids)，3为全体学员中拥有该课程的学员，4为分组(user_group_ids)学员中拥有该课程的学员',
  `course_id` varchar(36) DEFAULT NULL COMMENT '课程ID',
  PRIMARY KEY (`id`)
) ENGINE=InnoDB DEFAULT CHARSET=utf8 ROW_FORMAT=DYNAMIC COMMENT='考试管理';

-- ----------------------------
--  Records of `exam_management`
-- ----------------------------
BEGIN;
INSERT INTO `exam_management` VALUES ('1dbac6a49f984516819b998c3245ca3b', '2021-08-16 17:21:58', '2021-08-16 17:21:58', '1', '10000', '考试测试', '<p>考试测试</p>', '2', '2021-08-01 08:58:00', '2021-08-31 07:56:00', '1', '0', '1', '1', '1', '71e30d0329e25fc88222fba4960d55c3', '21060212272507456918048065577890', '1', '507d6f34d9b544e3a0bbbad912cd3772');
COMMIT;

-- ----------------------------
--  Table structure for `exam_management_student_group_relate`
-- ----------------------------
DROP TABLE IF EXISTS `exam_management_student_group_relate`;
CREATE TABLE `exam_management_student_group_relate` (
  `id` varchar(36) NOT NULL COMMENT '主键',
  `create_time` datetime NOT NULL DEFAULT CURRENT_TIMESTAMP COMMENT '创建时间',
  `modified_time` datetime NOT NULL DEFAULT CURRENT_TIMESTAMP COMMENT '修改时间',
  `valid_value` tinyint(3) unsigned NOT NULL DEFAULT '1' COMMENT '状态(1:正常，0:禁用)',
  `sort` int(11) unsigned NOT NULL DEFAULT '1' COMMENT '排序',
  `exam_management_id` varchar(36) NOT NULL COMMENT '考试管理表exam_management的ID',
  `student_group_id` varchar(36) DEFAULT NULL COMMENT 'user_group学员组表的ID',
  PRIMARY KEY (`id`),
  UNIQUE KEY `em_ug_unique` (`exam_management_id`,`student_group_id`)
) ENGINE=InnoDB DEFAULT CHARSET=utf8 ROW_FORMAT=DYNAMIC COMMENT='考试管理与用户组关系绑定';

-- ----------------------------
--  Records of `exam_management_student_group_relate`
-- ----------------------------
BEGIN;
INSERT INTO `exam_management_student_group_relate` VALUES ('0f337bb38eb1f9e40c4fadd331ee5820', '2021-04-11 22:32:00', '2021-04-11 22:32:00', '0', '0', '7abb4ce141e148aab13d842e90fb0958', '13d3e0dca8f5e7319d54aa6b286ad42f'), ('6ca403f63c0d2676ed2e5b4ba4406953', '2021-04-11 22:32:00', '2021-04-11 22:32:00', '0', '0', '7abb4ce141e148aab13d842e90fb0958', '02b743375e107e42ce0a7eddd4683e07');
COMMIT;

-- ----------------------------
--  Table structure for `exam_management_user`
-- ----------------------------
DROP TABLE IF EXISTS `exam_management_user`;
CREATE TABLE `exam_management_user` (
  `id` varchar(36) NOT NULL COMMENT '主键',
  `create_time` datetime NOT NULL DEFAULT CURRENT_TIMESTAMP COMMENT '创建时间',
  `modified_time` datetime NOT NULL DEFAULT CURRENT_TIMESTAMP COMMENT '修改时间',
  `valid_value` tinyint(3) unsigned NOT NULL DEFAULT '1' COMMENT '状态(1:正常，0:禁用)',
  `sort` int(11) unsigned NOT NULL DEFAULT '1' COMMENT '排序',
  `exam_management_id` varchar(36) DEFAULT NULL COMMENT '考试ID',
  `exam_paper_id` varchar(36) DEFAULT NULL COMMENT '试卷ID',
  `exam_user_no` varchar(36) DEFAULT NULL COMMENT '考试用户',
  `exam_paper_answer` text COMMENT '用户考试答案',
  `is_finish_user_total_score` int(11) DEFAULT NULL COMMENT '0为未完成评分(其实不会有0的数据)，1为已经完成评分，2为等待教师评分',
  `user_total_score` varchar(36) DEFAULT NULL COMMENT '用户总分',
  PRIMARY KEY (`id`),
  UNIQUE KEY `exam_management_paper_user_no` (`exam_management_id`,`exam_paper_id`,`exam_user_no`)
) ENGINE=InnoDB DEFAULT CHARSET=utf8 ROW_FORMAT=DYNAMIC COMMENT='用户考试';

-- ----------------------------
--  Table structure for `exam_paper`
-- ----------------------------
DROP TABLE IF EXISTS `exam_paper`;
CREATE TABLE `exam_paper` (
  `id` varchar(36) NOT NULL COMMENT '主键',
  `create_time` datetime NOT NULL DEFAULT CURRENT_TIMESTAMP COMMENT '创建时间',
  `modified_time` datetime NOT NULL DEFAULT CURRENT_TIMESTAMP COMMENT '修改时间',
  `valid_value` tinyint(3) unsigned NOT NULL DEFAULT '1' COMMENT '状态(1:正常，0:禁用)',
  `sort` int(11) unsigned NOT NULL DEFAULT '1' COMMENT '排序',
  `title` varchar(200) NOT NULL COMMENT '试卷标题',
  `subtitle` varchar(200) DEFAULT '' COMMENT '试卷副标题',
  `limit_time` int(10) DEFAULT NULL COMMENT '限时(分钟)',
  `total_score` int(10) DEFAULT NULL COMMENT '总分',
  `pass_score` int(10) NOT NULL DEFAULT '0' COMMENT '及格分数',
  `level` int(1) DEFAULT NULL COMMENT '难度',
  `author` varchar(150) DEFAULT NULL COMMENT '出卷人',
  `introduce` varchar(3000) DEFAULT NULL COMMENT '试卷简介',
  `attention_points` varchar(3000) DEFAULT NULL COMMENT '注意事项',
  `area_type` int(1) DEFAULT NULL COMMENT '出题范围(1从当前课程选题，2从当前课程、章节选题，3从当前课程、章节、课时选题，4按章节比例出题)',
  `course_id` varchar(36) DEFAULT NULL COMMENT '课程ID',
  `single_choice_count` int(8) DEFAULT NULL COMMENT '单选题数量',
  `multi_choice_count` int(8) DEFAULT NULL COMMENT '多选题数量',
  `judge_count` int(8) DEFAULT NULL COMMENT '判断题数量',
  `fill_blank_count` int(8) DEFAULT NULL COMMENT '填空题数量',
  `simple_count` int(8) DEFAULT NULL COMMENT '简答题数量',
  `single_choice_score` float(8,0) DEFAULT NULL COMMENT '单选题分数',
  `multi_choice_score` float(8,0) DEFAULT NULL COMMENT '多选题分数',
  `judge_score` float(8,0) DEFAULT NULL COMMENT '判断题分数',
  `fill_blank_score` float(8,0) DEFAULT NULL COMMENT '填空题分数',
  `simple_score` float(8,0) DEFAULT NULL COMMENT '简答题分数',
  `detail_by_chapter` varchar(3000) DEFAULT NULL COMMENT '按章节比例出题内容(json存储)',
  `teacher_user_no` varchar(36) DEFAULT NULL COMMENT '教师用户编号',
  `build_status` int(1) DEFAULT '0' COMMENT '试卷生成状态(0未生成，1正在生成，2已经生成，3生成失败)',
  `build_error` varchar(1000) DEFAULT NULL COMMENT '生成试卷失败原因',
  PRIMARY KEY (`id`)
) ENGINE=InnoDB DEFAULT CHARSET=utf8 ROW_FORMAT=DYNAMIC COMMENT='试题课程关系绑定';

-- ----------------------------
--  Records of `exam_paper`
-- ----------------------------
BEGIN;
INSERT INTO `exam_paper` VALUES ('71e30d0329e25fc88222fba4960d55c3', '2021-08-16 17:02:23', '2021-08-16 17:02:43', '1', '0', '测试考试', '测试考试副标题', '100', '100', '60', '2', '何老师', '<p>测试考试</p>', '<p>测试注意事项</p>', '1', '507d6f34d9b544e3a0bbbad912cd3772', '1', '1', '1', '1', '1', '20', '20', '20', '20', '20', null, '21060212272507456918048065577890', '2', null);
COMMIT;

-- ----------------------------
--  Table structure for `exam_paper_content`
-- ----------------------------
DROP TABLE IF EXISTS `exam_paper_content`;
CREATE TABLE `exam_paper_content` (
  `id` varchar(36) NOT NULL COMMENT '主键',
  `create_time` datetime NOT NULL DEFAULT CURRENT_TIMESTAMP COMMENT '创建时间',
  `modified_time` datetime NOT NULL DEFAULT CURRENT_TIMESTAMP COMMENT '修改时间',
  `valid_value` tinyint(3) unsigned NOT NULL DEFAULT '1' COMMENT '状态(1:正常，0:禁用)',
  `sort` int(11) unsigned NOT NULL DEFAULT '1' COMMENT '排序',
  `exam_paper_id` varchar(36) NOT NULL COMMENT 'exam_paper表的ID',
  `exam_paper_content` text COMMENT '试卷内容',
  `teacher_user_no` varchar(36) DEFAULT NULL COMMENT '教师用户编号',
  PRIMARY KEY (`id`)
) ENGINE=InnoDB DEFAULT CHARSET=utf8 ROW_FORMAT=DYNAMIC COMMENT='试题课程关系绑定';

-- ----------------------------
--  Records of `exam_paper_content`
-- ----------------------------
BEGIN;
INSERT INTO `exam_paper_content` VALUES ('08ba1a357f1243afac7cb223570d8fc5', '2020-12-10 19:49:37', '2020-12-10 19:49:37', '0', '0', '7abec68a868c81241da65e9718b1f07e', '[{\"analysis\":\"一个苹果加一个苹果等于两个苹果\",\"answer\":\"C\",\"createTime\":1606146515659,\"customLabel\":\"个位数计算\",\"id\":\"2533ea4587a84ac4ab1e24f3534abaae\",\"itemA\":\"等于1\",\"itemB\":\"等于2\",\"itemC\":\"等于3\",\"itemD\":\"等于4\",\"level\":\"1\",\"modifiedTime\":1606146515659,\"questionTitle\":\"1加2等于多少\",\"questionType\":\"1\",\"score\":\"10\",\"sort\":0,\"subjectId1\":\"1080744766018883585\",\"subjectId2\":\"1080752583811469314\",\"userNo\":\"2018112015051635\",\"validValue\":1},{\"analysis\":\"一个苹果加一个苹果等于两个苹果\",\"answer\":\"B\",\"createTime\":1606146515650,\"customLabel\":\"个位数计算\",\"id\":\"521d95ff6a764116a48b9cc8bb0925d5\",\"itemA\":\"等于1\",\"itemB\":\"等于2\",\"itemC\":\"等于3\",\"itemD\":\"等于4\",\"level\":\"1\",\"modifiedTime\":1606146515650,\"questionTitle\":\"1加1等于多少\",\"questionType\":\"1\",\"score\":\"10\",\"sort\":0,\"subjectId1\":\"1080744766018883585\",\"subjectId2\":\"1080752583811469314\",\"userNo\":\"2018112015051635\",\"validValue\":1},{\"analysis\":\"3可以1加2或者2加1\",\"answer\":\"AC\",\"createTime\":1606208652670,\"customLabel\":\"个位数计算\",\"id\":\"d5711b35bd034aafb3b4fa06b40cac6f\",\"itemA\":\"1加2\",\"itemB\":\"3加1\",\"itemC\":\"2加1\",\"itemD\":\"3加2\",\"level\":\"2\",\"modifiedTime\":1606208652670,\"questionTitle\":\"几加几等于3？\",\"questionType\":\"2\",\"score\":\"10\",\"sort\":0,\"subjectId1\":\"1080744766018883585\",\"subjectId2\":\"1080752583811469314\",\"userNo\":\"2018112015051635\",\"validValue\":1},{\"analysis\":\"3可以1加2或者2加1\",\"answer\":\"B\",\"createTime\":1606208652717,\"customLabel\":\"个位数计算\",\"id\":\"651a8af56e1a48a48c58c2dc0d79f801\",\"itemA\":\"1加2\",\"itemB\":\"3加1\",\"itemC\":\"2加1\",\"itemD\":\"3加2\",\"level\":\"2\",\"modifiedTime\":1606208652717,\"questionTitle\":\"几加几等于4？\",\"questionType\":\"2\",\"score\":\"10\",\"sort\":0,\"subjectId1\":\"1080744766018883585\",\"subjectId2\":\"1080752583811469314\",\"userNo\":\"2018112015051635\",\"validValue\":1},{\"analysis\":\"1加2等于3\",\"answer\":\"1\",\"createTime\":1606208758028,\"id\":\"ef6a56f834f749618e53c9eb1e9f7760\",\"level\":\"2\",\"modifiedTime\":1606208758028,\"questionTitle\":\"1加2等于3\",\"questionType\":\"3\",\"score\":\"10\",\"sort\":0,\"subjectId1\":\"1080744766018883585\",\"subjectId2\":\"1080752583811469314\",\"userNo\":\"2018112015051635\",\"validValue\":1},{\"analysis\":\"1加3等于4\",\"answer\":\"0\",\"createTime\":1606208758039,\"id\":\"770a9bbf8a7a4f4a9f72be84d0408079\",\"level\":\"2\",\"modifiedTime\":1606208758039,\"questionTitle\":\"1加3等于3\",\"questionType\":\"3\",\"score\":\"10\",\"sort\":0,\"subjectId1\":\"1080744766018883585\",\"subjectId2\":\"1080752583811469314\",\"userNo\":\"2018112015051635\",\"validValue\":1},{\"analysis\":\"6对应六\",\"createTime\":1606208857206,\"id\":\"397ab3d574f44b6ba9528802664a015c\",\"itemA\":\"六\",\"level\":\"2\",\"modifiedTime\":1606208857206,\"questionTitle\":\"6的中文写法是(_)\",\"questionType\":\"4\",\"score\":\"10\",\"sort\":0,\"subjectId1\":\"1080744766018883585\",\"subjectId2\":\"1080752583811469314\",\"userNo\":\"2018112015051635\",\"validValue\":1},{\"analysis\":\"1对应一，2对应二，3对应三,4对应四，5对应五\",\"createTime\":1606208857000,\"id\":\"d157b1df43f0426da69f9d92962c05fb\",\"itemA\":\"一\",\"itemB\":\"二\",\"itemC\":\"三\",\"itemD\":\"四\",\"itemE\":\"五\",\"level\":\"2\",\"modifiedTime\":1606631487658,\"questionTitle\":\"sdfsjkldfjksdfjkwejklfewkjlfkjlwefjkwejkfjwefjkwejkf随手打开方式可了解对方就哭了多少风景看了电视剧看风景看水电费是否离开家圣诞节快乐风刀霜剑看风景看路上的风景克里斯朵夫就开始搭建开放时间快点放假快乐圣诞节看风景看了四大皆空方老师讲课了对方就哭了圣诞节分开了斯捷克洛夫进口零食放进空间看论文就哭了sdkjlfsjkfjklwjkljklwfjklwejklfwejklfjklwjklfwejklfjkewfjkwjklefjwejfwjeklfjklwejkfwsdfjksfsjkfjklsjkldfsjkldfjklsd水电费圣诞节快乐放圣诞节快乐分<img src=\\\"https://atest888.oss-cn-hangzhou.aliyuncs.com/course/14f755eee7634096966516f1302b8687.jpg\\\">1的中文写法是(_),2的中文写法是(_),3的中文写法是(_),4的中文写法是(_),5的中文写法是(_)<p><br>\",\"questionType\":\"4\",\"score\":\"10\",\"sort\":0,\"subjectId1\":\"1080744766018883585\",\"subjectId2\":\"1080752583811469314\",\"userNo\":\"2018112015051635\",\"validValue\":1},{\"analysis\":\"<p>水电费为\",\"createTime\":1606625249000,\"id\":\"14f5be35f97d49a09599753eda722901\",\"itemA\":\"<p>略\",\"itemC\":\"1\",\"level\":\"3\",\"modifiedTime\":1607600951228,\"questionTitle\":\"<p>该题库最好增加哪些题目？\",\"questionType\":\"5\",\"score\":\"10\",\"sort\":0,\"subjectId1\":\"1080744766018883585\",\"subjectId2\":\"1080752583811469314\",\"userNo\":\"2018112015051635\",\"validValue\":1},{\"analysis\":\"<p>略\",\"createTime\":1606625210000,\"id\":\"903e370528b8490a9a69786ca73a70e8\",\"itemA\":\"当前还有很多好人好事，例如\",\"itemC\":\"1\",\"level\":\"3\",\"modifiedTime\":1607594467929,\"questionTitle\":\"<p>你认为当前社会有什么好事？请列出来\",\"questionType\":\"5\",\"score\":\"10\",\"sort\":0,\"subjectId1\":\"1080744766018883585\",\"subjectId2\":\"1080752583811469314\",\"userNo\":\"2018112015051635\",\"validValue\":1}]', '2018112015051635'), ('521d87c3814c4bc3a853fb4fbab2bbcc', '2021-01-19 20:32:05', '2021-01-19 20:32:05', '0', '0', '581d85fcbf0f565a29801c63fcb2fd24', '[{\"analysis\":\"一个苹果加一个苹果等于两个苹果\",\"answer\":\"C\",\"createTime\":1606146515000,\"customLabel\":\"个位数计算\",\"id\":\"2533ea4587a84ac4ab1e24f3534abaae\",\"itemA\":\"等于1\",\"itemB\":\"等于2\",\"itemC\":\"等于3\",\"itemD\":\"等于4\",\"level\":\"1\",\"modifiedTime\":1606146515000,\"questionTitle\":\"1加2等于多少\",\"questionType\":\"1\",\"score\":\"30\",\"sort\":0,\"subjectId1\":\"1080744766018883585\",\"subjectId2\":\"1080752583811469314\",\"userNo\":\"2018112015051635\",\"validValue\":1},{\"analysis\":\"一个苹果加一个苹果等于两个苹果\",\"answer\":\"B\",\"createTime\":1606146515000,\"customLabel\":\"个位数计算\",\"id\":\"521d95ff6a764116a48b9cc8bb0925d5\",\"itemA\":\"等于1\",\"itemB\":\"等于2\",\"itemC\":\"等于3\",\"itemD\":\"等于4\",\"level\":\"1\",\"modifiedTime\":1606146515000,\"questionTitle\":\"1加1等于多少\",\"questionType\":\"1\",\"score\":\"30\",\"sort\":0,\"subjectId1\":\"1080744766018883585\",\"subjectId2\":\"1080752583811469314\",\"userNo\":\"2018112015051635\",\"validValue\":1},{\"analysis\":\"3可以1加2或者2加1\",\"answer\":\"D\",\"createTime\":1606208652000,\"customLabel\":\"个位数计算\",\"id\":\"54d6c576e67c4af587a4a9a305e4e9c2\",\"itemA\":\"1加2\",\"itemB\":\"3加1\",\"itemC\":\"2加1\",\"itemD\":\"3加2\",\"level\":\"2\",\"modifiedTime\":1606208652000,\"questionTitle\":\"几加几等于5？\",\"questionType\":\"2\",\"score\":\"5\",\"sort\":0,\"subjectId1\":\"1080744766018883585\",\"subjectId2\":\"1080752583811469314\",\"userNo\":\"2018112015051635\",\"validValue\":1},{\"analysis\":\"3可以1加2或者2加1\",\"answer\":\"B\",\"createTime\":1606208652000,\"customLabel\":\"个位数计算\",\"id\":\"651a8af56e1a48a48c58c2dc0d79f801\",\"itemA\":\"1加2\",\"itemB\":\"3加1\",\"itemC\":\"2加1\",\"itemD\":\"3加2\",\"level\":\"2\",\"modifiedTime\":1606208652000,\"questionTitle\":\"几加几等于4？\",\"questionType\":\"2\",\"score\":\"5\",\"sort\":0,\"subjectId1\":\"1080744766018883585\",\"subjectId2\":\"1080752583811469314\",\"userNo\":\"2018112015051635\",\"validValue\":1},{\"analysis\":\"1加3等于4\",\"answer\":\"0\",\"createTime\":1606208758000,\"id\":\"770a9bbf8a7a4f4a9f72be84d0408079\",\"itemC\":\"1\",\"level\":\"2\",\"modifiedTime\":1606208758000,\"questionTitle\":\"1加3等于3\",\"questionType\":\"3\",\"score\":\"5\",\"sort\":0,\"subjectId1\":\"1080744766018883585\",\"subjectId2\":\"1080752583811469314\",\"userNo\":\"2018112015051635\",\"validValue\":1},{\"analysis\":\"1加2等于3\",\"answer\":\"1\",\"createTime\":1606208758000,\"id\":\"ef6a56f834f749618e53c9eb1e9f7760\",\"itemC\":\"1\",\"level\":\"2\",\"modifiedTime\":1606208758000,\"questionTitle\":\"1加2等于3\",\"questionType\":\"3\",\"score\":\"5\",\"sort\":0,\"subjectId1\":\"1080744766018883585\",\"subjectId2\":\"1080752583811469314\",\"userNo\":\"2018112015051635\",\"validValue\":1},{\"analysis\":\"1对应一，2对应二，3对应三,4对应四，5对应五\",\"createTime\":1606208857000,\"id\":\"d157b1df43f0426da69f9d92962c05fb\",\"itemA\":\"一\",\"itemB\":\"二\",\"itemC\":\"三\",\"itemD\":\"四\",\"itemE\":\"五\",\"level\":\"2\",\"modifiedTime\":1606631487000,\"questionTitle\":\"sdfsjkldfjksdfjkwejklfewkjlfkjlwefjkwejkfjwefjkwejkf随手打开方式可了解对方就哭了多少风景看了电视剧看风景看水电费是否离开家圣诞节快乐风刀霜剑看风景看路上的风景克里斯朵夫就开始搭建开放时间快点放假快乐圣诞节看风景看了四大皆空方老师讲课了对方就哭了圣诞节分开了斯捷克洛夫进口零食放进空间看论文就哭了sdkjlfsjkfjklwjkljklwfjklwejklfwejklfjklwjklfwejklfjkewfjkwjklefjwejfwjeklfjklwejkfwsdfjksfsjkfjklsjkldfsjkldfjklsd水电费圣诞节快乐放圣诞节快乐分<img src=\\\"https://atest888.oss-cn-hangzhou.aliyuncs.com/course/14f755eee7634096966516f1302b8687.jpg\\\">1的中文写法是(_),2的中文写法是(_),3的中文写法是(_),4的中文写法是(_),5的中文写法是(_)<p><br>\",\"questionType\":\"4\",\"score\":\"5\",\"sort\":0,\"subjectId1\":\"1080744766018883585\",\"subjectId2\":\"1080752583811469314\",\"userNo\":\"2018112015051635\",\"validValue\":1},{\"analysis\":\"6对应六\",\"createTime\":1606208857000,\"id\":\"397ab3d574f44b6ba9528802664a015c\",\"itemA\":\"六\",\"level\":\"2\",\"modifiedTime\":1606208857000,\"questionTitle\":\"6的中文写法是(_)\",\"questionType\":\"4\",\"score\":\"5\",\"sort\":0,\"subjectId1\":\"1080744766018883585\",\"subjectId2\":\"1080752583811469314\",\"userNo\":\"2018112015051635\",\"validValue\":1},{\"analysis\":\"<p>水电费为\",\"createTime\":1606625249000,\"id\":\"14f5be35f97d49a09599753eda722901\",\"itemA\":\"<p>略\",\"itemC\":\"1\",\"level\":\"3\",\"modifiedTime\":1607600951000,\"questionTitle\":\"<p>该题库最好增加哪些题目？\",\"questionType\":\"5\",\"score\":\"5\",\"sort\":0,\"subjectId1\":\"1080744766018883585\",\"subjectId2\":\"1080752583811469314\",\"userNo\":\"2018112015051635\",\"validValue\":1},{\"analysis\":\"<p>略\",\"createTime\":1606625210000,\"id\":\"903e370528b8490a9a69786ca73a70e8\",\"itemA\":\"当前还有很多好人好事，例如\",\"itemC\":\"1\",\"level\":\"3\",\"modifiedTime\":1607594467000,\"questionTitle\":\"<p>你认为当前社会有什么好事？请列出来\",\"questionType\":\"5\",\"score\":\"5\",\"sort\":0,\"subjectId1\":\"1080744766018883585\",\"subjectId2\":\"1080752583811469314\",\"userNo\":\"2018112015051635\",\"validValue\":1}]', '2018112015051635'), ('764e6631f1fe4348ae59a99e7f770315', '2021-01-19 23:16:33', '2021-01-19 23:16:33', '0', '0', '3c5a38e902cf84f8f49315084d9b5d92', '[{\"analysis\":\"一个苹果加一个苹果等于两个苹果\",\"answer\":\"C\",\"createTime\":1606146515000,\"customLabel\":\"个位数计算\",\"id\":\"2533ea4587a84ac4ab1e24f3534abaae\",\"itemA\":\"等于1\",\"itemB\":\"等于2\",\"itemC\":\"等于3\",\"itemD\":\"等于4\",\"level\":\"1\",\"modifiedTime\":1606146515000,\"questionTitle\":\"1加2等于多少\",\"questionType\":\"1\",\"score\":\"10\",\"sort\":0,\"subjectId1\":\"1080744766018883585\",\"subjectId2\":\"1080752583811469314\",\"userNo\":\"2018112015051635\",\"validValue\":1},{\"analysis\":\"一个苹果加一个苹果等于两个苹果\",\"answer\":\"B\",\"createTime\":1606146515000,\"customLabel\":\"个位数计算\",\"id\":\"521d95ff6a764116a48b9cc8bb0925d5\",\"itemA\":\"等于1\",\"itemB\":\"等于2\",\"itemC\":\"等于3\",\"itemD\":\"等于4\",\"level\":\"1\",\"modifiedTime\":1606146515000,\"questionTitle\":\"1加1等于多少\",\"questionType\":\"1\",\"score\":\"10\",\"sort\":0,\"subjectId1\":\"1080744766018883585\",\"subjectId2\":\"1080752583811469314\",\"userNo\":\"2018112015051635\",\"validValue\":1},{\"analysis\":\"3可以1加2或者2加1\",\"answer\":\"B\",\"createTime\":1606208652000,\"customLabel\":\"个位数计算\",\"id\":\"651a8af56e1a48a48c58c2dc0d79f801\",\"itemA\":\"1加2\",\"itemB\":\"3加1\",\"itemC\":\"2加1\",\"itemD\":\"3加2\",\"level\":\"2\",\"modifiedTime\":1606208652000,\"questionTitle\":\"几加几等于4？\",\"questionType\":\"2\",\"score\":\"10\",\"sort\":0,\"subjectId1\":\"1080744766018883585\",\"subjectId2\":\"1080752583811469314\",\"userNo\":\"2018112015051635\",\"validValue\":1},{\"analysis\":\"3可以1加2或者2加1\",\"answer\":\"AC\",\"createTime\":1606208652000,\"customLabel\":\"个位数计算\",\"id\":\"d5711b35bd034aafb3b4fa06b40cac6f\",\"itemA\":\"1加2\",\"itemB\":\"3加1\",\"itemC\":\"2加1\",\"itemD\":\"3加2\",\"level\":\"2\",\"modifiedTime\":1606208652000,\"questionTitle\":\"几加几等于3？\",\"questionType\":\"2\",\"score\":\"10\",\"sort\":0,\"subjectId1\":\"1080744766018883585\",\"subjectId2\":\"1080752583811469314\",\"userNo\":\"2018112015051635\",\"validValue\":1},{\"analysis\":\"1加3等于4\",\"answer\":\"0\",\"createTime\":1606208758000,\"id\":\"770a9bbf8a7a4f4a9f72be84d0408079\",\"itemC\":\"1\",\"level\":\"2\",\"modifiedTime\":1606208758000,\"questionTitle\":\"1加3等于3\",\"questionType\":\"3\",\"score\":\"10\",\"sort\":0,\"subjectId1\":\"1080744766018883585\",\"subjectId2\":\"1080752583811469314\",\"userNo\":\"2018112015051635\",\"validValue\":1},{\"analysis\":\"1加1应该等于2\",\"answer\":\"0\",\"createTime\":1606208757000,\"id\":\"ec1d5608fd584d9ea879d4a1d9d5f0a8\",\"itemC\":\"1\",\"level\":\"2\",\"modifiedTime\":1606208757000,\"questionTitle\":\"1加1等于3\",\"questionType\":\"3\",\"score\":\"10\",\"sort\":0,\"subjectId1\":\"1080744766018883585\",\"subjectId2\":\"1080752583811469314\",\"userNo\":\"2018112015051635\",\"validValue\":1},{\"analysis\":\"1对应一，2对应二，3对应三,4对应四，5对应五\",\"createTime\":1606208857000,\"id\":\"d157b1df43f0426da69f9d92962c05fb\",\"itemA\":\"一\",\"itemB\":\"二\",\"itemC\":\"三\",\"itemD\":\"四\",\"itemE\":\"五\",\"level\":\"2\",\"modifiedTime\":1606631487000,\"questionTitle\":\"sdfsjkldfjksdfjkwejklfewkjlfkjlwefjkwejkfjwefjkwejkf随手打开方式可了解对方就哭了多少风景看了电视剧看风景看水电费是否离开家圣诞节快乐风刀霜剑看风景看路上的风景克里斯朵夫就开始搭建开放时间快点放假快乐圣诞节看风景看了四大皆空方老师讲课了对方就哭了圣诞节分开了斯捷克洛夫进口零食放进空间看论文就哭了sdkjlfsjkfjklwjkljklwfjklwejklfwejklfjklwjklfwejklfjkewfjkwjklefjwejfwjeklfjklwejkfwsdfjksfsjkfjklsjkldfsjkldfjklsd水电费圣诞节快乐放圣诞节快乐分<img src=\\\"https://atest888.oss-cn-hangzhou.aliyuncs.com/course/14f755eee7634096966516f1302b8687.jpg\\\">1的中文写法是(_),2的中文写法是(_),3的中文写法是(_),4的中文写法是(_),5的中文写法是(_)<p><br>\",\"questionType\":\"4\",\"score\":\"10\",\"sort\":0,\"subjectId1\":\"1080744766018883585\",\"subjectId2\":\"1080752583811469314\",\"userNo\":\"2018112015051635\",\"validValue\":1},{\"analysis\":\"6对应六\",\"createTime\":1606208857000,\"id\":\"397ab3d574f44b6ba9528802664a015c\",\"itemA\":\"六\",\"level\":\"2\",\"modifiedTime\":1606208857000,\"questionTitle\":\"6的中文写法是(_)\",\"questionType\":\"4\",\"score\":\"10\",\"sort\":0,\"subjectId1\":\"1080744766018883585\",\"subjectId2\":\"1080752583811469314\",\"userNo\":\"2018112015051635\",\"validValue\":1},{\"analysis\":\"<p>水电费为\",\"createTime\":1606625249000,\"id\":\"14f5be35f97d49a09599753eda722901\",\"itemA\":\"<p>略\",\"itemC\":\"1\",\"level\":\"3\",\"modifiedTime\":1607600951000,\"questionTitle\":\"<p>该题库最好增加哪些题目？\",\"questionType\":\"5\",\"score\":\"10\",\"sort\":0,\"subjectId1\":\"1080744766018883585\",\"subjectId2\":\"1080752583811469314\",\"userNo\":\"2018112015051635\",\"validValue\":1},{\"analysis\":\"<p>略\",\"createTime\":1606625210000,\"id\":\"903e370528b8490a9a69786ca73a70e8\",\"itemA\":\"当前还有很多好人好事，例如\",\"itemC\":\"1\",\"level\":\"3\",\"modifiedTime\":1607594467000,\"questionTitle\":\"<p>你认为当前社会有什么好事？请列出来\",\"questionType\":\"5\",\"score\":\"10\",\"sort\":0,\"subjectId1\":\"1080744766018883585\",\"subjectId2\":\"1080752583811469314\",\"userNo\":\"2018112015051635\",\"validValue\":1}]', '2018112015051635'), ('76c84959760b4b608c9ff171c074cc4a', '2021-01-23 22:35:22', '2021-01-23 22:35:22', '0', '0', 'f8511c48eb907dbc2c19b8f6caa1cdd1', '[{\"analysis\":\"一个苹果加一个苹果等于两个苹果\",\"answer\":\"C\",\"createTime\":1606146515000,\"customLabel\":\"个位数计算\",\"id\":\"2533ea4587a84ac4ab1e24f3534abaae\",\"itemA\":\"等于1\",\"itemB\":\"等于2\",\"itemC\":\"等于3\",\"itemD\":\"等于4\",\"level\":\"1\",\"modifiedTime\":1606146515000,\"questionTitle\":\"1加2等于多少\",\"questionType\":\"1\",\"score\":\"10\",\"sort\":0,\"subjectId1\":\"1080744766018883585\",\"subjectId2\":\"1080752583811469314\",\"userNo\":\"2018112015051635\",\"validValue\":1},{\"analysis\":\"一个苹果加一个苹果等于两个苹果\",\"answer\":\"B\",\"createTime\":1606146515000,\"customLabel\":\"个位数计算\",\"id\":\"521d95ff6a764116a48b9cc8bb0925d5\",\"itemA\":\"等于1\",\"itemB\":\"等于2\",\"itemC\":\"等于3\",\"itemD\":\"等于4\",\"level\":\"1\",\"modifiedTime\":1606146515000,\"questionTitle\":\"1加1等于多少\",\"questionType\":\"1\",\"score\":\"10\",\"sort\":0,\"subjectId1\":\"1080744766018883585\",\"subjectId2\":\"1080752583811469314\",\"userNo\":\"2018112015051635\",\"validValue\":1},{\"analysis\":\"3可以1加2或者2加1\",\"answer\":\"B\",\"createTime\":1606208652000,\"customLabel\":\"个位数计算\",\"id\":\"651a8af56e1a48a48c58c2dc0d79f801\",\"itemA\":\"1加2\",\"itemB\":\"3加1\",\"itemC\":\"2加1\",\"itemD\":\"3加2\",\"level\":\"2\",\"modifiedTime\":1606208652000,\"questionTitle\":\"几加几等于4？\",\"questionType\":\"2\",\"score\":\"10\",\"sort\":0,\"subjectId1\":\"1080744766018883585\",\"subjectId2\":\"1080752583811469314\",\"userNo\":\"2018112015051635\",\"validValue\":1},{\"analysis\":\"3可以1加2或者2加1\",\"answer\":\"AC\",\"createTime\":1606208652000,\"customLabel\":\"个位数计算\",\"id\":\"d5711b35bd034aafb3b4fa06b40cac6f\",\"itemA\":\"1加2\",\"itemB\":\"3加1\",\"itemC\":\"2加1\",\"itemD\":\"3加2\",\"level\":\"2\",\"modifiedTime\":1606208652000,\"questionTitle\":\"几加几等于3？\",\"questionType\":\"2\",\"score\":\"10\",\"sort\":0,\"subjectId1\":\"1080744766018883585\",\"subjectId2\":\"1080752583811469314\",\"userNo\":\"2018112015051635\",\"validValue\":1},{\"analysis\":\"1加1应该等于2\",\"answer\":\"0\",\"createTime\":1606208757000,\"id\":\"ec1d5608fd584d9ea879d4a1d9d5f0a8\",\"itemC\":\"1\",\"level\":\"2\",\"modifiedTime\":1606208757000,\"questionTitle\":\"1加1等于3\",\"questionType\":\"3\",\"score\":\"10\",\"sort\":0,\"subjectId1\":\"1080744766018883585\",\"subjectId2\":\"1080752583811469314\",\"userNo\":\"2018112015051635\",\"validValue\":1},{\"analysis\":\"1加3等于4\",\"answer\":\"0\",\"createTime\":1606208758000,\"id\":\"770a9bbf8a7a4f4a9f72be84d0408079\",\"itemC\":\"1\",\"level\":\"2\",\"modifiedTime\":1606208758000,\"questionTitle\":\"1加3等于3\",\"questionType\":\"3\",\"score\":\"10\",\"sort\":0,\"subjectId1\":\"1080744766018883585\",\"subjectId2\":\"1080752583811469314\",\"userNo\":\"2018112015051635\",\"validValue\":1},{\"analysis\":\"1对应一，2对应二，3对应三,4对应四，5对应五\",\"createTime\":1606208857000,\"id\":\"d157b1df43f0426da69f9d92962c05fb\",\"itemA\":\"一\",\"itemB\":\"二\",\"itemC\":\"三\",\"itemD\":\"四\",\"itemE\":\"五\",\"level\":\"2\",\"modifiedTime\":1606631487000,\"questionTitle\":\"sdfsjkldfjksdfjkwejklfewkjlfkjlwefjkwejkfjwefjkwejkf随手打开方式可了解对方就哭了多少风景看了电视剧看风景看水电费是否离开家圣诞节快乐风刀霜剑看风景看路上的风景克里斯朵夫就开始搭建开放时间快点放假快乐圣诞节看风景看了四大皆空方老师讲课了对方就哭了圣诞节分开了斯捷克洛夫进口零食放进空间看论文就哭了sdkjlfsjkfjklwjkljklwfjklwejklfwejklfjklwjklfwejklfjkewfjkwjklefjwejfwjeklfjklwejkfwsdfjksfsjkfjklsjkldfsjkldfjklsd水电费圣诞节快乐放圣诞节快乐分<img src=\\\"https://atest888.oss-cn-hangzhou.aliyuncs.com/course/14f755eee7634096966516f1302b8687.jpg\\\">1的中文写法是(_),2的中文写法是(_),3的中文写法是(_),4的中文写法是(_),5的中文写法是(_)<p><br>\",\"questionType\":\"4\",\"score\":\"10\",\"sort\":0,\"subjectId1\":\"1080744766018883585\",\"subjectId2\":\"1080752583811469314\",\"userNo\":\"2018112015051635\",\"validValue\":1},{\"analysis\":\"6对应六\",\"createTime\":1606208857000,\"id\":\"397ab3d574f44b6ba9528802664a015c\",\"itemA\":\"六\",\"level\":\"2\",\"modifiedTime\":1606208857000,\"questionTitle\":\"6的中文写法是(_)\",\"questionType\":\"4\",\"score\":\"10\",\"sort\":0,\"subjectId1\":\"1080744766018883585\",\"subjectId2\":\"1080752583811469314\",\"userNo\":\"2018112015051635\",\"validValue\":1},{\"analysis\":\"<p>水电费为\",\"createTime\":1606625249000,\"id\":\"14f5be35f97d49a09599753eda722901\",\"itemA\":\"<p>略\",\"itemC\":\"1\",\"level\":\"3\",\"modifiedTime\":1607600951000,\"questionTitle\":\"<p>该题库最好增加哪些题目？\",\"questionType\":\"5\",\"score\":\"10\",\"sort\":0,\"subjectId1\":\"1080744766018883585\",\"subjectId2\":\"1080752583811469314\",\"userNo\":\"2018112015051635\",\"validValue\":1},{\"analysis\":\"<p>略\",\"createTime\":1606625210000,\"id\":\"903e370528b8490a9a69786ca73a70e8\",\"itemA\":\"当前还有很多好人好事，例如\",\"itemC\":\"1\",\"level\":\"3\",\"modifiedTime\":1607594467000,\"questionTitle\":\"<p>你认为当前社会有什么好事？请列出来\",\"questionType\":\"5\",\"score\":\"10\",\"sort\":0,\"subjectId1\":\"1080744766018883585\",\"subjectId2\":\"1080752583811469314\",\"userNo\":\"2018112015051635\",\"validValue\":1}]', '2018112015051635'), ('7a3e519d0526469da0b644421fef2fad', '2021-01-22 20:29:07', '2021-01-22 20:29:07', '0', '0', '76164ec2eb977947df774f7098f25bfe', '[{\"analysis\":\"一个苹果加一个苹果等于两个苹果\",\"answer\":\"C\",\"createTime\":1606146515000,\"customLabel\":\"个位数计算\",\"id\":\"2533ea4587a84ac4ab1e24f3534abaae\",\"itemA\":\"等于1\",\"itemB\":\"等于2\",\"itemC\":\"等于3\",\"itemD\":\"等于4\",\"level\":\"1\",\"modifiedTime\":1606146515000,\"questionTitle\":\"1加2等于多少\",\"questionType\":\"1\",\"score\":\"10\",\"sort\":0,\"subjectId1\":\"1080744766018883585\",\"subjectId2\":\"1080752583811469314\",\"userNo\":\"2018112015051635\",\"validValue\":1},{\"analysis\":\"一个苹果加一个苹果等于两个苹果\",\"answer\":\"B\",\"createTime\":1606146515000,\"customLabel\":\"个位数计算\",\"id\":\"521d95ff6a764116a48b9cc8bb0925d5\",\"itemA\":\"等于1\",\"itemB\":\"等于2\",\"itemC\":\"等于3\",\"itemD\":\"等于4\",\"level\":\"1\",\"modifiedTime\":1606146515000,\"questionTitle\":\"1加1等于多少\",\"questionType\":\"1\",\"score\":\"10\",\"sort\":0,\"subjectId1\":\"1080744766018883585\",\"subjectId2\":\"1080752583811469314\",\"userNo\":\"2018112015051635\",\"validValue\":1},{\"analysis\":\"3可以1加2或者2加1\",\"answer\":\"D\",\"createTime\":1606208652000,\"customLabel\":\"个位数计算\",\"id\":\"54d6c576e67c4af587a4a9a305e4e9c2\",\"itemA\":\"1加2\",\"itemB\":\"3加1\",\"itemC\":\"2加1\",\"itemD\":\"3加2\",\"level\":\"2\",\"modifiedTime\":1606208652000,\"questionTitle\":\"几加几等于5？\",\"questionType\":\"2\",\"score\":\"10\",\"sort\":0,\"subjectId1\":\"1080744766018883585\",\"subjectId2\":\"1080752583811469314\",\"userNo\":\"2018112015051635\",\"validValue\":1},{\"analysis\":\"3可以1加2或者2加1\",\"answer\":\"AC\",\"createTime\":1606208652000,\"customLabel\":\"个位数计算\",\"id\":\"d5711b35bd034aafb3b4fa06b40cac6f\",\"itemA\":\"1加2\",\"itemB\":\"3加1\",\"itemC\":\"2加1\",\"itemD\":\"3加2\",\"level\":\"2\",\"modifiedTime\":1606208652000,\"questionTitle\":\"几加几等于3？\",\"questionType\":\"2\",\"score\":\"10\",\"sort\":0,\"subjectId1\":\"1080744766018883585\",\"subjectId2\":\"1080752583811469314\",\"userNo\":\"2018112015051635\",\"validValue\":1},{\"analysis\":\"1加1应该等于2\",\"answer\":\"0\",\"createTime\":1606208757000,\"id\":\"ec1d5608fd584d9ea879d4a1d9d5f0a8\",\"itemC\":\"1\",\"level\":\"2\",\"modifiedTime\":1606208757000,\"questionTitle\":\"1加1等于3\",\"questionType\":\"3\",\"score\":\"10\",\"sort\":0,\"subjectId1\":\"1080744766018883585\",\"subjectId2\":\"1080752583811469314\",\"userNo\":\"2018112015051635\",\"validValue\":1},{\"analysis\":\"1加3等于4\",\"answer\":\"0\",\"createTime\":1606208758000,\"id\":\"770a9bbf8a7a4f4a9f72be84d0408079\",\"itemC\":\"1\",\"level\":\"2\",\"modifiedTime\":1606208758000,\"questionTitle\":\"1加3等于3\",\"questionType\":\"3\",\"score\":\"10\",\"sort\":0,\"subjectId1\":\"1080744766018883585\",\"subjectId2\":\"1080752583811469314\",\"userNo\":\"2018112015051635\",\"validValue\":1},{\"analysis\":\"1对应一，2对应二，3对应三,4对应四，5对应五\",\"createTime\":1606208857000,\"id\":\"d157b1df43f0426da69f9d92962c05fb\",\"itemA\":\"一\",\"itemB\":\"二\",\"itemC\":\"三\",\"itemD\":\"四\",\"itemE\":\"五\",\"level\":\"2\",\"modifiedTime\":1606631487000,\"questionTitle\":\"sdfsjkldfjksdfjkwejklfewkjlfkjlwefjkwejkfjwefjkwejkf随手打开方式可了解对方就哭了多少风景看了电视剧看风景看水电费是否离开家圣诞节快乐风刀霜剑看风景看路上的风景克里斯朵夫就开始搭建开放时间快点放假快乐圣诞节看风景看了四大皆空方老师讲课了对方就哭了圣诞节分开了斯捷克洛夫进口零食放进空间看论文就哭了sdkjlfsjkfjklwjkljklwfjklwejklfwejklfjklwjklfwejklfjkewfjkwjklefjwejfwjeklfjklwejkfwsdfjksfsjkfjklsjkldfsjkldfjklsd水电费圣诞节快乐放圣诞节快乐分<img src=\\\"https://atest888.oss-cn-hangzhou.aliyuncs.com/course/14f755eee7634096966516f1302b8687.jpg\\\">1的中文写法是(_),2的中文写法是(_),3的中文写法是(_),4的中文写法是(_),5的中文写法是(_)<p><br>\",\"questionType\":\"4\",\"score\":\"10\",\"sort\":0,\"subjectId1\":\"1080744766018883585\",\"subjectId2\":\"1080752583811469314\",\"userNo\":\"2018112015051635\",\"validValue\":1},{\"analysis\":\"6对应六\",\"createTime\":1606208857000,\"id\":\"397ab3d574f44b6ba9528802664a015c\",\"itemA\":\"六\",\"level\":\"2\",\"modifiedTime\":1606208857000,\"questionTitle\":\"6的中文写法是(_)\",\"questionType\":\"4\",\"score\":\"10\",\"sort\":0,\"subjectId1\":\"1080744766018883585\",\"subjectId2\":\"1080752583811469314\",\"userNo\":\"2018112015051635\",\"validValue\":1},{\"analysis\":\"<p>水电费为\",\"createTime\":1606625249000,\"id\":\"14f5be35f97d49a09599753eda722901\",\"itemA\":\"<p>略\",\"itemC\":\"1\",\"level\":\"3\",\"modifiedTime\":1607600951000,\"questionTitle\":\"<p>该题库最好增加哪些题目？\",\"questionType\":\"5\",\"score\":\"10\",\"sort\":0,\"subjectId1\":\"1080744766018883585\",\"subjectId2\":\"1080752583811469314\",\"userNo\":\"2018112015051635\",\"validValue\":1},{\"analysis\":\"<p>略\",\"createTime\":1606625210000,\"id\":\"903e370528b8490a9a69786ca73a70e8\",\"itemA\":\"当前还有很多好人好事，例如\",\"itemC\":\"1\",\"level\":\"3\",\"modifiedTime\":1607594467000,\"questionTitle\":\"<p>你认为当前社会有什么好事？请列出来\",\"questionType\":\"5\",\"score\":\"10\",\"sort\":0,\"subjectId1\":\"1080744766018883585\",\"subjectId2\":\"1080752583811469314\",\"userNo\":\"2018112015051635\",\"validValue\":1}]', '2018112015051635'), ('b48c8946f21e401eb244319e62cf6b3b', '2021-08-16 17:02:43', '2021-08-16 17:02:43', '0', '0', '71e30d0329e25fc88222fba4960d55c3', '[{\"analysis\":\"<p>1加1等于2\",\"answer\":\"B\",\"createTime\":1629101597407,\"customLabel\":\"<p>Java</p>\",\"id\":\"69bd903bcf934ed1893ad50622615077\",\"itemA\":\"<p>1\",\"itemB\":\"<p>2\",\"itemC\":\"<p>3\",\"itemD\":\"<p>4\",\"level\":\"2\",\"modifiedTime\":1629101597407,\"questionTitle\":\"<p>1+1等于多少？\",\"questionType\":\"1\",\"score\":\"20\",\"sort\":0,\"subjectId1\":\"15cb8409974d443f983a9fec572975a0\",\"userNo\":\"21060212272507456918048065577890\",\"validValue\":1},{\"analysis\":\"<p>6+3=9，4+5=9\",\"answer\":\"BC\",\"createTime\":1629101726131,\"customLabel\":\"<p>java</p>\",\"id\":\"0a64ae8748ae4ae394154912167de8cb\",\"itemA\":\"<p>2加3\",\"itemB\":\"<p>6加3<br>\",\"itemC\":\"<p>4+5\",\"itemD\":\"<p>2+1\",\"level\":\"2\",\"modifiedTime\":1629101726131,\"questionTitle\":\"<p>下面那个结果等于9？\",\"questionType\":\"2\",\"score\":\"20\",\"sort\":0,\"subjectId1\":\"15cb8409974d443f983a9fec572975a0\",\"userNo\":\"21060212272507456918048065577890\",\"validValue\":1},{\"analysis\":\"<p>当然要热爱学习啊\",\"answer\":\"1\",\"createTime\":1629102235502,\"customLabel\":\"<p>java</p>\",\"id\":\"028d6955cd6d414a900e1aa3ec831989\",\"level\":\"2\",\"modifiedTime\":1629102235502,\"questionTitle\":\"<p>我们要热爱学习\",\"questionType\":\"3\",\"score\":\"20\",\"sort\":0,\"subjectId1\":\"15cb8409974d443f983a9fec572975a0\",\"userNo\":\"21060212272507456918048065577890\",\"validValue\":1},{\"analysis\":\"<p>w认为\",\"createTime\":1626591975623,\"customLabel\":\"<p>r玩儿</p>\",\"id\":\"43d120c3730e49159ce6c1a3aada9b4a\",\"itemA\":\"234223\",\"itemB\":\"234234\",\"itemC\":\"234324\",\"itemD\":\"23423\",\"itemE\":\"234\",\"itemF\":\"234234\",\"itemG\":\"23423\",\"itemH\":\"2342\",\"level\":\"3\",\"modifiedTime\":1626591975623,\"questionTitle\":\"<p>23日42\",\"questionType\":\"4\",\"score\":\"20\",\"sort\":0,\"subjectId1\":\"15cb8409974d443f983a9fec572975a0\",\"userNo\":\"21060212272507456918048065577890\",\"validValue\":1},{\"analysis\":\"<p>&lt;p&gt;很简单，1+1=2，1+2=1+1+1=3&lt;/p&gt;\",\"createTime\":1629102491524,\"customLabel\":\"<p>java</p>\",\"id\":\"5f3dc27354b2418faa79a23d5dd190c6\",\"itemA\":\"<p>2&lt;p&gt;1+1=2，1+2=1+1+1=3&lt;/p&gt;\",\"level\":\"2\",\"modifiedTime\":1629102491524,\"questionTitle\":\"<p>1+2为什么等于3？\",\"questionType\":\"5\",\"score\":\"20\",\"sort\":0,\"subjectId1\":\"15cb8409974d443f983a9fec572975a0\",\"userNo\":\"21060212272507456918048065577890\",\"validValue\":1}]', '21060212272507456918048065577890');
COMMIT;

-- ----------------------------
--  Table structure for `exam_question`
-- ----------------------------
DROP TABLE IF EXISTS `exam_question`;
CREATE TABLE `exam_question` (
  `id` varchar(36) NOT NULL COMMENT '主键',
  `create_time` datetime NOT NULL DEFAULT CURRENT_TIMESTAMP COMMENT '创建时间',
  `modified_time` datetime NOT NULL DEFAULT CURRENT_TIMESTAMP COMMENT '修改时间',
  `valid_value` tinyint(3) unsigned NOT NULL DEFAULT '1' COMMENT '状态(1:正常，0:禁用)',
  `sort` int(11) unsigned NOT NULL DEFAULT '1' COMMENT '排序',
  `question_title` text NOT NULL COMMENT '题干',
  `question_type` varchar(300) DEFAULT '' COMMENT '题目类型(1单选题，2多选题，3判断题，4填空题，5简单题)',
  `item_a` varchar(1000) DEFAULT NULL COMMENT 'A选项',
  `item_b` varchar(1000) DEFAULT '' COMMENT 'B选项',
  `item_c` varchar(1000) DEFAULT '1' COMMENT 'C选项',
  `item_d` varchar(1000) DEFAULT NULL COMMENT 'D选项',
  `item_e` varchar(1000) DEFAULT NULL COMMENT 'E选项',
  `item_f` varchar(1000) DEFAULT '' COMMENT 'F选项',
  `item_g` varchar(1000) DEFAULT NULL COMMENT 'G选项',
  `item_h` varchar(1000) DEFAULT NULL COMMENT 'H选项',
  `answer` varchar(1000) DEFAULT NULL COMMENT '答案。单选、多选、判断(1正确，0错误)、(填空答案在item_a、item_b...item_h)、(简答题答案在item_a)',
  `analysis` text COMMENT '解析',
  `user_no` varchar(36) DEFAULT NULL COMMENT 'user表对应的user_no',
  `level` varchar(1) DEFAULT NULL COMMENT '难度，1到5，1最容易，5最难',
  `subject_id1` varchar(36) DEFAULT NULL,
  `subject_id2` varchar(36) DEFAULT NULL,
  `subject_id3` varchar(36) DEFAULT NULL,
  `custom_label` varchar(200) DEFAULT NULL COMMENT '自定义标签，用于方便搜索',
  PRIMARY KEY (`id`)
) ENGINE=InnoDB DEFAULT CHARSET=utf8 ROW_FORMAT=DYNAMIC COMMENT='试题表';

-- ----------------------------
--  Records of `exam_question`
-- ----------------------------
BEGIN;
INSERT INTO `exam_question` VALUES ('028d6955cd6d414a900e1aa3ec831989', '2021-08-16 16:23:55', '2021-08-16 16:23:55', '1', '0', '<p>我们要热爱学习', '3', null, '', '1', null, null, '', null, null, '1', '<p>当然要热爱学习啊', '21060212272507456918048065577890', '2', '15cb8409974d443f983a9fec572975a0', null, null, '<p>java</p>'), ('0a64ae8748ae4ae394154912167de8cb', '2021-08-16 16:15:26', '2021-08-16 16:15:26', '1', '0', '<p>下面那个结果等于9？', '2', '<p>2加3', '<p>6加3<br>', '<p>4+5', '<p>2+1', null, '', null, null, 'BC', '<p>6+3=9，4+5=9', '21060212272507456918048065577890', '2', '15cb8409974d443f983a9fec572975a0', null, null, '<p>java</p>'), ('14f5be35f97d49a09599753eda722901', '2020-11-29 12:47:29', '2020-12-10 19:49:11', '1', '0', '<p>该题库最好增加哪些题目？', '5', '<p>略', '', '1', null, null, '', null, null, null, '<p>水电费为', '2018112015051635', '3', '1080744766018883585', '1080752583811469314', null, null), ('2533ea4587a84ac4ab1e24f3534abaae', '2020-11-23 23:48:35', '2020-11-23 23:48:35', '1', '0', '1加2等于多少', '1', '等于1', '等于2', '等于3', '等于4', '', '', '', '', 'C', '一个苹果加一个苹果等于两个苹果', '2018112015051635', '1', '1080744766018883585', '1080752583811469314', null, '个位数计算'), ('397ab3d574f44b6ba9528802664a015c', '2020-11-24 17:07:37', '2020-11-24 17:07:37', '1', '0', '6的中文写法是(_)', '4', '六', '', '', '', '', '', '', '', null, '6对应六', '2018112015051635', '2', '1080744766018883585', '1080752583811469314', null, ''), ('521d95ff6a764116a48b9cc8bb0925d5', '2020-11-23 23:48:35', '2020-11-23 23:48:35', '1', '0', '1加1等于多少', '1', '等于1', '等于2', '等于3', '等于4', '', '', '', '', 'B', '一个苹果加一个苹果等于两个苹果', '2018112015051635', '1', '1080744766018883585', '1080752583811469314', null, '个位数计算'), ('54d6c576e67c4af587a4a9a305e4e9c2', '2020-11-24 17:04:12', '2020-11-24 17:04:12', '1', '0', '几加几等于5？', '2', '1加2', '3加1', '2加1', '3加2', '', '', '', '', 'D', '3可以1加2或者2加1', '2018112015051635', '2', '1080744766018883585', '1080752583811469314', null, '个位数计算'), ('5f3dc27354b2418faa79a23d5dd190c6', '2021-08-16 16:28:11', '2021-08-16 16:28:11', '1', '0', '<p>1+2为什么等于3？', '5', '<p>2&lt;p&gt;1+1=2，1+2=1+1+1=3&lt;/p&gt;', '', '1', null, null, '', null, null, null, '<p>&lt;p&gt;很简单，1+1=2，1+2=1+1+1=3&lt;/p&gt;', '21060212272507456918048065577890', '2', '15cb8409974d443f983a9fec572975a0', null, null, '<p>java</p>'), ('651a8af56e1a48a48c58c2dc0d79f801', '2020-11-24 17:04:12', '2020-11-24 17:04:12', '1', '0', '几加几等于4？', '2', '1加2', '3加1', '2加1', '3加2', '', '', '', '', 'B', '3可以1加2或者2加1', '2018112015051635', '2', '1080744766018883585', '1080752583811469314', null, '个位数计算'), ('69bd903bcf934ed1893ad50622615077', '2021-08-16 16:13:17', '2021-08-16 16:13:17', '1', '0', '<p>1+1等于多少？', '1', '<p>1', '<p>2', '<p>3', '<p>4', null, '', null, null, 'B', '<p>1加1等于2', '21060212272507456918048065577890', '2', '15cb8409974d443f983a9fec572975a0', null, null, '<p>Java</p>'), ('770a9bbf8a7a4f4a9f72be84d0408079', '2020-11-24 17:05:58', '2020-11-24 17:05:58', '1', '0', '1加3等于3', '3', null, '', '1', null, null, '', null, null, '0', '1加3等于4', '2018112015051635', '2', '1080744766018883585', '1080752583811469314', null, ''), ('78502c2a8b384953a97c83b2b78179d6', '2021-08-16 16:26:40', '2021-08-16 16:26:40', '1', '0', '<p>1+1=(_)，2+1=(_)', '4', '2', '3', '1', null, null, '', null, null, null, '<p>1+1=2,1+2=3', '21060212272507456918048065577890', '2', '15cb8409974d443f983a9fec572975a0', null, null, '<p>java</p>'), ('903e370528b8490a9a69786ca73a70e8', '2020-11-29 12:46:50', '2020-12-10 18:01:07', '1', '0', '<p>你认为当前社会有什么好事？请列出来', '5', '当前还有很多好人好事，例如', '', '1', null, null, '', null, null, null, '<p>略', '2018112015051635', '3', '1080744766018883585', '1080752583811469314', null, null), ('d157b1df43f0426da69f9d92962c05fb', '2020-11-24 17:07:37', '2020-11-29 14:31:27', '1', '0', 'sdfsjkldfjksdfjkwejklfewkjlfkjlwefjkwejkfjwefjkwejkf随手打开方式可了解对方就哭了多少风景看了电视剧看风景看水电费是否离开家圣诞节快乐风刀霜剑看风景看路上的风景克里斯朵夫就开始搭建开放时间快点放假快乐圣诞节看风景看了四大皆空方老师讲课了对方就哭了圣诞节分开了斯捷克洛夫进口零食放进空间看论文就哭了sdkjlfsjkfjklwjkljklwfjklwejklfwejklfjklwjklfwejklfjkewfjkwjklefjwejfwjeklfjklwejkfwsdfjksfsjkfjklsjkldfsjkldfjklsd水电费圣诞节快乐放圣诞节快乐分<img src=\"https://atest888.oss-cn-hangzhou.aliyuncs.com/course/14f755eee7634096966516f1302b8687.jpg\">1的中文写法是(_),2的中文写法是(_),3的中文写法是(_),4的中文写法是(_),5的中文写法是(_)<p><br>', '4', '一', '二', '三', '四', '五', '', '', '', null, '1对应一，2对应二，3对应三,4对应四，5对应五', '2018112015051635', '2', '1080744766018883585', '1080752583811469314', null, ''), ('d5711b35bd034aafb3b4fa06b40cac6f', '2020-11-24 17:04:12', '2020-11-24 17:04:12', '1', '0', '几加几等于3？', '2', '1加2', '3加1', '2加1', '3加2', '', '', '', '', 'AC', '3可以1加2或者2加1', '2018112015051635', '2', '1080744766018883585', '1080752583811469314', null, '个位数计算'), ('ec1d5608fd584d9ea879d4a1d9d5f0a8', '2020-11-24 17:05:57', '2020-11-24 17:05:57', '1', '0', '1加1等于3', '3', null, '', '1', null, null, '', null, null, '0', '1加1应该等于2', '2018112015051635', '2', '1080744766018883585', '1080752583811469314', null, ''), ('ef6a56f834f749618e53c9eb1e9f7760', '2020-11-24 17:05:58', '2020-11-24 17:05:58', '1', '0', '1加2等于3', '3', null, '', '1', null, null, '', null, null, '1', '1加2等于3', '2018112015051635', '2', '1080744766018883585', '1080752583811469314', null, '');
COMMIT;

-- ----------------------------
--  Table structure for `exam_question_course`
-- ----------------------------
DROP TABLE IF EXISTS `exam_question_course`;
CREATE TABLE `exam_question_course` (
  `id` varchar(36) NOT NULL COMMENT '主键',
  `create_time` datetime NOT NULL DEFAULT CURRENT_TIMESTAMP COMMENT '创建时间',
  `modified_time` datetime NOT NULL DEFAULT CURRENT_TIMESTAMP COMMENT '修改时间',
  `valid_value` tinyint(3) unsigned NOT NULL DEFAULT '1' COMMENT '状态(1:正常，0:禁用)',
  `sort` int(11) unsigned NOT NULL DEFAULT '1' COMMENT '排序',
  `question_id` varchar(36) NOT NULL COMMENT '试题表exam_question的ID',
  `course_id` varchar(36) DEFAULT '' COMMENT '课程表course的ID',
  `chapter_id` varchar(36) DEFAULT NULL COMMENT '章节表course_chapter的ID',
  `lesson_id` varchar(36) DEFAULT '' COMMENT '课时表course_chapter_period的ID',
  `bind_type` varchar(1) NOT NULL DEFAULT '0' COMMENT '绑定类型(1课程、2章节、3课时)',
  PRIMARY KEY (`id`)
) ENGINE=InnoDB DEFAULT CHARSET=utf8 ROW_FORMAT=DYNAMIC COMMENT='试题课程关系绑定';

-- ----------------------------
--  Records of `exam_question_course`
-- ----------------------------
BEGIN;
INSERT INTO `exam_question_course` VALUES ('1c92182c00e44888843fe7896f7920fd', '2021-08-16 17:01:41', '2021-08-16 17:01:41', '0', '0', '028d6955cd6d414a900e1aa3ec831989', '507d6f34d9b544e3a0bbbad912cd3772', null, '', '1'), ('2de83583400940abbd6ba50c50ea1c29', '2021-08-16 17:01:41', '2021-08-16 17:01:41', '0', '0', '78502c2a8b384953a97c83b2b78179d6', '507d6f34d9b544e3a0bbbad912cd3772', null, '', '1'), ('41224b890e5041ccb3d0ecd3bc8a7ef3', '2021-08-16 16:28:38', '2021-08-16 16:28:38', '0', '0', '5f3dc27354b2418faa79a23d5dd190c6', '507d6f34d9b544e3a0bbbad912cd3772', 'cd06ec60c0604bfa8eb46d83d0f3abb3', 'a735dadcb6a243999b865678d4ac215a', '3'), ('4cf1347d292a426ab72feb01b5eec2a1', '2021-08-16 16:28:38', '2021-08-16 16:28:38', '0', '0', '028d6955cd6d414a900e1aa3ec831989', '507d6f34d9b544e3a0bbbad912cd3772', 'cd06ec60c0604bfa8eb46d83d0f3abb3', 'a735dadcb6a243999b865678d4ac215a', '3'), ('734fa0dd75a44b00896b0cec794f4e27', '2021-08-16 17:01:41', '2021-08-16 17:01:41', '0', '0', '0a64ae8748ae4ae394154912167de8cb', '507d6f34d9b544e3a0bbbad912cd3772', null, '', '1'), ('9107a5d37a494f4fa488f9429c4ee27f', '2021-08-16 16:28:38', '2021-08-16 16:28:38', '0', '0', '78502c2a8b384953a97c83b2b78179d6', '507d6f34d9b544e3a0bbbad912cd3772', 'cd06ec60c0604bfa8eb46d83d0f3abb3', 'a735dadcb6a243999b865678d4ac215a', '3'), ('b85a5853f9924a9583c1f15e9fd186ab', '2021-08-16 17:01:41', '2021-08-16 17:01:41', '0', '0', '5f3dc27354b2418faa79a23d5dd190c6', '507d6f34d9b544e3a0bbbad912cd3772', null, '', '1'), ('c604d540e5584c26919390448b27b216', '2021-08-16 16:28:38', '2021-08-16 16:28:38', '0', '0', '0a64ae8748ae4ae394154912167de8cb', '507d6f34d9b544e3a0bbbad912cd3772', 'cd06ec60c0604bfa8eb46d83d0f3abb3', 'a735dadcb6a243999b865678d4ac215a', '3'), ('d25c1bf13b0540b7b523295bdf441220', '2021-08-16 17:01:41', '2021-08-16 17:01:41', '0', '0', '69bd903bcf934ed1893ad50622615077', '507d6f34d9b544e3a0bbbad912cd3772', null, '', '1'), ('dad63c581f0c4cf3b37b70620ae8c2be', '2021-08-16 16:28:38', '2021-08-16 16:28:38', '0', '0', '69bd903bcf934ed1893ad50622615077', '507d6f34d9b544e3a0bbbad912cd3772', 'cd06ec60c0604bfa8eb46d83d0f3abb3', 'a735dadcb6a243999b865678d4ac215a', '3');
COMMIT;

-- ----------------------------
--  Table structure for `file_storage`
-- ----------------------------
DROP TABLE IF EXISTS `file_storage`;
CREATE TABLE `file_storage` (
  `id` varchar(36) NOT NULL COMMENT '主键',
  `create_time` datetime NOT NULL DEFAULT CURRENT_TIMESTAMP COMMENT '创建时间',
  `file_no` varchar(36) NOT NULL COMMENT '文件编号',
  `file_name` varchar(128) NOT NULL COMMENT '文件名称',
  `file_url` varchar(255) NOT NULL COMMENT '文件地址',
  `file_type` tinyint(3) NOT NULL COMMENT '文件类型(1:附件;2;图片;3:视频)',
  `file_size` bigint(20) NOT NULL COMMENT '文件大小',
  PRIMARY KEY (`id`)
) ENGINE=InnoDB DEFAULT CHARSET=utf8mb4 COMMENT='文件存储表';

-- ----------------------------
--  Table structure for `friend_link`
-- ----------------------------
DROP TABLE IF EXISTS `friend_link`;
CREATE TABLE `friend_link` (
  `id` varchar(36) NOT NULL COMMENT '主键',
  `create_time` datetime NOT NULL DEFAULT CURRENT_TIMESTAMP COMMENT '创建时间',
  `modified_time` datetime DEFAULT CURRENT_TIMESTAMP COMMENT '修改时间',
  `valid_value` tinyint(3) unsigned NOT NULL DEFAULT '1' COMMENT '状态(1有效, 0无效)',
  `sort` int(11) NOT NULL DEFAULT '1' COMMENT '排序',
  `link_name` varchar(50) NOT NULL COMMENT '名称',
  `link_url` varchar(255) NOT NULL COMMENT '链接',
  `link_target` varchar(50) NOT NULL COMMENT '跳转方式(_blank，_self)',
  PRIMARY KEY (`id`)
) ENGINE=InnoDB DEFAULT CHARSET=utf8 ROW_FORMAT=DYNAMIC COMMENT='站点友情链接';

-- ----------------------------
--  Records of `friend_link`
-- ----------------------------
BEGIN;
INSERT INTO `friend_link` VALUES ('1060350851601158145', '2018-11-08 09:59:52', '2018-11-08 09:59:52', '1', '1', '百度', 'https://www.baidu.com', '_blank'), ('1060353540380708865', '2018-11-08 10:10:33', '2018-11-08 10:10:33', '1', '1', '旺鑫教育', 'http://www.wangxinvip.com/', '_blank'), ('fc2414e79d2045e3b2cb8f7b6fb34df7', '2020-08-13 14:22:55', '2020-08-13 14:22:55', '1', '1', '网易', 'http://www.163.com', '_blank');
COMMIT;

-- ----------------------------
--  Table structure for `lesson`
-- ----------------------------
DROP TABLE IF EXISTS `lesson`;
CREATE TABLE `lesson` (
  `id` varchar(36) NOT NULL COMMENT '主键',
  `create_time` datetime NOT NULL DEFAULT CURRENT_TIMESTAMP COMMENT '创建时间',
  `modified_time` datetime NOT NULL DEFAULT CURRENT_TIMESTAMP COMMENT '修改时间',
  `valid_value` tinyint(3) unsigned NOT NULL DEFAULT '1' COMMENT '状态(1:正常，0:禁用)',
  `sort` int(11) NOT NULL DEFAULT '1' COMMENT '排序',
  `course_id` varchar(36) NOT NULL DEFAULT '0' COMMENT '课程ID',
  `chapter_id` varchar(36) NOT NULL DEFAULT '0' COMMENT '章节ID',
  `lesson_name` varchar(255) NOT NULL COMMENT '课时名称',
  `lesson_desc` varchar(255) DEFAULT NULL COMMENT '课时描述',
  `is_free` tinyint(3) NOT NULL DEFAULT '0' COMMENT '是否免费：1免费，0收费',
  `lesson_original` decimal(11,2) NOT NULL DEFAULT '0.00' COMMENT '原价',
  `lesson_discount` decimal(11,2) NOT NULL DEFAULT '0.00' COMMENT '优惠价',
  `buy_count` int(11) NOT NULL DEFAULT '0' COMMENT '购买人数',
  `study_count` int(11) NOT NULL DEFAULT '0' COMMENT '学习人数',
  `is_doc` tinyint(3) NOT NULL DEFAULT '0' COMMENT '是否存在文档(1存在，0否)',
  `doc_name` varchar(255) DEFAULT NULL COMMENT '文档名称',
  `doc_url` varchar(255) DEFAULT NULL COMMENT '文档地址',
  `is_video` varchar(255) NOT NULL DEFAULT '0' COMMENT '是否存在视频(1存在，0否)',
  `video_local_number` varchar(36) DEFAULT NULL COMMENT '视频编号',
  `video_name` varchar(255) DEFAULT NULL COMMENT '视频名称',
  `video_length` varchar(36) DEFAULT NULL COMMENT '时长',
  `video_vid` varchar(50) DEFAULT NULL COMMENT '视频VID',
  `lesson_type` tinyint(3) DEFAULT '0' COMMENT '课程类型，0点播，1直播，3回放',
  `live_broadcast_begin_time` datetime DEFAULT NULL COMMENT '直播开始时间',
  `live_broadcast_plan_length` int(11) DEFAULT '0' COMMENT '计划直播时长(分钟)',
  `live_broadcast_hls_address` varchar(500) DEFAULT NULL COMMENT '直播HLS播放地址',
  `live_broadcast_obs_stream_address` varchar(500) DEFAULT NULL COMMENT '直播推流地址',
  `live_broadcast_obs_stream_name` varchar(500) DEFAULT NULL COMMENT '直播OBS推流名称',
  PRIMARY KEY (`id`)
) ENGINE=InnoDB DEFAULT CHARSET=utf8 ROW_FORMAT=DYNAMIC COMMENT='课时信息';

-- ----------------------------
--  Records of `lesson`
-- ----------------------------
BEGIN;
INSERT INTO `lesson` VALUES ('3ca4808b2481445582fc0d24c7c8a301', '2021-08-09 04:54:41', '2021-08-09 04:54:41', '0', '0', '864c83bfaf054875817e1e144d195f50', 'c5c88406605f496182974e5c654093a2', '安装redis', null, '0', '0.00', '0.00', '0', '0', '0', null, null, '1', '', '', '', null, '0', null, '0', null, null, null), ('5c77ba5ff70142058333d6b0e6584d90', '2021-07-03 16:42:17', '2021-07-03 16:43:08', '0', '0', 'f1c4b15a6d0e4b869483f4f8ad913c77', '8d5aa82fcaeb439cbf10bf11fe011fcb', 'centos 7.6 64位系统更新', null, '0', '0.00', '0.00', '0', '0', '0', null, null, '1', '0132a74e8734436696effde92a242f38', '修改yum源(操作系统更新).mp4', '', null, '0', null, '0', null, null, null), ('6c0c5241baa64df4bd2f8128b6b60808', '2021-08-09 04:22:30', '2021-08-09 04:22:30', '0', '0', '039f99e1e4c64af69bfcc9318bb82939', '6774f5c331e4452794d755d2d4f172e5', '安装mysql', null, '0', '0.00', '0.00', '0', '0', '0', null, null, '1', '', '', '', null, '0', null, '0', null, null, null), ('a735dadcb6a243999b865678d4ac215a', '2021-08-09 17:34:29', '2021-08-09 19:47:09', '0', '0', '507d6f34d9b544e3a0bbbad912cd3772', 'cd06ec60c0604bfa8eb46d83d0f3abb3', '安装java环境', null, '0', '0.00', '0.00', '0', '0', '0', null, null, '1', '8ec41434d50b48ecb0bd65e134d5b4f2', '安装java.mp4', '', null, '0', null, '0', null, null, null), ('c311f0305b244a989786cb1d6aa91814', '2021-08-09 05:08:41', '2021-08-09 05:08:41', '0', '0', '1538cd6557b547e985879c1749c50a82', '3065f198d2734a009d96dfdd3b8b5189', '测试课程', null, '0', '0.00', '0.00', '0', '0', '0', null, null, '0', null, null, null, null, '0', null, '0', null, null, null), ('c37b39ccc6d54a52bce49fc9d40218a3', '2021-08-09 04:22:30', '2021-08-09 04:22:30', '3', '0', '039f99e1e4c64af69bfcc9318bb82939', '6774f5c331e4452794d755d2d4f172e5', '222', null, '0', '0.00', '0.00', '0', '0', '0', null, null, '0', null, null, null, null, '0', null, '0', null, null, null);
COMMIT;

-- ----------------------------
--  Table structure for `lesson_apply`
-- ----------------------------
DROP TABLE IF EXISTS `lesson_apply`;
CREATE TABLE `lesson_apply` (
  `id` varchar(36) NOT NULL COMMENT '主键',
  `create_time` datetime NOT NULL DEFAULT CURRENT_TIMESTAMP COMMENT '创建时间',
  `modified_time` datetime NOT NULL DEFAULT CURRENT_TIMESTAMP COMMENT '修改时间',
  `valid_value` tinyint(3) unsigned NOT NULL DEFAULT '1' COMMENT '状态(1:正常，0:禁用)',
  `sort` int(11) NOT NULL DEFAULT '1' COMMENT '排序',
  `apply_status` int(11) NOT NULL DEFAULT '0' COMMENT '审核状态(0:待审核;1:审核通过;2:审核不通过)',
  `apply_result_desc` varchar(1024) DEFAULT NULL COMMENT '审核意见',
  `course_id` varchar(36) NOT NULL DEFAULT '0' COMMENT '课程ID',
  `chapter_id` varchar(36) NOT NULL DEFAULT '0' COMMENT '章节ID',
  `lesson_desc` varchar(255) DEFAULT NULL COMMENT '课时描述',
  `is_free` tinyint(3) NOT NULL DEFAULT '0' COMMENT '是否免费：1免费，0收费',
  `lesson_original` decimal(11,2) NOT NULL DEFAULT '0.00' COMMENT '原价',
  `lesson_discount` decimal(11,2) NOT NULL DEFAULT '0.00' COMMENT '优惠价',
  `buy_count` int(11) NOT NULL DEFAULT '0' COMMENT '购买人数',
  `study_count` int(11) NOT NULL DEFAULT '0' COMMENT '学习人数',
  `is_doc` tinyint(3) NOT NULL DEFAULT '0' COMMENT '是否存在文档(1存在，0否)',
  `doc_name` varchar(255) DEFAULT NULL COMMENT '文档名称',
  `doc_url` varchar(255) DEFAULT NULL COMMENT '文档地址',
  `lesson_name` varchar(255) NOT NULL DEFAULT '' COMMENT '课时名称',
  `is_video` varchar(255) NOT NULL DEFAULT '0' COMMENT '是否存在视频(1存在，0否)',
  `video_local_number` varchar(36) DEFAULT NULL COMMENT '视频编号',
  `video_name` varchar(255) DEFAULT NULL COMMENT '视频名称',
  `video_length` varchar(36) DEFAULT NULL COMMENT '时长',
  `video_vid` varchar(50) DEFAULT NULL COMMENT '视频VID',
  `lesson_type` tinyint(3) DEFAULT '0' COMMENT '课程类型，0点播，1直播，3回放',
  `live_broadcast_begin_time` datetime DEFAULT NULL COMMENT '直播开始时间',
  `live_broadcast_plan_length` int(11) DEFAULT '0' COMMENT '计划直播时长(分钟)',
  `live_broadcast_hls_address` varchar(500) DEFAULT NULL COMMENT '直播HLS播放地址',
  `live_broadcast_obs_stream_address` varchar(500) DEFAULT NULL COMMENT '直播推流地址',
  `live_broadcast_obs_stream_name` varchar(500) DEFAULT NULL COMMENT '直播OBS推流名称',
  PRIMARY KEY (`id`)
) ENGINE=InnoDB DEFAULT CHARSET=utf8 ROW_FORMAT=DYNAMIC COMMENT='课时信息-审核';

-- ----------------------------
--  Records of `lesson_apply`
-- ----------------------------
BEGIN;
INSERT INTO `lesson_apply` VALUES ('3ca4808b2481445582fc0d24c7c8a301', '2021-08-09 17:52:13', '2021-08-09 17:54:40', '0', '0', '1', null, '864c83bfaf054875817e1e144d195f50', 'c5c88406605f496182974e5c654093a2', null, '0', '0.00', '0.00', '0', '0', '0', null, null, '安装redis', '1', '', '', '', null, '0', null, '0', null, null, null), ('5c77ba5ff70142058333d6b0e6584d90', '2021-07-03 16:42:17', '2021-07-03 16:43:08', '0', '0', '1', null, 'f1c4b15a6d0e4b869483f4f8ad913c77', '8d5aa82fcaeb439cbf10bf11fe011fcb', null, '0', '0.00', '0.00', '0', '0', '0', null, null, 'centos 7.6 64位系统更新', '1', '0132a74e8734436696effde92a242f38', '修改yum源(操作系统更新).mp4', '', null, '0', null, '0', null, null, null), ('6c0c5241baa64df4bd2f8128b6b60808', '2021-08-09 17:17:49', '2021-08-09 17:22:29', '0', '0', '1', null, '039f99e1e4c64af69bfcc9318bb82939', '6774f5c331e4452794d755d2d4f172e5', null, '0', '0.00', '0.00', '0', '0', '0', null, null, '安装mysql', '1', '', '', '', null, '0', null, '0', null, null, null), ('a735dadcb6a243999b865678d4ac215a', '2021-08-09 17:34:29', '2021-08-09 19:47:09', '0', '0', '1', null, '507d6f34d9b544e3a0bbbad912cd3772', 'cd06ec60c0604bfa8eb46d83d0f3abb3', null, '0', '0.00', '0.00', '0', '0', '0', null, null, '安装java环境', '1', '8ec41434d50b48ecb0bd65e134d5b4f2', '安装java.mp4', '', null, '0', null, '0', null, null, null), ('c311f0305b244a989786cb1d6aa91814', '2021-08-09 18:08:18', '2021-08-09 18:08:41', '0', '0', '1', null, '1538cd6557b547e985879c1749c50a82', '3065f198d2734a009d96dfdd3b8b5189', null, '0', '0.00', '0.00', '0', '0', '0', null, null, '测试课程', '0', null, null, null, null, '0', null, '0', null, null, null), ('c37b39ccc6d54a52bce49fc9d40218a3', '2021-08-09 17:18:18', '2021-08-09 17:22:29', '3', '0', '1', null, '039f99e1e4c64af69bfcc9318bb82939', '6774f5c331e4452794d755d2d4f172e5', null, '0', '0.00', '0.00', '0', '0', '0', null, null, '222', '0', null, null, null, null, '0', null, '0', null, null, null);
COMMIT;

-- ----------------------------
--  Table structure for `login_log`
-- ----------------------------
DROP TABLE IF EXISTS `login_log`;
CREATE TABLE `login_log` (
  `id` varchar(36) NOT NULL COMMENT '主键',
  `create_time` datetime NOT NULL DEFAULT CURRENT_TIMESTAMP COMMENT '创建时间',
  `modified_time` datetime DEFAULT NULL COMMENT '修改时间',
  `valid_value` tinyint(3) unsigned NOT NULL DEFAULT '1' COMMENT '状态(1有效, 0无效)',
  `sort` int(11) NOT NULL DEFAULT '1' COMMENT '排序',
  `login_user_no` varchar(36) NOT NULL COMMENT '登录的用户编号',
  `client_id` char(34) NOT NULL DEFAULT '' COMMENT '客户端ID',
  `login_status` tinyint(3) NOT NULL DEFAULT '1' COMMENT '登录状态(1成功，0失败)',
  `login_ip` varchar(255) DEFAULT NULL COMMENT '登录IP',
  `login_platform` tinyint(3) DEFAULT '0' COMMENT '登录平台(1PC端,2移动端,3后台管理)',
  PRIMARY KEY (`id`)
) ENGINE=InnoDB DEFAULT CHARSET=utf8 ROW_FORMAT=DYNAMIC COMMENT='站点信息';

-- ----------------------------
--  Records of `login_log`
-- ----------------------------
BEGIN;
INSERT INTO `login_log` VALUES ('004e0bcc-08e4-429b-b904-b6f09b8184c9', '2021-04-08 17:16:32', null, '1', '0', '2018112015051635', '', '1', '192.168.1.102', '2'), ('011503bd-8889-49dc-a4ee-4b9e1d467974', '2021-03-22 20:03:00', null, '1', '0', '2018112015051635', '', '1', '192.168.1.102', '2'), ('014cc152-c8f7-4993-a8a4-a300b4e716b2', '2021-04-08 19:31:54', null, '1', '0', '2018112015051635', '', '1', '127.0.0.1', '1'), ('0162f24d-8100-45c8-8b35-42cdf47fef76', '2021-03-23 10:34:15', null, '1', '0', '2018033111202589416', 'dskfksdjkf87328423kskdjdsfkkwieikk', '1', '192.168.0.101', '3'), ('024f06ce-1e22-4d28-a98b-9e16dc1356d4', '2021-03-14 20:17:38', null, '1', '0', '2018112015051635', '', '1', '192.168.1.102', '2'), ('0324ca21-8948-4249-981c-bce874a3bbd3', '2021-03-14 16:34:25', null, '1', '0', '2018112015051635', '', '1', '192.168.1.102', '2'), ('036d3100-1d59-49bc-84b9-c26a3810f20a', '2021-04-08 18:55:48', null, '1', '0', '2018112015051635', '', '1', '192.168.1.101', '2'), ('038735c4-d76b-422a-b2a7-0dd807533207', '2021-05-18 21:59:39', null, '1', '0', '2018033111202589416', 'dskfksdjkf87328423kskdjdsfkkwieikk', '1', '127.0.0.1', '3'), ('03e3593e-92ec-4d24-b18c-3adb4e814a14', '2021-08-16 16:12:06', null, '1', '0', '21060212272507456918048065577890', '', '1', '127.0.0.1', '1'), ('0464d1ff-1155-4dc8-b4f2-64a7589d8bf1', '2021-03-30 14:30:10', null, '1', '0', '2018112015051635', '', '1', '192.168.0.100', '2'), ('04c3c6af-75bf-407a-98aa-95c83ccfc043', '2021-03-30 19:44:04', null, '1', '0', '2018112015051635', '', '1', '127.0.0.1', '1'), ('05f2e0f8-f5ae-44fe-a78c-a9777a269660', '2021-06-09 20:24:25', null, '1', '0', '21060115073397860541541482500672', 'dskfksdjkf87328423kskdjdsfkkwieikk', '1', '127.0.0.1', '3'), ('0602e583-5aff-4665-81e6-347b2d748ac3', '2021-04-10 18:25:57', null, '1', '0', '2020031014031940', '', '0', '192.168.1.101', '2'), ('06112df5-9142-48d2-bbf7-5f618b818e86', '2021-03-06 20:15:43', null, '1', '0', '2018112015051635', '', '1', '127.0.0.1', '2'), ('0637f475-64ab-4536-baae-63394b7265b6', '2021-07-27 16:15:42', null, '1', '0', '21060212272507456918048065577890', '', '1', '127.0.0.1', '1'), ('06383f4c-dbc8-4643-82c9-7633e0865da0', '2021-03-22 12:15:22', null, '1', '0', '2018112015051635', '', '1', '192.168.0.101', '2'), ('065cd376-0b55-436e-b42a-d0260828b17e', '2021-05-19 20:34:18', null, '1', '0', '2018033111202589416', 'dskfksdjkf87328423kskdjdsfkkwieikk', '1', '127.0.0.1', '3'), ('06ed5d33-e84a-4efa-908e-f5382adebd6f', '2021-03-12 23:48:47', null, '1', '0', '2018112015051635', '', '1', '192.168.1.101', '2'), ('07733f52-062f-46c0-b079-4027edcd5acd', '2021-06-02 12:28:09', null, '1', '0', '21060212272507456918048065577890', 'dskfksdjkf87328423kskdjdsfkkwieikk', '1', '192.168.0.100', '3'), ('082fc976-b233-44a7-882f-7f70b10fd71e', '2021-04-12 11:35:15', null, '1', '0', '2018112015051635', '', '1', '192.168.0.101', '2'), ('0930402f-d000-4725-8dab-d83ad625c9b0', '2021-03-24 22:17:14', null, '1', '0', '2018112015051635', '', '1', '192.168.1.101', '2'), ('095c42d7-45cf-4bd1-9e49-8be31af264c1', '2021-03-22 17:15:54', null, '1', '0', '2018112015051635', '', '1', '192.168.0.101', '2'), ('097504dd-c97b-4098-9512-61184739f7d8', '2021-06-03 22:02:13', null, '1', '0', '21060212272507456918048065577890', '', '1', '192.168.1.102', '2'), ('0ab9b719-e6bb-4cf4-bbdf-2b681a1d2c9d', '2021-03-22 11:03:53', null, '1', '0', '2018112015051635', '', '1', '192.168.0.101', '2'), ('0ac6ee19-0478-477c-9b0e-3ac07b95325a', '2021-03-14 09:17:41', null, '1', '0', '2018112015051635', '', '1', '192.168.1.104', '2'), ('0b2a8d5f-5ba6-4c1d-b203-52903325580e', '2021-03-22 17:31:53', null, '1', '0', '2018112015051635', '', '1', '192.168.0.101', '2'), ('0b53f6c7-cfb5-4078-9abc-1171f64ee100', '2021-03-08 16:22:37', null, '1', '0', '2018033111202589416', 'dskfksdjkf87328423kskdjdsfkkwieikk', '1', '192.168.0.100', '3'), ('0b768876-cba8-4bd3-9ff4-01f1413325d0', '2021-03-17 22:20:40', null, '1', '0', '2018112015051635', '', '1', '192.168.1.102', '2'), ('0bc63592-ac17-4a14-83d4-1575956ab7be', '2021-05-20 18:19:11', null, '1', '0', '2018112015051635', '', '1', '127.0.0.1', '1'), ('0d13f521-3998-40ba-898c-d8b9d1ae1f0d', '2021-03-22 19:22:30', null, '1', '0', '2018112015051635', '', '1', '192.168.1.102', '2'), ('0e090861-e743-436f-9a2d-b5a56a3db6ca', '2021-03-13 22:13:06', null, '1', '0', '2018112015051635', '', '1', '192.168.1.101', '2'), ('0fa9d891-24b9-4f66-ac44-d9eefcf614f3', '2021-03-29 10:55:47', null, '1', '0', '2018112015051635', '', '1', '192.168.0.101', '2'), ('0fd47ada-9eac-413a-a26e-acf305070c2b', '2021-04-08 18:54:05', null, '1', '0', '2018112015051635', '', '1', '192.168.1.101', '2'), ('1084df9c-e7a7-4ae4-b80b-d74ae93c5e1d', '2021-04-14 14:29:54', null, '1', '0', '2018112015051635', '', '1', '192.168.0.101', '1'), ('1085ba3f-e742-44a3-b8a9-c7614a772a30', '2021-04-14 10:37:51', null, '1', '0', '2018112015051635', '', '1', '192.168.0.101', '2'), ('10dcd342-674c-4c17-9592-622f6fed0e7e', '2021-03-30 15:06:50', null, '1', '0', '2018112015051635', '', '1', '192.168.0.101', '2'), ('111c3e80-2dd8-4bbe-a4bb-24cba5d63bd7', '2021-03-11 18:44:37', null, '1', '0', '2018112015051635', '', '1', '192.168.1.102', '2'), ('112c8c0f-ef18-40f9-965f-9d4b375a5705', '2021-03-22 20:03:01', null, '1', '0', '2018112015051635', '', '1', '192.168.1.102', '2'), ('1227de39-e392-4c35-b987-a4ef1b072583', '2021-03-14 19:08:49', null, '1', '0', '2018112015051635', '', '1', '192.168.1.102', '2'), ('1344a635-88f6-4d27-b9a3-787fb622f8bb', '2021-05-25 23:21:20', null, '1', '0', '2018033111202589416', 'dskfksdjkf87328423kskdjdsfkkwieikk', '1', '127.0.0.1', '3'), ('13c10942-1898-493c-898b-c4e5fb8436ec', '2021-04-10 22:08:20', null, '1', '0', '2018112015051635', '', '1', '192.168.1.102', '2'), ('14b84c9f-5641-47df-aa46-a829710f5f09', '2021-03-08 11:05:07', null, '1', '0', '2018112015051635', '', '1', '192.168.0.100', '2'), ('15771552-10e9-42d2-9236-ff2e2bdaf951', '2021-04-08 15:46:55', null, '1', '0', '2018112015051635', '', '1', '192.168.0.101', '1'), ('15ae0013-999d-4f10-9082-c4f15a2fb086', '2021-03-14 17:35:27', null, '1', '0', '2018112015051635', '', '1', '192.168.1.101', '2'), ('15afe98d-c4d6-4f54-88a8-f4189cfb5117', '2021-03-22 19:06:07', null, '1', '0', '2018112015051635', '', '1', '192.168.1.102', '2'), ('15d7818b-1763-4d5f-9e95-309b71fba097', '2021-03-29 17:57:08', null, '1', '0', '2018112015051635', '', '1', '192.168.1.102', '2'), ('16158bee-d5f4-40f3-82b2-8c616ec68b7b', '2021-03-13 14:45:04', null, '1', '0', '2018112015051635', '', '1', '192.168.1.102', '2'), ('16465600-35c3-4448-8a4a-44b6acace1d5', '2021-03-29 18:04:23', null, '1', '0', '2018033111202589416', 'dskfksdjkf87328423kskdjdsfkkwieikk', '1', '127.0.0.1', '3'), ('16c2709a-7f4a-4617-8bc0-341f2a3cc5bb', '2021-03-14 19:25:09', null, '1', '0', '2018112015051635', '', '1', '192.168.1.101', '2'), ('16d935e5-8817-40b6-b701-cc15707c8937', '2021-03-14 22:46:23', null, '1', '0', '2018112015051635', '', '1', '192.168.1.102', '2'), ('16d9477d-7af3-4f35-96e4-39bcaf2af0dd', '2021-03-24 11:46:43', null, '1', '0', '2018112015051635', '', '1', '192.168.0.100', '2'), ('16dc25a5-36dc-41a4-a203-447ec1554bbc', '2021-03-24 15:07:14', null, '1', '0', '2018112015051635', '', '1', '192.168.0.101', '1'), ('16ea25da-a66b-4383-9f2d-d39c4767429a', '2021-03-22 19:16:16', null, '1', '0', '2018112015051635', '', '1', '192.168.1.102', '2'), ('17108195-396f-4482-a964-54a59af75cae', '2021-07-27 16:15:42', null, '1', '0', '21060212272507456918048065577890', '', '1', '127.0.0.1', '1'), ('1788b5b7-5734-4d54-879a-67ffe59d48a3', '2021-03-11 18:55:25', null, '1', '0', '2018112015051635', '', '1', '192.168.1.101', '2'), ('1831e0da-5c25-4174-9156-f50d23aedfa6', '2021-04-06 10:17:45', null, '1', '0', '2018112015051635', '', '1', '192.168.0.101', '2'), ('187eb9a0-c308-48cb-932e-1cd772cd9eb9', '2021-03-22 17:28:33', null, '1', '0', '2018112015051635', '', '1', '192.168.0.101', '2'), ('18defb1b-5bbc-4ba3-bd50-5f350b46a52f', '2021-04-08 14:53:16', null, '1', '0', '2018112015051635', '', '1', '192.168.0.101', '2'), ('18f0f6de-4a4d-4931-8562-e938709a0da8', '2021-04-07 17:44:10', null, '1', '0', '2018112015051635', '', '1', '192.168.1.102', '2'), ('1969b60d-cdfc-4164-b6d1-8d1716646f14', '2021-03-24 11:49:11', null, '1', '0', '2018112015051635', '', '1', '192.168.0.100', '2'), ('19871b12-a3f3-4d50-96ab-fb8b931e768d', '2021-03-24 12:10:00', null, '1', '0', '2018112015051635', '', '1', '192.168.0.100', '2'), ('1a4b2fae-57da-4b79-84d7-8e7af9b133bb', '2021-03-30 14:46:56', null, '1', '0', '2018112015051635', '', '1', '192.168.0.101', '2'), ('1ab830a4-ddd0-4f97-aae9-5d8869fa74d8', '2021-05-26 14:52:11', null, '1', '0', '2018033111202589416', 'dskfksdjkf87328423kskdjdsfkkwieikk', '1', '192.168.0.100', '3'), ('1b904b80-5419-45b1-9c41-f9095c2ba173', '2021-06-02 10:54:24', null, '1', '0', '2020031014031940', '', '1', '192.168.0.100', '1'), ('1bf5147a-658d-4c18-9326-3c5737fc7c3c', '2021-03-14 19:27:17', null, '1', '0', '2018112015051635', '', '1', '192.168.1.101', '2'), ('1c37bb52-97ae-4f9d-be04-6d71458e6ed5', '2021-03-29 14:52:51', null, '1', '0', '2018112015051635', '', '1', '192.168.0.101', '2'), ('1c7edac2-34de-453c-a911-ac11645265e9', '2021-03-18 17:38:48', null, '1', '0', '2018112015051635', '', '1', '192.168.1.102', '2'), ('1d3d86d0-b3df-4aed-b11c-35031dee2cbd', '2021-03-24 16:05:58', null, '1', '0', '2018112015051635', '', '0', '192.168.0.101', '2'), ('1d72d403-3cb2-4910-b78e-33935dcc64fe', '2021-03-08 10:40:22', null, '1', '0', '2018112015051635', '', '1', '192.168.0.100', '2'), ('1d938ec3-6da5-49a4-b001-b7d5443a5a09', '2021-03-24 12:12:53', null, '1', '0', '2018112015051635', '', '1', '192.168.0.101', '2'), ('1ec1bfb2-6b6c-4c0d-ab09-59a39dcf84cf', '2021-03-29 18:13:43', null, '1', '0', '2018112015051635', '', '1', '192.168.1.101', '2'), ('1f14c1ed-101b-4b82-921e-a839438a121b', '2021-03-22 17:11:42', null, '1', '0', '2018112015051635', '', '1', '192.168.0.100', '2'), ('20282b05-8071-4df0-bec0-2fca67f6b1d9', '2021-03-23 14:57:53', null, '1', '0', '2018112015051635', '', '1', '192.168.0.101', '2'), ('2054fcc7-62f9-4c6f-90c9-6b4227bfb1d3', '2021-03-14 20:27:00', null, '1', '0', '2018112015051635', '', '1', '192.168.1.101', '2'), ('21d59ebc-a2eb-4fe1-8e39-2e8ca7693b28', '2021-03-22 20:03:00', null, '1', '0', '2018112015051635', '', '1', '192.168.1.102', '2'), ('22449b91-32d3-4de7-bac7-7c90eecf3ac1', '2021-06-02 11:57:19', null, '1', '0', '2020031014031940', 'dskfksdjkf87328423kskdjdsfkkwieikk', '1', '127.0.0.1', '3'), ('2256e3d2-8aa4-4298-b904-e38ba4f151bf', '2021-03-22 17:15:50', null, '1', '0', '2018112015051635', '', '1', '192.168.0.101', '2'), ('22a7596d-9029-479c-96d0-edf5f2da5ff1', '2021-03-16 11:04:01', null, '1', '0', '2018112015051635', '', '1', '192.168.0.101', '1'), ('23799a3a-2687-4fce-8a82-6004fd1bfef5', '2021-04-06 22:14:56', null, '1', '0', '2018112015051635', '', '1', '127.0.0.1', '1'), ('23b12305-fb7d-4ad5-a294-afb6da0087a7', '2021-03-22 20:02:58', null, '1', '0', '2018112015051635', '', '1', '192.168.1.102', '2'), ('24106c2e-92dd-4d5f-a2fa-1275882a9c66', '2021-03-08 22:32:23', null, '1', '0', '2018112015051635', '', '1', '127.0.0.1', '2'), ('24fd1261-1764-449b-9cdb-a6fc6dd300a8', '2021-03-11 19:04:58', null, '1', '0', '2018112015051635', '', '1', '192.168.1.101', '2'), ('250fdb9b-a792-45bb-a7ab-638d3ef6b083', '2021-08-26 20:12:04', null, '1', '0', '21060212272507456918048065577890', 'dskfksdjkf87328423kskdjdsfkkwieikk', '1', '127.0.0.1', '3'), ('2517b344-941d-44c1-9fb2-360f08f6fc1b', '2021-04-09 15:49:25', null, '1', '0', '2018112015051635', '', '1', '192.168.0.100', '2'), ('2526a2c6-ea86-4fc6-b0be-3186612a4374', '2021-07-27 16:14:25', null, '1', '0', '21060212272507456918048065577890', '', '0', '127.0.0.1', '1'), ('25443026-235d-4ef2-9e75-1c063f9c1d63', '2021-03-14 19:21:52', null, '1', '0', '2018112015051635', '', '1', '192.168.1.102', '2'), ('255ff528-833a-4dbb-b65c-861071eb323c', '2021-03-25 13:21:08', null, '1', '0', '2018112015051635', '', '1', '192.168.0.100', '2'), ('25ddba87-7fef-49d8-97f2-2cd078e8f220', '2021-03-22 20:03:01', null, '1', '0', '2018112015051635', '', '1', '192.168.1.102', '2'), ('27c942e9-50e3-4f21-bf6b-edfd08269436', '2021-03-27 19:46:15', null, '1', '0', '2018112015051635', '', '1', '192.168.1.102', '2'), ('28a1576a-3930-4574-a332-3ab5e80cb1f6', '2021-04-01 11:35:38', null, '1', '0', '2018112015051635', '', '1', '192.168.0.101', '1'), ('28f4b880-6611-4e60-8909-229240b04215', '2021-03-25 13:16:42', null, '1', '0', '2018112015051635', '', '1', '192.168.0.100', '2'), ('2a31336a-0cb4-4a6a-8b68-0c7aab5ba5f0', '2021-03-22 20:03:00', null, '1', '0', '2018112015051635', '', '1', '192.168.1.102', '2'), ('2b4a0d75-7d25-49cf-8547-58ebcb4ed19b', '2021-04-07 15:37:09', null, '1', '0', '2018112015051635', '', '1', '192.168.0.101', '2'), ('2b51958d-4d74-4f01-aefa-7c09df122b26', '2021-04-13 22:49:26', null, '1', '0', '2018112015051635', '', '1', '192.168.1.102', '2'), ('2b6b0a02-b66c-4c86-8151-755e3ff22c4d', '2021-03-13 13:55:45', null, '1', '0', '2018112015051635', '', '1', '192.168.1.102', '2'), ('2bb09bda-e48b-436d-8201-c2251e259cb8', '2021-07-03 16:39:20', null, '1', '0', '21060212272507456918048065577890', '', '1', '127.0.0.1', '1'), ('2c5bfaa9-9eaf-46d2-8579-8a0b2a41f4b4', '2021-03-29 19:11:32', null, '1', '0', '2018033111202589416', 'dskfksdjkf87328423kskdjdsfkkwieikk', '1', '127.0.0.1', '3'), ('2d96f196-a618-4068-b44f-7eaa7ce30ee3', '2021-03-19 12:12:40', null, '1', '0', '2018112015051635', '', '1', '192.168.0.101', '2'), ('2e7c8197-99de-4159-a457-9e0dbe73cedb', '2021-07-03 17:47:25', null, '1', '0', '21060212272507456918048065577890', 'dskfksdjkf87328423kskdjdsfkkwieikk', '1', '127.0.0.1', '3'), ('2eba6c29-1b11-4201-abaa-2ab041e3b8ce', '2021-04-06 20:09:01', null, '1', '0', '2018112015051635', '', '1', '192.168.1.102', '2'), ('2fc40484-1f1d-463c-a6e8-27a3a09a7a31', '2021-03-10 21:48:36', null, '1', '0', '2018112015051635', '', '1', '127.0.0.1', '1'), ('30c94036-b6d7-4ed0-8411-4dfb831ec9f7', '2021-04-12 12:30:50', null, '1', '0', '2018112015051635', '', '1', '192.168.0.101', '1'), ('31420cd0-f610-4b44-979f-bffb2df58fae', '2021-07-27 16:15:43', null, '1', '0', '21060212272507456918048065577890', '', '1', '127.0.0.1', '1'), ('31808897-7bc9-4f29-953c-b558107e6138', '2021-03-14 18:54:07', null, '1', '0', '2018112015051635', '', '1', '192.168.1.102', '2'), ('3194d166-6765-49e2-a8ea-618060d972b8', '2021-04-11 12:02:10', null, '1', '0', '2018112015051635', '', '1', '127.0.0.1', '1'), ('31be632a-209d-44fa-bfe3-79ab8afccf2a', '2021-03-14 19:05:41', null, '1', '0', '2018112015051635', '', '1', '192.168.1.102', '2'), ('322dcebf-6eb7-4abb-b9d3-c24c1c3e3503', '2021-05-26 16:46:39', null, '1', '0', '2020031014031940', '', '1', '192.168.0.100', '1'), ('327bf9ac-f3e0-4e62-b469-0193fd1f2616', '2021-05-23 11:18:58', null, '1', '0', '2018033111202589416', 'dskfksdjkf87328423kskdjdsfkkwieikk', '1', '127.0.0.1', '3'), ('329f6f70-9300-4328-904a-3f08c6de1f45', '2021-05-26 16:30:38', null, '1', '0', '2020031014031940', 'dskfksdjkf87328423kskdjdsfkkwieikk', '1', '192.168.0.100', '3'), ('32a31e63-b49b-4880-9563-797175c657b2', '2021-03-14 18:54:50', null, '1', '0', '2018112015051635', '', '1', '192.168.1.102', '2'), ('32f3e65d-0103-4f17-b613-fa3e378bfe6f', '2021-03-17 11:20:52', null, '1', '0', '2018112015051635', '', '1', '192.168.0.101', '1'), ('33dc7053-46b3-4925-a392-3bd3df713935', '2021-03-23 17:51:14', null, '1', '0', '2018112015051635', '', '1', '192.168.1.102', '2'), ('33f6708b-a216-4952-924b-78cd18d94b29', '2021-03-08 16:21:34', null, '1', '0', '2018033111202589416', 'dskfksdjkf87328423kskdjdsfkkwieikk', '1', '192.168.0.100', '3'), ('34708cf2-89df-49a0-b4e7-ecdf5dddabc0', '2021-03-23 09:26:42', null, '1', '0', '2018112015051635', '', '1', '192.168.0.101', '2'), ('34fe150b-2c87-4a61-957b-ed9e53734cd7', '2021-03-14 19:32:11', null, '1', '0', '2018112015051635', '', '1', '192.168.1.101', '2'), ('35894039-a102-4a36-a3ff-5e847fdb091d', '2021-05-25 23:30:38', null, '1', '0', '2018033111202589416', 'dskfksdjkf87328423kskdjdsfkkwieikk', '1', '127.0.0.1', '3'), ('36039362-a3ec-4749-933e-07b1f3d32a6f', '2021-03-08 10:41:10', null, '1', '0', '2018112015051635', '', '1', '192.168.0.100', '2'), ('3619b04b-8b30-48de-be5b-ea0b402814de', '2021-06-02 11:58:16', null, '1', '0', '21060115073397860541541482500672', 'dskfksdjkf87328423kskdjdsfkkwieikk', '1', '127.0.0.1', '3'), ('36339097-16fb-4218-acec-080947bd7d58', '2021-03-22 15:16:31', null, '1', '0', '2018112015051635', '', '1', '192.168.0.101', '2'), ('3662c270-4f9e-4060-8b23-dd17055f855b', '2021-03-29 10:20:44', null, '1', '0', '2018112015051635', '', '1', '192.168.0.101', '1'), ('36b76d95-ff22-43cb-8c40-d0211c970693', '2021-04-10 19:46:05', null, '1', '0', '2018112015051635', '', '1', '192.168.1.102', '2'), ('36c43aab-969c-4995-b034-6c273c312f9d', '2021-04-08 10:10:09', null, '1', '0', '2018112015051635', '', '1', '192.168.0.101', '2'), ('36dca44c-db4b-470e-ae27-05b717567514', '2021-04-14 10:48:56', null, '1', '0', '2018112015051635', '', '1', '192.168.0.101', '1'), ('385f1136-ba10-4e95-bd28-71cd4b101fd0', '2021-03-08 16:21:01', null, '1', '0', '2018033111202589416', 'dskfksdjkf87328423kskdjdsfkkwieikk', '1', '192.168.0.100', '3'), ('38698fc4-93c3-4a32-b7a8-2ffdb12f8db5', '2021-03-14 20:25:06', null, '1', '0', '2018112015051635', '', '1', '192.168.1.101', '2'), ('388d7833-8b94-4ae5-a7e2-997630822bbe', '2021-08-16 16:00:30', null, '1', '0', '21060212272507456918048065577890', '', '1', '192.168.1.102', '2'), ('389da096-c63c-433a-91c6-27311bda8950', '2021-03-17 10:13:27', null, '1', '0', '2018112015051635', '', '1', '192.168.0.101', '2'), ('399fdad4-c9f9-4c1b-9153-78c70206eaaa', '2021-03-23 14:57:20', null, '1', '0', '2018033111202589416', 'dskfksdjkf87328423kskdjdsfkkwieikk', '1', '192.168.0.101', '3'), ('3a1ba093-268b-4a55-84a2-35de6bffa060', '2021-03-13 13:39:48', null, '1', '0', '2018112015051635', '', '1', '192.168.1.101', '2'), ('3adcac0e-629c-49fb-b075-0a43b8c4d2b6', '2021-03-08 16:31:42', null, '1', '0', '2018033111202589416', 'dskfksdjkf87328423kskdjdsfkkwieikk', '1', '192.168.0.100', '3'), ('3b0a5e7b-4b2c-4ba2-9cb1-104ca062f42b', '2021-04-13 22:45:59', null, '1', '0', '2018112015051635', '', '1', '192.168.1.102', '2'), ('3b2b7094-fb56-4385-8046-bde84e333a16', '2021-08-17 18:00:25', null, '1', '0', '21060212272507456918048065577890', 'dskfksdjkf87328423kskdjdsfkkwieikk', '1', '127.0.0.1', '3'), ('3bf97a54-676f-4935-9bd8-81b9abe6bcfb', '2021-04-12 11:25:47', null, '1', '0', '2018112015051635', '', '1', '192.168.0.101', '1'), ('3c159a12-f07f-49ec-8396-4f143d7c423e', '2021-08-16 21:45:43', null, '1', '0', '21060212272507456918048065577890', 'dskfksdjkf87328423kskdjdsfkkwieikk', '1', '127.0.0.1', '3'), ('3e23637c-48ba-4f8b-88c0-02d67d2fd70a', '2021-05-25 23:07:45', null, '1', '0', '2018033111202589416', 'dskfksdjkf87328423kskdjdsfkkwieikk', '1', '127.0.0.1', '3'), ('3e50d096-6323-4608-bd07-2af3337eaf94', '2021-03-07 20:15:31', null, '1', '0', '2018112015051635', '', '1', '192.168.1.102', '2'), ('3f0200bd-1a44-4d01-b03f-b61d1cc4513e', '2021-03-10 19:07:38', null, '1', '0', '2018033111202589416', 'dskfksdjkf87328423kskdjdsfkkwieikk', '1', '127.0.0.1', '3'), ('3f2a1802-4d6f-41b9-ae22-7ad43fc709fd', '2021-07-27 16:15:42', null, '1', '0', '21060212272507456918048065577890', '', '1', '127.0.0.1', '1'), ('3f354dc1-cd2e-4eeb-a02e-87e47b7f8753', '2021-04-06 18:26:18', null, '1', '0', '2018112015051635', '', '1', '192.168.1.102', '2'), ('3ff81461-da98-4893-8fb6-3c59ae6085ef', '2021-03-22 15:17:29', null, '1', '0', '2018112015051635', '', '1', '192.168.0.101', '2'), ('4083bf2e-a08f-4415-9cad-99433717b0b7', '2021-06-02 10:56:13', null, '1', '0', '21060115073397860541541482500672', '', '1', '192.168.0.100', '1'), ('40e7750e-09a1-4879-a27b-ea63ea2ad07a', '2021-03-26 22:56:56', null, '1', '0', '2018112015051635', '', '1', '192.168.1.101', '2'), ('411a475c-bb66-449b-b699-ace03cd24ff3', '2021-03-06 18:06:50', null, '1', '0', '2018112015051635', '', '1', '127.0.0.1', '2'), ('4174f026-e095-41e5-b867-e69ef599f4a7', '2021-03-08 23:03:06', null, '1', '0', '2018112015051635', '', '1', '127.0.0.1', '1'), ('418ddf6c-3c10-47ad-b451-90ea1f2684a6', '2021-04-07 18:19:55', null, '1', '0', '2018112015051635', '', '1', '192.168.1.101', '2'), ('41ac1718-1dae-45bd-9b47-2ab398b6bfea', '2021-03-08 16:24:14', null, '1', '0', '2018033111202589416', 'dskfksdjkf87328423kskdjdsfkkwieikk', '1', '192.168.0.100', '3'), ('41eb4816-551f-4b3e-a868-4a486998db39', '2021-03-13 16:18:51', null, '1', '0', '2018033111202589416', 'dskfksdjkf87328423kskdjdsfkkwieikk', '1', '127.0.0.1', '3'), ('421c7837-a133-4ad5-bab1-49d08c561718', '2021-07-27 16:15:42', null, '1', '0', '21060212272507456918048065577890', '', '1', '127.0.0.1', '1'), ('426f12c2-8499-4bc6-a6a9-b11006447c46', '2021-03-30 09:58:01', null, '1', '0', '2018112015051635', '', '1', '192.168.0.101', '2'), ('4298cec6-8ae2-469b-a314-ea22fbda7ce8', '2021-03-08 17:59:03', null, '1', '0', '2018033111202589416', 'dskfksdjkf87328423kskdjdsfkkwieikk', '1', '127.0.0.1', '3'), ('429e854b-fdbb-408d-af0a-eba7fd635fca', '2021-04-13 18:54:24', null, '1', '0', '2018112015051635', '', '1', '192.168.1.102', '2'), ('42eec998-6911-4fd5-a2c7-37d1504560b6', '2021-07-27 16:14:45', null, '1', '0', '21060115073397860541541482500672', '', '1', '127.0.0.1', '1'), ('432db0ca-3668-486a-bd36-5a7663be57dd', '2021-07-03 16:37:57', null, '1', '0', '21060212272507456918048065577890', 'dskfksdjkf87328423kskdjdsfkkwieikk', '1', '127.0.0.1', '3'), ('433de32e-ccbd-4fa3-9184-396a8031bb73', '2021-03-14 19:07:26', null, '1', '0', '2018112015051635', '', '1', '192.168.1.102', '2'), ('4372b32c-2df0-4b66-9c1a-a433ad4b2f41', '2021-06-03 13:54:42', null, '1', '0', '21060212021130796170590587471005', 'dskfksdjkf87328423kskdjdsfkkwieikk', '0', '127.0.0.1', '3'), ('43b16e50-1ee2-4d4f-a225-a1436f7faa44', '2021-03-30 16:34:10', null, '1', '0', '2018033111202589416', 'dskfksdjkf87328423kskdjdsfkkwieikk', '1', '192.168.0.101', '3'), ('4402256f-fcda-418a-8273-2d55c960ac53', '2021-05-20 21:27:04', null, '1', '0', '2018112015051635', '', '1', '192.168.1.102', '2'), ('4430a1e5-563d-4cbe-bbbb-220289b3a8f0', '2021-03-18 11:02:52', null, '1', '0', '2018112015051635', '', '1', '192.168.0.101', '2'), ('444c7d1e-782f-47aa-82a3-b495ec3b3981', '2021-03-12 21:30:47', null, '1', '0', '2018112015051635', '', '1', '192.168.1.101', '2'), ('4523ae6b-cc69-4389-a46f-4793357ae2bf', '2021-03-11 18:59:42', null, '1', '0', '2018112015051635', '', '1', '192.168.1.102', '2'), ('4554e1a1-1c13-48a3-9caf-c627c884b078', '2021-03-25 17:37:15', null, '1', '0', '2018033111202589416', 'dskfksdjkf87328423kskdjdsfkkwieikk', '1', '127.0.0.1', '3'), ('45956ba5-1988-4ebc-b9b5-cf9546896b84', '2021-03-13 14:51:01', null, '1', '0', '2018112015051635', '', '1', '192.168.1.101', '2'), ('45be7479-c645-4bef-a14d-34b3892c4376', '2021-03-06 21:25:46', null, '1', '0', '2018112015051635', '', '1', '127.0.0.1', '1'), ('45e61a72-97ca-4b27-9fc0-5c4fcc28b965', '2021-03-22 17:03:42', null, '1', '0', '2018033111202589416', 'dskfksdjkf87328423kskdjdsfkkwieikk', '1', '192.168.0.101', '3'), ('46bc262d-cd83-49bf-a8ed-0b48736797bb', '2021-04-07 18:57:49', null, '1', '0', '2018112015051635', '', '1', '192.168.1.102', '2'), ('47017d7e-812f-43fa-8852-4dd0fa7c6112', '2021-08-16 18:07:10', null, '1', '0', '21060212272507456918048065577890', 'dskfksdjkf87328423kskdjdsfkkwieikk', '1', '127.0.0.1', '3'), ('474cea53-e928-4e72-9135-b3317a1a1ce1', '2021-05-26 16:47:03', null, '1', '0', '2020031014031940', 'dskfksdjkf87328423kskdjdsfkkwieikk', '1', '192.168.0.100', '3'), ('474fb5fa-4d27-4fa0-b55a-47ccaf4dca2e', '2021-05-26 19:36:37', null, '1', '0', '2020031014031940', '', '1', '192.168.1.102', '2'), ('4782c1e4-151f-4408-9576-45771acb62ff', '2021-03-11 18:45:36', null, '1', '0', '2018112015051635', '', '1', '192.168.1.101', '2'), ('485270bf-369c-4012-a393-0d56547f34fc', '2021-05-23 13:29:34', null, '1', '0', '2018033111202589416', 'dskfksdjkf87328423kskdjdsfkkwieikk', '1', '127.0.0.1', '3'), ('489e61e1-eb14-49e9-b577-5fe3aec317c6', '2021-05-25 23:06:53', null, '1', '0', '2018033111202589416', 'dskfksdjkf87328423kskdjdsfkkwieikk', '1', '127.0.0.1', '3'), ('48aa2b5b-70de-4872-8839-8abd0aaef100', '2021-03-28 11:41:16', null, '1', '0', '2018112015051635', '', '1', '192.168.1.102', '2'), ('490e88dc-8d64-4fc9-9210-c6b57f51da41', '2021-05-26 17:58:19', null, '1', '0', '2020031014031940', 'dskfksdjkf87328423kskdjdsfkkwieikk', '1', '127.0.0.1', '3'), ('498df86a-b51f-4903-b6a1-d9c1a3b96671', '2021-03-24 22:11:06', null, '1', '0', '2018112015051635', '', '1', '192.168.1.102', '2'), ('49ba6952-a204-4c4c-adaf-9dc0299b7816', '2021-07-27 16:16:17', null, '1', '0', '21060212272507456918048065577890', '', '0', '127.0.0.1', '1'), ('49d17f06-0d51-4fc9-962b-f1d3b39f5824', '2021-03-25 13:23:26', null, '1', '0', '2018112015051635', '', '1', '192.168.0.100', '2'), ('4a254ba0-0473-49cc-8c7d-495222feecb2', '2021-04-13 19:09:52', null, '1', '0', '2018112015051635', '', '1', '192.168.1.102', '2'), ('4b145dc1-9153-4125-b5b7-e58ad487916e', '2021-03-23 22:30:25', null, '1', '0', '2018112015051635', '', '1', '192.168.1.101', '2'), ('4c21db1c-52bf-4054-9390-884eb204c57d', '2021-05-23 13:38:50', null, '1', '0', '2018033111202589416', 'dskfksdjkf87328423kskdjdsfkkwieikk', '1', '127.0.0.1', '3'), ('4c34bd4f-a52e-4192-99fc-9a5baa2eb183', '2021-04-08 10:12:46', null, '1', '0', '2018112015051635', '', '1', '192.168.0.101', '2'), ('4c610780-adae-4023-a1b8-0f806d603092', '2021-03-14 20:25:11', null, '1', '0', '2018112015051635', '', '1', '192.168.1.101', '2'), ('4c8d6691-7e1c-4aef-9073-0596b54d4aeb', '2021-06-04 23:19:25', null, '1', '0', '21060212272507456918048065577890', 'dskfksdjkf87328423kskdjdsfkkwieikk', '1', '127.0.0.1', '3'), ('4cbc931f-8a7f-4e4b-b2b4-293e33fec3b2', '2021-05-25 23:08:35', null, '1', '0', '2018033111202589416', 'dskfksdjkf87328423kskdjdsfkkwieikk', '1', '127.0.0.1', '3'), ('4cd4336e-fdeb-4c7e-a0e6-48ad1d6b63e5', '2021-08-16 21:55:04', null, '1', '0', '21060212272507456918048065577890', '', '1', '192.168.1.102', '2'), ('4d3c3752-ca7e-4e81-9ae1-1d32311ac42f', '2021-04-28 19:45:08', null, '1', '0', '2018112015051635', '', '1', '192.168.1.102', '2'), ('4e777d63-8fa6-4b09-8488-1b88521cd27f', '2021-07-27 16:14:29', null, '1', '0', '21060212272507456918048065577890', '', '1', '127.0.0.1', '1'), ('4ed66262-06f3-432e-9c63-9d3a34088e57', '2021-04-08 10:29:34', null, '1', '0', '2018112015051635', '', '1', '192.168.0.101', '2'), ('4ef21642-36f2-4c7c-a6d3-1497a69aadc3', '2021-03-13 13:54:15', null, '1', '0', '2018112015051635', '', '1', '192.168.1.101', '2'), ('50086a06-f1be-47da-b630-3067c3534dec', '2021-03-14 19:19:40', null, '1', '0', '2018112015051635', '', '1', '192.168.1.102', '2'), ('50ead599-ce5b-4ea3-b638-db21d6a156b2', '2021-03-19 10:22:15', null, '1', '0', '2018112015051635', '', '1', '192.168.0.101', '2'), ('50fb0ee4-3266-4064-9c76-a49334f558f2', '2021-08-09 17:00:28', null, '1', '0', '21060212272507456918048065577890', 'dskfksdjkf87328423kskdjdsfkkwieikk', '1', '127.0.0.1', '3'), ('51ad1aca-7c53-4c39-aa7d-15c852015c9a', '2021-03-22 17:46:12', null, '1', '0', '2018112015051635', '', '1', '192.168.0.101', '2'), ('529e9118-501d-45ff-bf77-a379c881051f', '2021-03-14 19:26:11', null, '1', '0', '2018112015051635', '', '1', '192.168.1.101', '2'), ('5373ca39-501d-4db7-9373-e1bb53da77d3', '2021-08-18 10:58:26', null, '1', '0', '21060212272507456918048065577890', 'dskfksdjkf87328423kskdjdsfkkwieikk', '1', '127.0.0.1', '3'), ('53a3dea0-e3b6-412e-aa83-fc16e64b5a1e', '2021-03-08 11:29:41', null, '1', '0', '2018112015051635', '', '1', '192.168.0.100', '2'), ('53e3cdaa-993b-4d07-83db-73366a33bfc0', '2021-03-14 18:53:44', null, '1', '0', '2018112015051635', '', '1', '192.168.1.102', '2'), ('54f8e4d1-f233-4787-8089-9cbe094c894f', '2021-03-22 17:09:22', null, '1', '0', '2018112015051635', '', '1', '192.168.0.100', '2'), ('550e3dba-9e93-464d-8966-e740890ca8e1', '2021-05-20 17:05:40', null, '1', '0', '2018112015051635', '', '1', '127.0.0.1', '1'), ('551d4e22-d3a9-4df5-a00b-71490faaa9da', '2021-05-25 23:28:44', null, '1', '0', '2018033111202589416', 'dskfksdjkf87328423kskdjdsfkkwieikk', '1', '127.0.0.1', '3'), ('5522d739-a26b-4a44-a062-5cab65f55f68', '2021-03-30 13:38:01', null, '1', '0', '2018033111202589416', 'dskfksdjkf87328423kskdjdsfkkwieikk', '1', '192.168.0.101', '3'), ('5553fa2d-6589-41da-8b2b-862ac4a73099', '2021-03-18 10:45:53', null, '1', '0', '2018112015051635', '', '1', '192.168.0.101', '2'), ('55f32f02-2524-4cae-a7bb-bf5afe21c7fb', '2021-03-11 18:49:16', null, '1', '0', '2018112015051635', '', '1', '192.168.1.101', '2'), ('568b6979-3616-4134-82b1-f6da8efb442d', '2021-05-20 18:10:53', null, '1', '0', '2018112015051635', '', '1', '127.0.0.1', '1'), ('568dbc27-e4b9-4212-8cc2-46f0e77eedfa', '2021-03-22 17:25:18', null, '1', '0', '2018112015051635', '', '1', '192.168.0.100', '2'), ('5691a092-ed70-46f9-98f2-449b7e135b61', '2021-03-08 15:58:17', null, '1', '0', '2018112015051635', '', '1', '192.168.0.100', '1'), ('56af2afd-0a95-4a1e-8b9f-07dd029f42a4', '2021-03-22 16:53:12', null, '1', '0', '2018112015051635', '', '1', '192.168.0.100', '2'), ('56d60fcc-b361-41b3-ab21-7988ae72f2a5', '2021-03-24 16:06:01', null, '1', '0', '2018112015051635', '', '0', '192.168.0.101', '2'), ('5716d146-dead-4737-9c1d-6a9e6c67a26f', '2021-03-18 11:05:52', null, '1', '0', '2018112015051635', '', '1', '192.168.0.100', '2'), ('5779cd4e-ff86-4ed2-8522-4bf8bc10374a', '2021-03-18 20:31:45', null, '1', '0', '2018112015051635', '', '1', '192.168.1.101', '2'), ('57d5010c-fb8d-4f0c-84ce-2110f06eab05', '2021-07-18 10:08:20', null, '1', '0', '21060212272507456918048065577890', '', '1', '127.0.0.1', '1'), ('59423e7e-34f4-4096-b558-9d52aa3f1ca8', '2021-07-27 16:15:42', null, '1', '0', '21060212272507456918048065577890', '', '1', '127.0.0.1', '1'), ('59851eef-4f59-445f-a8ea-376f33ad5fd9', '2021-03-12 19:02:43', null, '1', '0', '2018112015051635', '', '1', '192.168.1.102', '2'), ('5a839db6-131d-454f-8f71-bdd81f598382', '2021-03-24 11:49:46', null, '1', '0', '2018112015051635', '', '1', '192.168.0.101', '2'), ('5aed52b0-493c-4f8b-9fd9-62bbf1543d89', '2021-05-21 16:36:45', null, '1', '0', '2018033111202589416', 'dskfksdjkf87328423kskdjdsfkkwieikk', '1', '192.168.0.101', '3'), ('5b247287-f658-48aa-88f6-16178e0b59b2', '2021-08-09 22:53:00', null, '1', '0', '21060212272507456918048065577890', 'dskfksdjkf87328423kskdjdsfkkwieikk', '1', '127.0.0.1', '3'), ('5b8d4f28-0847-40fe-ae7b-19a421ec274c', '2021-03-24 11:46:38', null, '1', '0', '2018112015051635', '', '1', '192.168.0.100', '2'), ('5c229c9d-d3a5-49b9-8d88-d3f7d8f1709a', '2021-07-27 16:19:53', null, '1', '0', '21060212021130796170590587471005', 'dskfksdjkf87328423kskdjdsfkkwieikk', '0', '127.0.0.1', '3'), ('5c48ecad-02f9-475e-a7cf-a1791ec03b44', '2021-03-11 18:51:23', null, '1', '0', '2018112015051635', '', '1', '192.168.1.102', '2'), ('5c4dff1a-b22b-4747-8bd8-be9fcdcc307c', '2021-03-13 23:42:57', null, '1', '0', '2018112015051635', '', '1', '192.168.1.101', '2'), ('5c51d50f-8cdc-45b7-9835-64bb68ba6cad', '2021-03-24 22:12:19', null, '1', '0', '2018112015051635', '', '1', '192.168.1.101', '2'), ('5cbefcbb-f2bb-4c2a-9fb3-35f326353867', '2021-03-30 13:13:10', null, '1', '0', '2018112015051635', '', '0', '192.168.0.101', '1'), ('5cc35d45-ba7e-4a29-b375-c6749d14b7f5', '2021-03-12 23:42:02', null, '1', '0', '2018112015051635', '', '1', '192.168.1.101', '2'), ('5d79cdba-b769-4888-af94-d6626dd6f458', '2021-03-08 10:42:39', null, '1', '0', '2018112015051635', '', '1', '192.168.0.100', '2'), ('5e4a7f3d-bcb9-486b-bc50-96afde2411fd', '2021-03-28 11:40:29', null, '1', '0', '2018112015051635', '', '1', '192.168.1.102', '2'), ('5ecc52d8-2a1a-459f-b9b8-3cdbffcbfd5e', '2021-03-30 22:38:13', null, '1', '0', '2018033111202589416', 'dskfksdjkf87328423kskdjdsfkkwieikk', '1', '127.0.0.1', '3'), ('5ee3e70a-6e84-40be-9b37-8d5773c91f71', '2021-07-27 16:20:01', null, '1', '0', '21060212021130796170590587471005', 'dskfksdjkf87328423kskdjdsfkkwieikk', '1', '127.0.0.1', '3'), ('5eedeb18-609f-45b9-867d-815859e0c478', '2021-03-30 19:14:37', null, '1', '0', '2018112015051635', '', '1', '192.168.1.102', '2'), ('5ef03520-7cba-4cef-8f92-3989d15b5762', '2021-03-31 10:40:11', null, '1', '0', '2018112015051635', '', '1', '192.168.0.101', '1'), ('5f059695-0ab1-4620-80d1-173f44b73834', '2021-06-01 14:50:30', null, '1', '0', '2020031014031940', 'dskfksdjkf87328423kskdjdsfkkwieikk', '1', '127.0.0.1', '3'), ('5f1806e6-9f40-4c4f-9cbc-def07acce4e9', '2021-03-24 11:53:30', null, '1', '0', '2018112015051635', '', '1', '192.168.0.100', '2'), ('5f756dc9-faa8-4c9e-9c83-bdd772d1d729', '2021-05-23 12:21:56', null, '1', '0', '2018033111202589416', 'dskfksdjkf87328423kskdjdsfkkwieikk', '1', '127.0.0.1', '3'), ('5f85fa8c-3fbe-4d55-b4d9-d8a1086f3b8e', '2021-05-19 17:54:58', null, '1', '0', '2018112015051635', '', '1', '192.168.1.102', '2'), ('60b2365b-0a1f-40d9-9ba9-97e4c993fa53', '2021-06-09 19:54:03', null, '1', '0', '21060115073397860541541482500672', 'dskfksdjkf87328423kskdjdsfkkwieikk', '1', '127.0.0.1', '3'), ('60c81714-41a8-472c-b41f-0d88f3d87d83', '2021-03-17 20:38:42', null, '1', '0', '2018112015051635', '', '1', '192.168.1.101', '2'), ('6126f0d9-885a-40ce-9971-2d2b8c6a1604', '2021-04-13 18:57:50', null, '1', '0', '2018112015051635', '', '1', '192.168.1.102', '2'), ('619ac72c-197a-4d44-b870-db340501b98d', '2021-03-23 17:52:20', null, '1', '0', '2018112015051635', '', '1', '192.168.1.102', '2'), ('61a887c6-0287-44ce-b9bd-8751431f3fc1', '2021-03-22 17:33:04', null, '1', '0', '2018112015051635', '', '1', '192.168.0.101', '2'), ('61eb03b4-1147-45fb-a797-af6f98f9165b', '2021-03-18 11:07:46', null, '1', '0', '2018112015051635', '', '1', '192.168.0.101', '2'), ('61f3130b-1ff8-4898-8e45-283b62188be0', '2021-03-09 19:17:58', null, '1', '0', '2018112015051635', '', '1', '127.0.0.1', '1'), ('620724e2-c274-4ee8-bb74-0035e3d46b9d', '2021-06-02 14:53:07', null, '1', '0', '21060212272507456918048065577890', 'dskfksdjkf87328423kskdjdsfkkwieikk', '1', '192.168.0.100', '3'), ('62537029-7e85-436d-823c-eab7ce2be373', '2021-04-10 13:24:52', null, '1', '0', '2018112015051635', '', '1', '192.168.1.102', '2'), ('62c54e92-ded9-4403-bb68-86b11121d8b6', '2021-03-22 17:13:33', null, '1', '0', '2018112015051635', '', '1', '192.168.0.100', '2'), ('63d1d50e-3464-4bed-a5d5-bc83aad92db0', '2021-04-08 10:18:27', null, '1', '0', '2018112015051635', '', '1', '192.168.0.101', '2'), ('63d9018c-e313-4293-b0e0-cca13a882b18', '2021-03-22 19:21:19', null, '1', '0', '2018112015051635', '', '1', '192.168.1.101', '2'), ('655939e6-d3f7-4b81-a0c0-0bb5599ee1fd', '2021-03-30 14:55:27', null, '1', '0', '2018112015051635', '', '1', '192.168.0.101', '1'), ('665e53dc-00aa-4f52-8cd7-aaee4e71d32d', '2021-03-14 19:19:51', null, '1', '0', '2018112015051635', '', '1', '192.168.1.102', '2'), ('66dc1e3f-d16e-43d9-80c3-1635bc6b8312', '2021-03-14 18:56:02', null, '1', '0', '2018112015051635', '', '1', '192.168.1.102', '2'), ('67a73e6a-f436-4e67-8ccd-14664cde895c', '2021-05-21 14:59:09', null, '1', '0', '2018033111202589416', 'dskfksdjkf87328423kskdjdsfkkwieikk', '1', '192.168.0.101', '3'), ('686bf594-16a0-468e-9b16-b9f5d23f2f03', '2021-03-25 09:52:52', null, '1', '0', '2018112015051635', '', '1', '192.168.0.101', '2'), ('6904de16-9ca6-4150-a709-03eecfb47cf6', '2021-06-01 17:05:36', null, '1', '0', '21060115073397860541541482500672', 'dskfksdjkf87328423kskdjdsfkkwieikk', '0', '127.0.0.1', '3'), ('69118c03-b5d7-42fe-8f0a-7debf499a9cd', '2021-05-20 21:04:04', null, '1', '0', '2018033111202589416', 'dskfksdjkf87328423kskdjdsfkkwieikk', '1', '127.0.0.1', '3'), ('69432eb3-9f4b-4542-92e1-4efdaf98e4bf', '2021-03-18 16:00:02', null, '1', '0', '2018112015051635', '', '1', '192.168.0.101', '2'), ('694910af-0203-492b-91af-29fb02e91ad5', '2021-08-09 19:43:58', null, '1', '0', '21060212272507456918048065577890', '', '1', '192.168.1.104', '2'), ('69c4d0ac-82a4-4223-a22a-a745a3a179cf', '2021-03-17 20:40:37', null, '1', '0', '2018112015051635', '', '1', '192.168.1.101', '2'), ('69d2445c-51e8-4428-b9e8-71f393fd3e42', '2021-03-23 17:51:46', null, '1', '0', '2018112015051635', '', '1', '192.168.1.102', '2'), ('6a0c0a5e-8bfb-425b-81bc-94170908194f', '2021-03-22 20:09:20', null, '1', '0', '2018112015051635', '', '1', '192.168.1.102', '2'), ('6acf0a16-923c-47ff-b445-776db1dedc32', '2021-03-17 20:42:44', null, '1', '0', '2018112015051635', '', '1', '192.168.1.101', '2'), ('6bc6dc86-3741-45b3-93f0-2014418c35e3', '2021-04-07 19:29:04', null, '1', '0', '2018112015051635', '', '1', '192.168.1.102', '2'), ('6c5002c1-88a2-4eb1-be16-772367b2d09d', '2021-03-08 16:24:03', null, '1', '0', '2018033111202589416', 'dskfksdjkf87328423kskdjdsfkkwieikk', '1', '192.168.0.100', '3'), ('6c9915f6-7182-413b-9daf-dd7a0c9469ff', '2021-03-22 20:03:02', null, '1', '0', '2018112015051635', '', '1', '192.168.1.102', '2'), ('6c9e0d72-78d5-45ab-8bb0-1cedaa1cb6bc', '2021-05-18 22:00:03', null, '1', '0', '2018033111202589416', 'dskfksdjkf87328423kskdjdsfkkwieikk', '1', '127.0.0.1', '3'), ('6cbe1d6c-e875-4cb8-a5ff-d0e9c6bc3f85', '2021-03-18 15:59:26', null, '1', '0', '2018112015051635', '', '1', '192.168.0.101', '2'), ('6d202129-5da6-4466-a85f-6903317ece04', '2021-03-28 17:20:45', null, '1', '0', '2018112015051635', '', '1', '192.168.1.101', '2'), ('6da8036f-5288-4b3b-b422-5ec2e281ced7', '2021-04-13 17:48:24', null, '1', '0', '2018112015051635', '', '1', '192.168.0.101', '2'), ('6dc925c0-66fa-4c74-a8fb-2e28f44806c2', '2021-03-14 09:16:34', null, '1', '0', '2018112015051635', '', '1', '192.168.1.104', '2'), ('6f1a2555-9aa7-4bd5-8bd4-37eee3fc32ea', '2021-04-08 19:58:04', null, '1', '0', '2018112015051635', '', '1', '192.168.1.102', '2'), ('6fc06bc1-9ece-4187-9585-b986a5bdeeb6', '2021-08-16 18:07:18', null, '1', '0', '21060212272507456918048065577890', 'dskfksdjkf87328423kskdjdsfkkwieikk', '1', '127.0.0.1', '3'), ('6fe5e78b-ed86-4c4a-8948-efdd01dc8050', '2021-04-14 22:10:22', null, '1', '0', '2018112015051635', '', '1', '127.0.0.1', '1'), ('700fa371-65fe-4e5d-a936-ceccaf00bb5a', '2021-03-22 17:04:35', null, '1', '0', '2018112015051635', '', '1', '192.168.0.101', '2'), ('7065cfba-11cb-4996-9196-81fe760d0243', '2021-03-14 20:11:37', null, '1', '0', '2018112015051635', '', '1', '192.168.1.101', '2'), ('70866e32-330a-46c1-aaf2-ba8813c4003f', '2021-03-19 16:19:32', null, '1', '0', '2020031014031940', '', '1', '192.168.0.101', '2'), ('70b9fd65-e3d8-4184-ae9c-32af29164486', '2021-03-08 16:21:16', null, '1', '0', '2018033111202589416', 'dskfksdjkf87328423kskdjdsfkkwieikk', '1', '192.168.0.100', '3'), ('70fe3f2d-09a4-40ce-8d0e-44e5af47c9b1', '2021-03-08 16:22:22', null, '1', '0', '2018112209531803', 'dskfksdjkf87328423kskdjdsfkkwieikk', '1', '192.168.0.100', '3'), ('712d1257-0b13-48c1-91c4-ac4f08d0b775', '2021-05-26 16:48:59', null, '1', '0', '2020031014031940', '', '1', '192.168.0.100', '1'), ('71a333d9-1be1-4ae3-ab67-8983ce2b148e', '2021-03-25 13:20:11', null, '1', '0', '2018112015051635', '', '1', '192.168.0.101', '2'), ('72018ef5-8b25-43d8-82e4-9a98563461b5', '2021-03-10 14:50:22', null, '1', '0', '2018112015051635', '', '1', '192.168.0.101', '1'), ('7233d159-9d38-48e6-af9c-6300fc168d4e', '2021-03-12 21:46:00', null, '1', '0', '2018112015051635', '', '1', '192.168.1.102', '2'), ('7325856b-bd7f-4c0f-8f82-446298af88ce', '2021-03-28 11:40:24', null, '1', '0', '2018112015051635', '', '1', '192.168.1.102', '2'), ('7335ce7e-dc68-4f21-8c21-d204c8be1927', '2021-03-26 22:55:50', null, '1', '0', '2018112015051635', '', '1', '192.168.1.102', '2'), ('73f901f6-4e66-4fd9-9bfe-2517b418550d', '2021-03-18 11:17:09', null, '1', '0', '2018112015051635', '', '1', '192.168.0.100', '2'), ('745bd890-0662-418e-b328-de72830fb9b7', '2021-03-18 11:07:39', null, '1', '0', '2018112015051635', '', '0', '192.168.0.101', '2'), ('757d89d0-107e-402c-b2c8-d1e95e5b004a', '2021-06-09 21:30:58', null, '1', '0', '21060115073397860541541482500672', 'dskfksdjkf87328423kskdjdsfkkwieikk', '1', '127.0.0.1', '3'), ('75917f5f-31ee-4981-9b57-fd5f59d74ecc', '2021-03-24 16:06:07', null, '1', '0', '2018112015051635', '', '1', '192.168.0.101', '2'), ('75c391f5-92fb-4e19-ae63-b1cebc350ced', '2021-03-31 10:36:42', null, '1', '0', '2018033111202589416', 'dskfksdjkf87328423kskdjdsfkkwieikk', '1', '192.168.0.101', '3'), ('7665a46b-bd86-4448-b2e1-9ecd15c42368', '2021-03-07 19:33:58', null, '1', '0', '2018112015051635', '', '1', '192.168.1.102', '2'), ('76e0405e-edf7-4c7a-b08b-8d6fdf804325', '2021-04-06 11:15:57', null, '1', '0', '2018112015051635', '', '1', '192.168.0.101', '1'), ('77b2f343-b249-49f8-822c-02e9deba7cca', '2021-03-16 20:32:52', null, '1', '0', '2018112015051635', '', '1', '192.168.1.102', '2'), ('77fdd0f1-c154-4cdf-88f2-9de654c129e3', '2021-05-20 20:56:54', null, '1', '0', '2018112015051635', '', '1', '127.0.0.1', '1'), ('78527368-c9a0-4e78-ac51-609f2d80b246', '2021-03-30 14:30:08', null, '1', '0', '2018112015051635', '', '1', '192.168.0.100', '2'), ('78acc56e-5519-403d-a0ca-4f615fb28123', '2021-03-22 20:02:59', null, '1', '0', '2018112015051635', '', '1', '192.168.1.102', '2'), ('78b47328-1a40-4aa5-8451-7301b1aa5307', '2021-03-23 17:50:47', null, '1', '0', '2018112015051635', '', '1', '192.168.1.102', '2'), ('791d49ad-fe70-4884-8122-f60df0cfe7bc', '2021-06-03 13:54:58', null, '1', '0', '21060115073397860541541482500672', 'dskfksdjkf87328423kskdjdsfkkwieikk', '1', '127.0.0.1', '3'), ('79c4f5ae-d731-40d9-b5b9-85d5b6384519', '2021-05-19 20:33:51', null, '1', '0', '2018033111202589416', 'dskfksdjkf87328423kskdjdsfkkwieikk', '1', '127.0.0.1', '3'), ('7a29d5ac-3ffa-47d4-8291-a48b8cc8f5ef', '2021-03-14 20:14:25', null, '1', '0', '2018112015051635', '', '1', '192.168.1.102', '2'), ('7ad1e6c4-ddc2-4436-95ec-38274de8e6f2', '2021-03-30 16:39:10', null, '1', '0', '2018112015051635', '', '1', '192.168.0.101', '2'), ('7af2e46f-5191-45a1-b10e-85b3b9cbfe9d', '2021-07-27 16:14:30', null, '1', '0', '21060212272507456918048065577890', '', '1', '127.0.0.1', '1'), ('7b7f0e40-dcd9-4a08-a0da-f0a1fb4d18a8', '2021-03-22 17:28:24', null, '1', '0', '2018112015051635', '', '0', '192.168.0.101', '2'), ('7b860c3e-d8cd-4b84-99e7-f6364d3e91db', '2021-03-26 18:36:29', null, '1', '0', '2018112015051635', '', '1', '127.0.0.1', '1'), ('7bdef1aa-184a-4c5e-a9c7-5e8429c80e28', '2021-03-18 11:22:00', null, '1', '0', '2018112015051635', '', '1', '192.168.0.100', '2'), ('7cd44af2-6719-4664-8ffc-c7c5d533aee2', '2021-04-10 18:34:37', null, '1', '0', '2018112015051635', '', '1', '192.168.1.102', '2'), ('7d008eed-ec69-442e-88b9-2d4d3dc15dfe', '2021-05-26 19:29:00', null, '1', '0', '2020031014031940', '', '1', '192.168.1.102', '2'), ('7de32e5f-2baa-4eaf-9b69-2747a8891814', '2021-03-30 14:59:32', null, '1', '0', '2018112015051635', '', '1', '192.168.0.101', '2'), ('7e18a59f-1119-4c0b-9bbb-60259c9dc26e', '2021-03-08 16:29:48', null, '1', '0', '2018033111202589416', 'dskfksdjkf87328423kskdjdsfkkwieikk', '1', '192.168.0.100', '3'), ('7e2b424c-c667-4262-91c1-bc2906d87233', '2021-06-03 22:47:52', null, '1', '0', '21060212272507456918048065577890', 'dskfksdjkf87328423kskdjdsfkkwieikk', '1', '127.0.0.1', '3'), ('7e951c5f-5cc7-4c5d-92dc-a7422779c90a', '2021-04-14 10:00:58', null, '1', '0', '2018112015051635', '', '1', '192.168.0.101', '2'), ('7ea1627a-28f6-4f04-b4fe-e1735ed8c792', '2021-03-24 21:54:42', null, '1', '0', '2018112015051635', '', '1', '127.0.0.1', '1'), ('824015ef-b1a7-4fc8-9827-61e0c28e7494', '2021-04-08 11:44:35', null, '1', '0', '2018112015051635', '', '1', '192.168.0.101', '2'), ('82f0599d-c83c-48f7-983b-8e01c5e338db', '2021-03-26 21:08:29', null, '1', '0', '2018033111202589416', 'dskfksdjkf87328423kskdjdsfkkwieikk', '1', '127.0.0.1', '3'), ('82f9da5c-f467-41c7-b32b-65c08ef7b130', '2021-05-19 16:56:45', null, '1', '0', '2018112015051635', '', '1', '192.168.0.101', '2'), ('83508de3-6542-45e1-8134-c689fdfc8c51', '2021-03-23 16:05:38', null, '1', '0', '2018033111202589416', 'dskfksdjkf87328423kskdjdsfkkwieikk', '1', '192.168.0.101', '3'), ('8394bcd4-7062-4700-abf9-b9e3f956fff4', '2021-03-08 16:33:57', null, '1', '0', '2018033111202589416', 'dskfksdjkf87328423kskdjdsfkkwieikk', '1', '192.168.0.100', '3'), ('83b4fab1-6d0f-4a04-aabd-a7a1e49dd739', '2021-03-15 10:17:23', null, '1', '0', '2018112015051635', '', '1', '192.168.0.101', '2'), ('83c464f3-3eb8-47aa-ad5b-1e2ae1e7bb39', '2021-03-13 23:39:02', null, '1', '0', '2018112015051635', '', '1', '192.168.1.101', '2'), ('83d943e4-16e0-4a0d-bf4d-dd572f265885', '2021-03-22 20:03:00', null, '1', '0', '2018112015051635', '', '1', '192.168.1.102', '2'), ('84092599-2698-4143-8978-482189774b82', '2021-04-14 11:04:51', null, '1', '0', '2018112015051635', '', '1', '192.168.0.101', '2'), ('854b8c52-8ced-4617-bcad-4c510081e559', '2021-03-25 13:18:19', null, '1', '0', '2018033111202589416', 'dskfksdjkf87328423kskdjdsfkkwieikk', '1', '192.168.0.101', '3'), ('863f5ac5-ca8b-4431-80ab-a16452b878ea', '2021-03-25 17:37:50', null, '1', '0', '2018112015051635', '', '1', '192.168.1.102', '2'), ('868b2506-234b-4c3e-b463-73f2ee3d97af', '2021-03-26 16:07:09', null, '1', '0', '2018112015051635', '', '1', '192.168.0.101', '1'), ('883290bf-4108-4207-9676-366401c81cd3', '2021-03-22 17:28:30', null, '1', '0', '2018112015051635', '', '1', '192.168.0.101', '2'), ('88c0a3d4-cb95-4f1e-bd3d-52e7b39cd6ad', '2021-03-12 20:09:51', null, '1', '0', '2018112015051635', '', '1', '127.0.0.1', '1'), ('8a33100a-b34c-47c5-8b84-0fa47986311d', '2021-03-17 20:39:44', null, '1', '0', '2018112015051635', '', '1', '192.168.1.101', '2'), ('8a95be74-4937-4305-aa6a-84bbb293439a', '2021-05-25 23:30:06', null, '1', '0', '2018033111202589416', 'dskfksdjkf87328423kskdjdsfkkwieikk', '1', '127.0.0.1', '3'), ('8ae8dda1-55b2-40d2-b1a9-1261efa163c0', '2021-03-24 19:41:33', null, '1', '0', '2018112015051635', '', '1', '192.168.1.102', '2'), ('8b3c7ac7-7b4c-4273-8eba-59cb93ed2781', '2021-05-26 19:23:05', null, '1', '0', '2020031014031940', '', '1', '127.0.0.1', '1'), ('8b8842af-0f8e-42af-8a73-565cfd66a6d5', '2021-03-23 09:26:37', null, '1', '0', '2018112015051635', '', '1', '192.168.0.101', '2'), ('8b896468-27b5-4a57-b722-af9281971ca4', '2021-03-25 17:50:52', null, '1', '0', '2018112015051635', '', '1', '192.168.1.102', '2'), ('8b9f83de-6bbc-44fb-b26a-b8dd95318ab4', '2021-03-13 13:41:37', null, '1', '0', '2018112015051635', '', '1', '127.0.0.1', '1'), ('8bc1ef8b-6c7d-4e40-bd81-bc0cf352b9f1', '2021-04-08 10:39:03', null, '1', '0', '2018112015051635', '', '1', '192.168.0.101', '2'), ('8c1d0441-b0a7-41df-9c75-7e604752dd92', '2021-03-22 17:30:00', null, '1', '0', '2018112015051635', '', '1', '192.168.0.100', '2'), ('8c7d333e-3cd9-449e-a55f-9ca865ffe1d1', '2021-04-12 11:24:30', null, '1', '0', '2018112015051635', '', '1', '192.168.0.101', '2'), ('8cb2e12e-282f-4a1f-8e31-c5e42b86eb88', '2021-07-27 16:15:40', null, '1', '0', '21060212272507456918048065577890', '', '1', '127.0.0.1', '1'), ('8cd0d315-a3fd-4c61-ad50-0e142a2edca9', '2021-05-21 19:20:33', null, '1', '0', '2018033111202589416', 'dskfksdjkf87328423kskdjdsfkkwieikk', '1', '127.0.0.1', '3'), ('8d262b1c-2c95-4581-9c9e-ac242d219ddd', '2021-03-27 22:24:05', null, '1', '0', '2018033111202589416', 'dskfksdjkf87328423kskdjdsfkkwieikk', '1', '127.0.0.1', '3'), ('8d418a07-2450-4fe8-86d3-213df5ad19b2', '2021-03-23 22:30:29', null, '1', '0', '2018112015051635', '', '1', '192.168.1.101', '2'), ('8d5df17c-54b3-488f-8e7b-8ef73707d484', '2021-03-22 17:09:15', null, '1', '0', '2018112015051635', '', '1', '192.168.0.100', '2'), ('8d6b0bb1-38cf-44d9-9a30-dc6ccfcdd584', '2021-03-07 19:28:08', null, '1', '0', '2018112015051635', '', '1', '192.168.1.102', '2'), ('8d962ea5-521b-4fb1-9e7b-b870964b3666', '2021-03-22 19:06:10', null, '1', '0', '2018112015051635', '', '1', '192.168.1.102', '2'), ('8ddb7402-e8f3-404d-a323-1fa34918b440', '2021-06-02 12:26:59', null, '1', '0', '21060115073397860541541482500672', 'dskfksdjkf87328423kskdjdsfkkwieikk', '1', '192.168.0.100', '3'), ('8e15e182-26db-43a0-9db2-7c3202a3f009', '2021-05-19 18:12:30', null, '1', '0', '2018033111202589416', 'dskfksdjkf87328423kskdjdsfkkwieikk', '1', '127.0.0.1', '3'), ('8e7f3d06-fe41-4984-ae9c-8b72e874c889', '2021-03-25 17:37:55', null, '1', '0', '2018112015051635', '', '1', '192.168.1.102', '2'), ('8ee0fbb6-7642-4f7a-845e-e101bc266cab', '2021-03-08 16:33:01', null, '1', '0', '2018033111202589416', 'dskfksdjkf87328423kskdjdsfkkwieikk', '1', '192.168.0.100', '3'), ('8ef2e5f3-e4e1-4b3a-bf83-fe499ffbff26', '2021-03-29 18:16:22', null, '1', '0', '2018112015051635', '', '1', '192.168.1.102', '2'), ('8f96c8dc-e079-4350-ad1e-8c89c754e6aa', '2021-03-22 17:31:03', null, '1', '0', '2018112015051635', '', '1', '192.168.0.100', '2'), ('8ff51eae-45ef-405f-952d-f13c3fa87439', '2021-03-21 11:54:21', null, '1', '0', '2018112015051635', '', '1', '192.168.1.102', '2'), ('9088ff71-87f6-4565-8a62-9bb0463b957d', '2021-03-23 14:56:51', null, '1', '0', '2018112015051635', '', '1', '192.168.0.101', '1'), ('90dde1fa-4729-4d2b-be1a-25b4fabc983e', '2021-03-12 18:40:33', null, '1', '0', '2018033111202589416', 'dskfksdjkf87328423kskdjdsfkkwieikk', '1', '127.0.0.1', '3'), ('917da69a-4395-4354-9d03-e54050771a41', '2021-03-22 17:12:26', null, '1', '0', '2018112015051635', '', '1', '192.168.0.101', '2'), ('91b1f254-1021-4d45-b70c-a4726141bd54', '2021-08-09 19:47:04', null, '1', '0', '21060212272507456918048065577890', 'dskfksdjkf87328423kskdjdsfkkwieikk', '1', '127.0.0.1', '3'), ('91dd081b-4c66-43de-a2c1-f7cfaa72a10d', '2021-05-23 09:57:41', null, '1', '0', '2018033111202589416', 'dskfksdjkf87328423kskdjdsfkkwieikk', '1', '127.0.0.1', '3'), ('92b76603-2e88-486f-b5e9-0225c47b9742', '2021-04-11 19:13:43', null, '1', '0', '2018112015051635', '', '1', '127.0.0.1', '1'), ('93111115-ec1f-421b-a17f-85e3e617f3a3', '2021-05-25 23:29:31', null, '1', '0', '2018033111202589416', 'dskfksdjkf87328423kskdjdsfkkwieikk', '1', '127.0.0.1', '3'), ('9377b704-1651-4305-8b53-604ac6de64a4', '2021-03-21 15:30:11', null, '1', '0', '2018112015051635', '', '1', '192.168.1.102', '2'), ('9416787b-4fa1-4957-a5d1-2a5e39781431', '2021-03-15 15:33:16', null, '1', '0', '2018112015051635', '', '1', '192.168.0.101', '1'), ('9497de2b-79ac-45b2-951c-451b8ee5f929', '2021-03-24 16:05:26', null, '1', '0', '2018112015051635', '', '1', '192.168.0.100', '2'), ('94a9f2af-fb15-47e6-800a-df7a77330267', '2021-05-25 23:09:33', null, '1', '0', '2018033111202589416', 'dskfksdjkf87328423kskdjdsfkkwieikk', '1', '127.0.0.1', '3'), ('9574bc79-bee5-450e-bc4d-266811c83a22', '2021-03-22 11:01:31', null, '1', '0', '2018112015051635', '', '1', '192.168.0.101', '2'), ('959005a5-e966-4d9e-871c-512d1e5ebaa4', '2021-06-03 23:00:26', null, '1', '0', '21060212272507456918048065577890', 'dskfksdjkf87328423kskdjdsfkkwieikk', '1', '127.0.0.1', '3'), ('95de2bfc-c2b0-41dd-a85d-4d68e1d98956', '2021-03-23 14:57:59', null, '1', '0', '2018112015051635', '', '1', '192.168.0.101', '2'), ('95efed9c-d88c-4e07-a384-c6f82d73ef90', '2021-05-25 23:27:11', null, '1', '0', '2018033111202589416', 'dskfksdjkf87328423kskdjdsfkkwieikk', '1', '127.0.0.1', '3'), ('961bdc0e-86fe-468f-be18-9c401f098f45', '2021-06-02 12:02:49', null, '1', '0', '21060212021130796170590587471005', 'dskfksdjkf87328423kskdjdsfkkwieikk', '1', '127.0.0.1', '3'), ('9665708e-c5be-4a56-bda1-36379d36f96e', '2021-03-22 11:44:34', null, '1', '0', '2018112015051635', '', '1', '192.168.0.101', '2'), ('9670abb0-1ade-4712-88dd-5e0c40bf8d00', '2021-03-14 17:33:56', null, '1', '0', '2018112015051635', '', '1', '192.168.1.101', '2'), ('973a0ac5-d0b5-453b-a1bc-9f0f5b4b06cf', '2021-03-14 19:08:56', null, '1', '0', '2018112015051635', '', '1', '192.168.1.102', '2'), ('976f7468-5c9d-4fe5-af56-ddfed4e76db6', '2021-08-18 10:56:42', null, '1', '0', '21060212272507456918048065577890', 'dskfksdjkf87328423kskdjdsfkkwieikk', '1', '127.0.0.1', '3'), ('97899bc1-f7aa-4fd0-86f0-a9669db38cea', '2021-06-03 22:29:43', null, '1', '0', '21060212272507456918048065577890', 'dskfksdjkf87328423kskdjdsfkkwieikk', '1', '127.0.0.1', '3'), ('97d960c3-10a5-4d80-ba54-b162b02f7b21', '2021-05-26 14:56:06', null, '1', '0', '2018033111202589416', 'dskfksdjkf87328423kskdjdsfkkwieikk', '1', '192.168.0.100', '3'), ('99900169-8328-4d8c-b78d-745d2019e820', '2021-03-25 18:09:36', null, '1', '0', '2018112015051635', '', '1', '127.0.0.1', '1'), ('99dc6126-630d-4755-a562-e5248ffd2f94', '2021-03-31 10:32:07', null, '1', '0', '2018112015051635', '', '1', '192.168.0.101', '2'), ('99e8dec4-6c8a-4ec3-a378-18db00aedead', '2021-05-22 20:03:43', null, '1', '0', '2018033111202589416', 'dskfksdjkf87328423kskdjdsfkkwieikk', '1', '127.0.0.1', '3'), ('9a4aaeed-5f30-4d70-8c1b-c6e4ce16fae4', '2021-03-15 10:17:31', null, '1', '0', '2018112015051635', '', '1', '192.168.0.101', '2'), ('9a785e62-5a43-4ac7-b190-73e710fa3441', '2021-03-24 20:17:45', null, '1', '0', '2018112015051635', '', '1', '127.0.0.1', '1'), ('9a9638f7-54b7-477e-8dcd-b9910d985e7b', '2021-03-28 22:56:48', null, '1', '0', '2018112015051635', '', '1', '192.168.1.102', '2'), ('9b3aaabd-d3e0-41db-806e-beb3ddd3e072', '2021-03-13 23:45:42', null, '1', '0', '2018112015051635', '', '1', '127.0.0.1', '1'), ('9be5ff90-a4f4-4d39-a2a0-63ac017bd72d', '2021-03-13 13:38:13', null, '1', '0', '2018112015051635', '', '1', '192.168.1.102', '2'), ('9c22b97b-5796-4210-8dd3-3511676d3772', '2021-03-22 20:02:59', null, '1', '0', '2018112015051635', '', '1', '192.168.1.102', '2'), ('9c962fb8-e1aa-43e2-9059-e8d28defd381', '2021-03-23 17:50:38', null, '1', '0', '2018112015051635', '', '1', '192.168.1.102', '2'), ('9f687db2-d930-448c-b195-342f5a743690', '2021-05-26 19:23:48', null, '1', '0', '2020031014031940', '', '1', '192.168.1.102', '2'), ('9ff16841-58ec-484e-8374-27f46f4437ca', '2021-04-14 10:33:44', null, '1', '0', '2018112015051635', '', '1', '192.168.0.101', '2'), ('a0023730-c7d2-41cb-9511-47f741e669fd', '2021-03-19 16:20:19', null, '1', '0', '2018112015051635', '', '1', '192.168.0.101', '2'), ('a0635b10-59cd-42fd-8d43-ead2fb40b31a', '2021-03-10 09:55:15', null, '1', '0', '2018033111202589416', 'dskfksdjkf87328423kskdjdsfkkwieikk', '1', '192.168.0.101', '3'), ('a0dd1661-ecf4-42b6-b847-5a7cc1a79339', '2021-06-05 18:23:46', null, '1', '0', '21060115073397860541541482500672', 'dskfksdjkf87328423kskdjdsfkkwieikk', '1', '127.0.0.1', '3'), ('a0dd5cdd-2fa8-45ec-9707-22b93283ea47', '2021-04-14 18:23:30', null, '1', '0', '2018112015051635', '', '1', '192.168.1.102', '2'), ('a0ffe63f-6e7d-4e93-9915-9bd5829f569d', '2021-06-11 16:56:55', null, '1', '0', '21060212272507456918048065577890', 'dskfksdjkf87328423kskdjdsfkkwieikk', '1', '127.0.0.1', '3'), ('a16cc852-f19e-4ec5-86c8-89fc80a180f2', '2021-03-22 17:11:37', null, '1', '0', '2018112015051635', '', '1', '192.168.0.100', '2'), ('a1de813f-28a8-494f-b5f3-9b356a32b661', '2021-03-08 16:21:23', null, '1', '0', '2018033111202589416', 'dskfksdjkf87328423kskdjdsfkkwieikk', '1', '192.168.0.100', '3'), ('a1e9f26a-d7e7-4d63-b7e5-b7a13228bd0b', '2021-03-14 20:16:00', null, '1', '0', '2018112015051635', '', '1', '192.168.1.101', '2'), ('a3929698-4fe9-4139-8aa7-a8953bd79079', '2021-08-09 19:46:31', null, '1', '0', '21060212272507456918048065577890', '', '1', '127.0.0.1', '1'), ('a3ca5bc1-368e-4902-bc72-17b287838270', '2021-03-26 16:08:22', null, '1', '0', '2018033111202589416', 'dskfksdjkf87328423kskdjdsfkkwieikk', '1', '192.168.0.101', '3'), ('a4303482-654e-4c67-821a-24841ccf02a1', '2021-06-01 17:05:41', null, '1', '0', '21060115073397860541541482500672', 'dskfksdjkf87328423kskdjdsfkkwieikk', '1', '127.0.0.1', '3'), ('a49263a8-007a-486f-a505-8288120359d6', '2021-03-23 16:10:40', null, '1', '0', '2018112015051635', '', '1', '192.168.0.101', '2'), ('a56b36b1-4eff-42a4-a02b-bd3f40bc2caa', '2021-03-07 19:16:33', null, '1', '0', '2018112015051635', '', '1', '192.168.1.102', '2'), ('a5b25f4d-957f-4972-b176-5941fde72fa0', '2021-03-08 16:32:19', null, '1', '0', '2018033111202589416', 'dskfksdjkf87328423kskdjdsfkkwieikk', '1', '192.168.0.100', '3'), ('a6fce3d6-b1dd-4e44-b016-ac6c5031e9df', '2021-06-11 15:36:05', null, '1', '0', '21060212272507456918048065577890', 'dskfksdjkf87328423kskdjdsfkkwieikk', '1', '127.0.0.1', '3'), ('a7b31bc9-9a83-4d53-9348-161051c4b074', '2021-03-08 16:35:33', null, '1', '0', '2018033111202589416', 'dskfksdjkf87328423kskdjdsfkkwieikk', '1', '192.168.0.100', '3'), ('a8015a19-aa1c-4b54-b220-f5253d19a08f', '2021-03-25 19:09:35', null, '1', '0', '2018033111202589416', 'dskfksdjkf87328423kskdjdsfkkwieikk', '1', '127.0.0.1', '3'), ('a8864728-d996-4f51-943d-dbb0f8be7ce7', '2021-04-07 19:04:53', null, '1', '0', '2018112015051635', '', '1', '192.168.1.101', '2'), ('a8b9095e-4860-41ae-a173-bb3c2e305922', '2021-03-14 20:21:01', null, '1', '0', '2018112015051635', '', '1', '192.168.1.101', '2'), ('aa276a98-0d3a-46e3-957a-32b74ad71a5f', '2021-03-07 18:20:21', null, '1', '0', '2018112015051635', '', '1', '192.168.1.101', '2'), ('aa4e2b14-dea6-4380-b499-be1de44da55a', '2021-04-13 19:12:41', null, '1', '0', '2018112015051635', '', '1', '192.168.1.102', '2'), ('aa5c0b28-2451-41bb-8a57-9c84f40a8bba', '2021-03-22 16:16:21', null, '1', '0', '2018112015051635', '', '1', '192.168.0.101', '2'), ('ac36ab18-1320-4c0c-b7a3-a464d9f05ab6', '2021-03-26 18:33:55', null, '1', '0', '2018112015051635', '', '1', '192.168.1.102', '2'), ('ac64ec90-5148-42b1-85b4-a7ed993041fb', '2021-03-06 21:17:32', null, '1', '0', '2018112015051635', '', '1', '127.0.0.1', '2'), ('acbc8ca2-bae0-4b14-b66e-436f1f9e4dee', '2021-07-27 17:08:12', null, '1', '0', '21060212272507456918048065577890', '', '1', '127.0.0.1', '1'), ('ad1b1948-5af9-4ebd-b529-5c6e2faa75e7', '2021-05-26 19:50:45', null, '1', '0', '2020031014031940', 'dskfksdjkf87328423kskdjdsfkkwieikk', '1', '127.0.0.1', '3'), ('ad72cae0-c2d8-44b5-9597-641fbcee7a73', '2021-03-30 14:26:21', null, '1', '0', '2018112015051635', '', '1', '192.168.0.100', '2'), ('adf9082c-166b-4a6b-8484-4e0a6257fb2b', '2021-03-07 19:33:25', null, '1', '0', '2018112015051635', '', '1', '192.168.1.102', '2'), ('aea3fb95-eb8d-4a76-b830-b518130f0bd9', '2021-03-22 20:09:22', null, '1', '0', '2018112015051635', '', '1', '192.168.1.102', '2'), ('aec32c78-70b4-4b44-8a9a-2ae4fb2d49b9', '2021-03-14 20:24:29', null, '1', '0', '2018112015051635', '', '1', '192.168.1.102', '2'), ('afcb00eb-7791-4f3a-b9d3-27f106945565', '2021-04-06 16:36:48', null, '1', '0', '2018112015051635', '', '1', '192.168.0.101', '1'), ('b06e8834-91ac-4823-a01f-264c52e07469', '2021-07-27 17:07:41', null, '1', '0', '21060212021130796170590587471005', 'dskfksdjkf87328423kskdjdsfkkwieikk', '0', '127.0.0.1', '3'), ('b0918fcb-8a9f-47a0-b716-4f75141c22fa', '2021-04-10 18:26:13', null, '1', '0', '2018112015051635', '', '1', '192.168.1.101', '2'), ('b3005ff0-2a86-4330-ba39-8a3137082f6a', '2021-03-29 10:56:06', null, '1', '0', '2018033111202589416', 'dskfksdjkf87328423kskdjdsfkkwieikk', '1', '192.168.0.101', '3'), ('b3290a65-f5a1-4cb0-9900-c164636639ea', '2021-03-22 10:06:10', null, '1', '0', '2018112015051635', '', '1', '192.168.0.101', '2'), ('b32ac2b3-2f4a-46e0-9523-bd6cb0bafae2', '2021-05-22 21:39:31', null, '1', '0', '2018033111202589416', 'dskfksdjkf87328423kskdjdsfkkwieikk', '1', '127.0.0.1', '3'), ('b3adffdd-6080-4706-bc2b-18021129352f', '2021-03-08 19:10:13', null, '1', '0', '2020081015262006', '', '1', '127.0.0.1', '1'), ('b3c33da0-74c6-4650-b3af-f21382e56d2c', '2021-03-12 21:47:25', null, '1', '0', '2018112015051635', '', '1', '192.168.1.101', '2'), ('b645bfa4-38dd-46f5-b8ce-acd793f97167', '2021-04-09 10:27:06', null, '1', '0', '2018112015051635', '', '1', '192.168.0.100', '2'), ('b6d10e34-3a6b-47d5-be96-e98186e3222d', '2021-04-12 22:18:34', null, '1', '0', '2018112015051635', '', '1', '192.168.1.102', '2'), ('b7b139cc-b7a5-4bdd-9032-e61ed95c6b98', '2021-03-26 09:44:53', null, '1', '0', '2018112015051635', '', '1', '192.168.0.101', '2'), ('b7c14bfa-a790-4b26-8bf9-6ad388318674', '2021-03-08 16:02:28', null, '1', '0', '2018033111202589416', 'dskfksdjkf87328423kskdjdsfkkwieikk', '1', '192.168.0.100', '3'), ('b81b3476-46c9-4bfa-a47b-920033166135', '2021-03-28 22:53:53', null, '1', '0', '2018112015051635', '', '1', '192.168.1.104', '2'), ('b871309b-12f5-4ece-a341-89a6afb30325', '2021-08-16 19:26:20', null, '1', '0', '21060212272507456918048065577890', 'dskfksdjkf87328423kskdjdsfkkwieikk', '1', '127.0.0.1', '3'), ('b9188d4a-e92b-4afb-a5ae-227e06b00cfa', '2021-03-18 11:30:58', null, '1', '0', '2018112015051635', '', '1', '192.168.0.101', '2'), ('b9c96544-8d66-41ae-9c56-031051a421be', '2021-04-01 15:49:53', null, '1', '0', '2018112015051635', '', '1', '192.168.0.101', '1'), ('ba117831-b575-46f2-aee1-0de631ed0c89', '2021-03-17 22:31:39', null, '1', '0', '2018112015051635', '', '1', '192.168.1.101', '2'), ('baf42adf-930b-48f0-9aec-000791e96142', '2021-03-13 19:54:05', null, '1', '0', '2018033111202589416', 'dskfksdjkf87328423kskdjdsfkkwieikk', '1', '127.0.0.1', '3'), ('bb010a49-8bf6-491d-bee5-3b55dbe070a6', '2021-03-22 17:46:14', null, '1', '0', '2018112015051635', '', '1', '192.168.0.101', '2'), ('bbb48c68-cc37-41d5-8063-605fd90354cb', '2021-08-09 17:10:28', null, '1', '0', '21060212272507456918048065577890', '', '1', '127.0.0.1', '1'), ('bc5c913b-a9a0-4212-8936-36aeee3393c5', '2021-03-19 19:09:40', null, '1', '0', '2018112015051635', '', '1', '192.168.1.102', '2'), ('bc7bf2db-dff6-4691-99bb-209ab525ef86', '2021-03-22 20:03:00', null, '1', '0', '2018112015051635', '', '1', '192.168.1.102', '2'), ('bd77d320-f7f5-4a76-8c04-daeab6b2c45f', '2021-04-09 11:44:35', null, '1', '0', '2018112015051635', '', '1', '192.168.0.100', '2'), ('be94bdf1-e90b-46ac-b21c-d0f296f988c3', '2021-06-09 19:53:27', null, '1', '0', '21060115073397860541541482500672', 'dskfksdjkf87328423kskdjdsfkkwieikk', '1', '127.0.0.1', '3'), ('bebe1384-bebc-465a-a464-7f808dcb10cb', '2021-03-24 22:02:22', null, '1', '0', '2018112015051635', '', '1', '192.168.1.101', '2'), ('bef8f29c-cafd-4200-87e6-02daed985ea1', '2021-06-01 15:08:13', null, '1', '0', '21060115073397860541541482500672', 'dskfksdjkf87328423kskdjdsfkkwieikk', '1', '127.0.0.1', '3'), ('bf41dac9-346e-493d-96e8-a12c42562ded', '2021-03-13 23:34:41', null, '1', '0', '2018033111202589416', 'dskfksdjkf87328423kskdjdsfkkwieikk', '1', '127.0.0.1', '3'), ('c02aafcf-9a8a-40c2-a2b3-5a611b795181', '2021-03-14 18:17:14', null, '1', '0', '2018112015051635', '', '1', '192.168.1.102', '2'), ('c05722b3-2e0b-4104-aba7-e40f8e36f986', '2021-04-06 14:56:11', null, '1', '0', '2018112015051635', '', '1', '192.168.0.101', '2'), ('c166326f-8ffe-4bd5-8b21-ed96bd951c40', '2021-07-18 15:01:50', null, '1', '0', '21060212272507456918048065577890', '', '1', '127.0.0.1', '1'), ('c1c4ee29-33c6-46ab-bcc8-2dd99cb039e5', '2021-08-26 20:11:39', null, '1', '0', '21060212272507456918048065577890', 'dskfksdjkf87328423kskdjdsfkkwieikk', '1', '127.0.0.1', '3'), ('c22b27d7-3b0a-43e7-b803-87249942b8eb', '2021-03-14 19:47:00', null, '1', '0', '2018112015051635', '', '1', '192.168.1.102', '2'), ('c3c40fff-2926-43c6-89c3-1b815ea425ec', '2021-03-22 20:02:59', null, '1', '0', '2018112015051635', '', '1', '192.168.1.102', '2'), ('c4699695-10ce-4398-a3d7-152b74a58f44', '2021-03-22 17:26:50', null, '1', '0', '2018112015051635', '', '1', '192.168.0.100', '2'), ('c4f28d7d-4880-4933-9f99-71f61fafabd7', '2021-03-30 16:42:09', null, '1', '0', '2018112015051635', '', '1', '192.168.0.101', '1'), ('c50ca83f-520e-4d3e-aa63-7d4d01716f76', '2021-03-31 12:00:04', null, '1', '0', '2018112015051635', '', '1', '192.168.0.100', '2'), ('c5766027-eb3e-40ab-b2f6-98b133040b16', '2021-03-13 22:07:37', null, '1', '0', '2018112015051635', '', '1', '127.0.0.1', '1'), ('c591efbe-5283-4184-aff4-a92632748038', '2021-04-11 22:31:38', null, '1', '0', '2018112015051635', '', '1', '127.0.0.1', '1'), ('c5c90fa8-9aad-4a28-82d7-dbb0c86ed052', '2021-05-21 19:21:33', null, '1', '0', '2018033111202589416', 'dskfksdjkf87328423kskdjdsfkkwieikk', '1', '127.0.0.1', '3'), ('c6560b23-12a3-4df1-81cf-7db4441559cb', '2021-03-30 22:26:43', null, '1', '0', '2018112015051635', '', '1', '127.0.0.1', '1'), ('c669779d-9bd9-4005-bfcd-f3819b48105e', '2021-04-14 10:47:18', null, '1', '0', '2018112015051635', '', '1', '192.168.0.101', '2'), ('c6f39f0a-0170-4799-a339-d8615e31d3bb', '2021-06-11 15:35:39', null, '1', '0', '21060212272507456918048065577890', 'dskfksdjkf87328423kskdjdsfkkwieikk', '1', '127.0.0.1', '3'), ('c7231102-12e8-483c-baab-8f017eb018c6', '2021-05-20 20:12:14', null, '1', '0', '2018112015051635', '', '1', '192.168.1.102', '2'), ('c76246fa-fc3a-4d64-908d-225ec69154ed', '2021-04-10 17:39:41', null, '1', '0', '2018112015051635', '', '1', '192.168.1.102', '2'), ('c7916426-6ac5-48f0-a3c4-e959a869806f', '2021-07-27 16:15:42', null, '1', '0', '21060212272507456918048065577890', '', '1', '127.0.0.1', '1'), ('c81dd7ee-13fa-4d8c-97c4-56e979cb2fbc', '2021-03-24 11:53:35', null, '1', '0', '2018112015051635', '', '1', '192.168.0.100', '2'), ('c86e3c0b-a67c-4f99-bb30-4a151779f430', '2021-03-30 20:20:46', null, '1', '0', '2018112015051635', '', '1', '192.168.1.102', '2'), ('c90bc306-26d1-41d6-b856-9d3581f65694', '2021-03-22 20:02:53', null, '1', '0', '2018112015051635', '', '1', '192.168.1.102', '2'), ('c948858b-9c7d-47b3-956e-fd99c9fa30ce', '2021-05-19 19:28:28', null, '1', '0', '2018033111202589416', 'dskfksdjkf87328423kskdjdsfkkwieikk', '1', '127.0.0.1', '3'), ('c95581c3-0ad0-4b54-a41e-907e95ea3f9a', '2021-03-25 17:43:48', null, '1', '0', '2018112015051635', '', '1', '192.168.1.101', '2'), ('c99e39e8-2cd1-4e20-bca4-fb91288ef413', '2021-03-10 16:02:04', null, '1', '0', '2018112015051635', '', '1', '192.168.0.101', '1'), ('c9ca27cd-289a-4af7-bc38-66c7742c8f67', '2021-06-03 15:07:58', null, '1', '0', '21060115073397860541541482500672', '', '1', '127.0.0.1', '1'), ('c9f81e5c-0f70-4382-bc98-78f2b8478926', '2021-03-30 14:28:30', null, '1', '0', '2018112015051635', '', '1', '192.168.0.101', '2'), ('ca6e616c-ce69-4d09-adf8-e8d37d01e899', '2021-03-22 17:10:49', null, '1', '0', '2018112015051635', '', '1', '192.168.0.101', '2');
INSERT INTO `login_log` VALUES ('cb0ba359-6f1d-4011-bfd4-305522daca7b', '2021-04-13 15:45:05', null, '1', '0', '2018112015051635', '', '1', '192.168.0.101', '2'), ('cbba7543-2053-4e29-9e90-e0974e596707', '2021-03-11 18:47:20', null, '1', '0', '2018112015051635', '', '1', '192.168.1.101', '2'), ('cbc2df1f-45cd-4406-af28-795dc8d87cf1', '2021-03-14 18:06:53', null, '1', '0', '2018112015051635', '', '0', '192.168.1.102', '2'), ('cc2f577b-c3e8-4ce2-8ce7-d5714c7c7152', '2021-03-22 19:30:38', null, '1', '0', '2018112015051635', '', '1', '192.168.1.102', '2'), ('cc7bf2d5-f995-485f-adfd-badfbd1d1e0e', '2021-03-13 13:40:37', null, '1', '0', '2018033111202589416', 'dskfksdjkf87328423kskdjdsfkkwieikk', '1', '127.0.0.1', '3'), ('cd8eb124-d330-44ab-8725-f2c6b574be61', '2021-04-14 11:58:48', null, '1', '0', '2018112015051635', '', '1', '192.168.0.101', '1'), ('ce29208b-7885-4ba2-a07c-2506de7610b2', '2021-03-22 13:29:22', null, '1', '0', '2018112015051635', '', '1', '192.168.0.101', '2'), ('cf6f12ff-2f0f-4785-85e4-c018bb4b1f4e', '2021-03-13 21:49:19', null, '1', '0', '2018033111202589416', 'dskfksdjkf87328423kskdjdsfkkwieikk', '1', '127.0.0.1', '3'), ('d07563a6-d3d4-482e-8f4a-b0eabae9ca4a', '2021-03-24 11:47:55', null, '1', '0', '2018112015051635', '', '1', '192.168.0.101', '2'), ('d0a60e50-20a0-4fe8-b1de-c1c08e61fb88', '2021-04-14 21:39:59', null, '1', '0', '2018033111202589416', 'dskfksdjkf87328423kskdjdsfkkwieikk', '1', '127.0.0.1', '3'), ('d0d4a48f-6262-48d5-86b0-b05493700474', '2021-03-22 19:23:15', null, '1', '0', '2018112015051635', '', '1', '192.168.1.101', '2'), ('d1531185-a5fc-45a5-8d77-847f2d502429', '2021-05-23 11:59:28', null, '1', '0', '2018033111202589416', 'dskfksdjkf87328423kskdjdsfkkwieikk', '1', '127.0.0.1', '3'), ('d1b48afb-3c59-4ecc-8f2e-f239dbf74a2c', '2021-03-12 21:32:02', null, '1', '0', '2018112015051635', '', '1', '192.168.1.101', '2'), ('d1e1478b-6551-4b89-8e85-36daae1ebbb3', '2021-03-24 11:48:30', null, '1', '0', '2018033111202589416', 'dskfksdjkf87328423kskdjdsfkkwieikk', '1', '192.168.0.101', '3'), ('d1fd5636-f2df-4358-ae8d-aeca1bca1f81', '2021-04-08 19:05:48', null, '1', '0', '2018112015051635', '', '1', '127.0.0.1', '1'), ('d2e9030c-43d4-4cbb-ba14-e72903dbf467', '2021-03-22 13:28:25', null, '1', '0', '2018112015051635', '', '1', '192.168.0.101', '2'), ('d654e6f8-ffba-4cb7-b1f9-a1f3952cf9a6', '2021-06-02 10:54:35', null, '1', '0', '21060115073397860541541482500672', '', '1', '192.168.0.100', '1'), ('d6b29e7d-b790-400d-851e-32170e99a65c', '2021-03-22 20:03:02', null, '1', '0', '2018112015051635', '', '1', '192.168.1.102', '2'), ('d72ee818-3087-483e-a50e-53fcbe5f8df8', '2021-04-08 14:49:22', null, '1', '0', '2018112015051635', '', '1', '192.168.0.101', '2'), ('d7647a83-0077-43a4-82cd-4fee15d810b2', '2021-08-09 19:43:46', null, '1', '0', '21060212272507456918048065577890', '', '1', '192.168.1.104', '2'), ('d78ff8d7-c281-4a5f-89e9-57c2d69f37f6', '2021-03-22 17:48:02', null, '1', '0', '2018112015051635', '', '1', '192.168.0.101', '2'), ('d93e5160-0188-467f-8962-bb1100cc2d5f', '2021-03-17 20:37:35', null, '1', '0', '2018112015051635', '', '1', '127.0.0.1', '1'), ('da2af584-1862-422f-9c81-521f71167872', '2021-03-13 14:19:52', null, '1', '0', '2018112015051635', '', '1', '192.168.1.101', '2'), ('da377ebb-16cf-4d43-bb25-cc283921c3c5', '2021-08-27 15:51:15', null, '1', '0', '21060212272507456918048065577890', 'dskfksdjkf87328423kskdjdsfkkwieikk', '1', '127.0.0.1', '3'), ('dc45d8d9-1dbd-474c-be7c-cade617bffc8', '2021-05-21 12:47:24', null, '1', '0', '2018033111202589416', 'dskfksdjkf87328423kskdjdsfkkwieikk', '1', '192.168.0.101', '3'), ('dccbc72d-83c8-4219-9287-342341a3c6bb', '2021-03-18 22:17:53', null, '1', '0', '2018112015051635', '', '1', '192.168.1.102', '2'), ('dd166a46-dd92-4a14-9e65-e720cfa15106', '2021-04-14 11:25:22', null, '1', '0', '2018112015051635', '', '1', '192.168.0.101', '2'), ('ddd250fa-b8a1-4b59-8133-ae43dde343b2', '2021-03-22 17:36:39', null, '1', '0', '2018112015051635', '', '1', '192.168.0.101', '2'), ('de67b737-8d1f-4edc-bd2b-61daf942d94b', '2021-03-24 15:43:21', null, '1', '0', '2018112015051635', '', '1', '192.168.0.100', '2'), ('ded9dc6f-6299-481c-abac-885bee0ba36a', '2021-06-03 22:16:42', null, '1', '0', '21060212272507456918048065577890', 'dskfksdjkf87328423kskdjdsfkkwieikk', '1', '127.0.0.1', '3'), ('def3e4a4-47ea-4f6e-ab92-4b7fef0f63bb', '2021-03-25 09:52:38', null, '1', '0', '2018112015051635', '', '1', '192.168.0.101', '2'), ('df7b5167-dc01-461c-bf07-9ec620b121bb', '2021-03-22 16:18:04', null, '1', '0', '2018112015051635', '', '1', '192.168.0.101', '2'), ('e0b14b1c-f5da-4bdc-b309-ca33463d9be1', '2021-03-25 15:25:15', null, '1', '0', '2018033111202589416', 'dskfksdjkf87328423kskdjdsfkkwieikk', '1', '192.168.0.101', '3'), ('e1331905-1ace-4b98-8cf7-188af448c020', '2021-03-28 17:37:31', null, '1', '0', '2018112015051635', '', '1', '192.168.1.102', '2'), ('e1768e03-a8c4-48f0-b28f-e89261126870', '2021-03-24 22:07:23', null, '1', '0', '2018112015051635', '', '1', '192.168.1.102', '2'), ('e26726b0-4bc1-41b2-84d1-dfcdfc7e3bfa', '2021-03-08 15:06:58', null, '1', '0', '2018112015051635', '', '1', '192.168.0.100', '2'), ('e2c9e344-d3ae-40d2-868a-011efcae4193', '2021-03-12 23:47:53', null, '1', '0', '2018112015051635', '', '1', '192.168.1.102', '2'), ('e2fbad96-f195-4e6b-84f9-cdc711654656', '2021-03-06 18:03:32', null, '1', '0', '2018112015051635', '', '1', '127.0.0.1', '1'), ('e3853678-bf44-4c52-998f-b11558ac44b6', '2021-03-22 20:03:02', null, '1', '0', '2018112015051635', '', '1', '192.168.1.102', '2'), ('e3fe170a-304d-486a-b758-9198d188bbcf', '2021-03-22 20:02:57', null, '1', '0', '2018112015051635', '', '1', '192.168.1.102', '2'), ('e53daa5e-af56-4a7a-af41-98a0bfdbaea6', '2021-03-24 22:08:59', null, '1', '0', '2018112015051635', '', '1', '192.168.1.101', '2'), ('e54a619e-d316-44c7-abd7-9b1832ca0b40', '2021-03-22 17:30:04', null, '1', '0', '2018112015051635', '', '1', '192.168.0.100', '2'), ('e54dcea0-c190-4eb2-817a-9be74a8fed3a', '2021-05-26 18:35:39', null, '1', '0', '2020031014031940', '', '1', '192.168.1.102', '2'), ('e5b402a1-690b-446e-b532-16616e2af2e7', '2021-03-08 16:33:39', null, '1', '0', '2018033111202589416', 'dskfksdjkf87328423kskdjdsfkkwieikk', '1', '192.168.0.100', '3'), ('e5e411e9-9c67-443a-a078-6b339b9ca437', '2021-03-10 09:24:03', null, '1', '0', '2018112015051635', '', '1', '192.168.0.101', '1'), ('e62ef07c-94ae-45cd-b4d5-40a58bab8952', '2021-03-28 17:40:34', null, '1', '0', '2018112015051635', '', '1', '127.0.0.1', '1'), ('e674001a-dc23-42ab-942f-fc7cd11a8b5c', '2021-04-10 23:28:10', null, '1', '0', '2018112015051635', '', '1', '127.0.0.1', '1'), ('e6919cf7-23ab-49ed-9d83-30e987cce12c', '2021-03-18 11:21:18', null, '1', '0', '2018112015051635', '', '1', '192.168.0.101', '2'), ('e6caf356-b02d-40a5-9548-115e4b9a7b56', '2021-03-15 15:34:28', null, '1', '0', '2018033111202589416', 'dskfksdjkf87328423kskdjdsfkkwieikk', '1', '192.168.0.101', '3'), ('e749d09f-08ac-41c2-a62f-29ffe6fefb68', '2021-03-14 20:22:06', null, '1', '0', '2018112015051635', '', '1', '192.168.1.101', '2'), ('e76ed9c7-d22d-4fda-b5bc-d004551b5bd4', '2021-06-04 09:50:16', null, '1', '0', '21060212272507456918048065577890', 'dskfksdjkf87328423kskdjdsfkkwieikk', '1', '127.0.0.1', '3'), ('e80f805c-c47d-4517-b452-c4c6d748e45d', '2021-04-09 22:13:41', null, '1', '0', '2018112015051635', '', '1', '192.168.1.102', '2'), ('e870f2d8-1a67-48aa-9c96-a3fabd2479f1', '2021-03-11 23:21:56', null, '1', '0', '2018112015051635', '', '1', '127.0.0.1', '1'), ('e922935d-b23b-4291-9aa4-49f199dd3b23', '2021-04-07 19:03:15', null, '1', '0', '2018112015051635', '', '1', '192.168.1.101', '2'), ('e9b886d7-7981-4cca-93df-e43e27cab7b7', '2021-06-10 10:35:30', null, '1', '0', '21060115073397860541541482500672', 'dskfksdjkf87328423kskdjdsfkkwieikk', '1', '127.0.0.1', '3'), ('e9ee1d03-4734-45ba-96fb-0995e93880e5', '2021-04-08 18:55:10', null, '1', '0', '2018112015051635', '', '1', '192.168.1.102', '2'), ('ea2323be-a2d2-46dc-8538-5626214e44ff', '2021-03-25 19:09:19', null, '1', '0', '2018112015051635', '', '1', '127.0.0.1', '1'), ('ead76fbf-4cef-4d21-84bb-70526fa9e95b', '2021-03-13 14:49:26', null, '1', '0', '2018112015051635', '', '1', '192.168.1.101', '2'), ('ebd76f9a-ac5f-402f-a172-b9265e936836', '2021-07-27 16:15:04', null, '1', '0', '21060115073397860541541482500672', '', '1', '127.0.0.1', '1'), ('ebde1212-7dbd-4517-bbb0-dcb6cc5fed39', '2021-03-17 22:33:05', null, '1', '0', '2018112015051635', '', '1', '192.168.1.102', '2'), ('ebdf19ba-0c9f-4bc9-9ab2-a32a8a1bfb0f', '2021-03-22 14:45:11', null, '1', '0', '2018033111202589416', 'dskfksdjkf87328423kskdjdsfkkwieikk', '1', '192.168.0.101', '3'), ('ebf80938-ed97-450e-9696-ae0cfa13106a', '2021-03-17 20:39:19', null, '1', '0', '2018112015051635', '', '1', '192.168.1.102', '2'), ('ec5f99e1-2812-4f16-ae1a-31a899e906f0', '2021-04-28 19:35:44', null, '1', '0', '2018112015051635', '', '1', '192.168.1.101', '2'), ('edb464df-78f3-435e-acb7-e2dc76696d83', '2021-03-14 18:09:23', null, '1', '0', '2018112015051635', '', '1', '192.168.1.102', '2'), ('edca6e8a-e391-4238-bf1a-32ad7fbf0395', '2021-03-12 23:10:36', null, '1', '0', '2018112015051635', '', '1', '192.168.1.102', '2'), ('ee10688b-7b21-4ba9-9aa9-ea7ec02a6949', '2021-06-03 15:14:40', null, '1', '0', '21060115073397860541541482500672', '', '1', '192.168.1.102', '2'), ('ee693421-b465-4ded-b1ad-3df42d064587', '2021-03-13 14:44:16', null, '1', '0', '2018112015051635', '', '1', '192.168.1.101', '2'), ('ee77e2a2-9146-483e-a956-51dcf32d152e', '2021-03-29 19:35:08', null, '1', '0', '2018112015051635', '', '1', '127.0.0.1', '1'), ('efb1cece-30b5-4a69-9c2a-9e7afb4b3d9c', '2021-04-14 11:49:36', null, '1', '0', '2018112015051635', '', '1', '192.168.0.101', '2'), ('f003489e-3fb8-4ea1-bd3a-92010de3f278', '2021-04-10 22:04:39', null, '1', '0', '2018112015051635', '', '1', '192.168.1.101', '2'), ('f03c729d-b643-4d46-aaaf-d70ed202c631', '2021-03-24 12:03:31', null, '1', '0', '2018033111202589416', 'dskfksdjkf87328423kskdjdsfkkwieikk', '1', '192.168.0.101', '3'), ('f09d1e4f-e207-47f3-863d-5d3c41439a09', '2021-03-18 10:59:40', null, '1', '0', '2018112015051635', '', '1', '192.168.0.100', '2'), ('f214d575-8900-482a-99c6-d7881c9de497', '2021-07-27 16:14:09', null, '1', '0', '21060212272507456918048065577890', '', '1', '127.0.0.1', '1'), ('f23e034c-fc83-42e0-8eba-4fcad8a42fe1', '2021-05-22 21:42:34', null, '1', '0', '2018033111202589416', 'dskfksdjkf87328423kskdjdsfkkwieikk', '1', '127.0.0.1', '3'), ('f2634c9f-ed8b-4533-9215-940a760e633a', '2021-03-22 20:03:01', null, '1', '0', '2018112015051635', '', '1', '192.168.1.102', '2'), ('f2bec742-eb29-4616-a535-9b0eefeac21d', '2021-03-28 16:33:28', null, '1', '0', '2018112015051635', '', '1', '192.168.1.102', '2'), ('f3347fb5-6da8-411e-8d14-c2e3b1b13c59', '2021-03-30 13:13:15', null, '1', '0', '2018112015051635', '', '1', '192.168.0.101', '1'), ('f4dc2d7b-d15d-40b0-bcc1-beb377ccdd85', '2021-05-19 18:22:11', null, '1', '0', '2018112015051635', '', '1', '192.168.1.102', '2'), ('f4f73140-045a-4752-b31e-3d0bbf16cefd', '2021-03-29 15:58:43', null, '1', '0', '2018112015051635', '', '1', '192.168.0.101', '1'), ('f58d4c10-0c90-44f9-ba7c-18f9aa7dae77', '2021-03-22 17:26:52', null, '1', '0', '2018112015051635', '', '1', '192.168.0.100', '2'), ('f5ad135b-7b7c-44d5-9925-bf6e48c76eb6', '2021-06-03 22:02:41', null, '1', '0', '21060212272507456918048065577890', 'dskfksdjkf87328423kskdjdsfkkwieikk', '1', '127.0.0.1', '3'), ('f5ae3e88-0620-42a4-99c1-771e9d499f07', '2021-04-11 13:27:59', null, '1', '0', '2018112015051635', '', '1', '192.168.1.102', '2'), ('f5c5cf08-3193-482c-893b-2a2a19c79f9a', '2021-03-22 13:23:38', null, '1', '0', '2018112015051635', '', '1', '192.168.0.101', '2'), ('f60cbf10-3e02-4ccd-85d2-abced38163f6', '2021-05-22 20:05:11', null, '1', '0', '2018033111202589416', 'dskfksdjkf87328423kskdjdsfkkwieikk', '1', '127.0.0.1', '3'), ('f72b2ffd-b99c-4ca1-b887-96ca8c44fe7d', '2021-06-01 13:17:53', null, '1', '0', '2020031014031940', 'dskfksdjkf87328423kskdjdsfkkwieikk', '1', '127.0.0.1', '3'), ('f7aa8a78-6ede-4bad-a07c-6a83b6e6ec9d', '2021-03-25 12:26:31', null, '1', '0', '2018112015051635', '', '1', '192.168.0.101', '2'), ('f7b7afd2-7a32-437e-a812-caeddf09cfc5', '2021-05-25 23:27:55', null, '1', '0', '2018033111202589416', 'dskfksdjkf87328423kskdjdsfkkwieikk', '1', '127.0.0.1', '3'), ('f7fd2b44-a72b-421b-a202-d24c5477b048', '2021-04-09 11:44:03', null, '1', '0', '2018112015051635', '', '1', '192.168.0.100', '2'), ('f866df15-92c3-4133-9080-541f161dcd94', '2021-03-24 12:09:54', null, '1', '0', '2018112015051635', '', '1', '192.168.0.100', '2'), ('f90e8079-7113-4f61-a5fa-c3b452ef90c4', '2021-03-13 16:45:12', null, '1', '0', '2018112015051635', '', '1', '127.0.0.1', '1'), ('f936e10e-9f18-44ed-8402-9d43e255e4fc', '2021-03-22 19:34:49', null, '1', '0', '2018112015051635', '', '1', '192.168.1.101', '2'), ('f967aadf-43c0-4d6c-b365-4126267ee920', '2021-05-19 22:03:24', null, '1', '0', '2018033111202589416', 'dskfksdjkf87328423kskdjdsfkkwieikk', '1', '127.0.0.1', '3'), ('f9ad6940-9578-485e-a80f-c331828c613d', '2021-04-06 20:07:54', null, '1', '0', '2018112015051635', '', '1', '192.168.1.101', '2'), ('fa9797fa-5602-471d-a6f3-a4c56eb35315', '2021-03-30 10:57:25', null, '1', '0', '2018112015051635', '', '1', '192.168.0.101', '1'), ('faacea57-a583-4683-93b7-6383cc895f13', '2021-06-06 12:47:51', null, '1', '0', '21060212272507456918048065577890', 'dskfksdjkf87328423kskdjdsfkkwieikk', '1', '127.0.0.1', '3'), ('fb316a8a-d9eb-4c64-a82a-d535f8eb5133', '2021-03-22 17:13:29', null, '1', '0', '2018112015051635', '', '1', '192.168.0.100', '2'), ('fb41e154-dbda-424a-b4c6-a02445913740', '2021-03-13 22:14:30', null, '1', '0', '2018112015051635', '', '1', '192.168.1.102', '2'), ('fb5a29c8-f4af-40b4-be46-089aff905094', '2021-03-06 18:03:08', null, '1', '0', '2018033111202589416', 'dskfksdjkf87328423kskdjdsfkkwieikk', '1', '127.0.0.1', '3'), ('fbc483c8-006c-4a0b-9e13-7d5eab43ef03', '2021-03-17 19:19:28', null, '1', '0', '2018112015051635', '', '1', '192.168.1.102', '2'), ('fcb96fbd-d2b1-4b8b-ac94-b18810b0425f', '2021-03-12 21:12:43', null, '1', '0', '2018112015051635', '', '1', '192.168.1.101', '2'), ('fd93cf96-fbc5-48df-9cb7-27aaab86f0c8', '2021-03-27 22:11:49', null, '1', '0', '2018112015051635', '', '1', '127.0.0.1', '1'), ('fdc82844-dee6-4946-b757-d92a988c0bbe', '2021-03-26 09:56:50', null, '1', '0', '2018112015051635', '', '1', '192.168.0.101', '1'), ('fe86e880-5f46-4c30-8c74-6197a39f65f6', '2021-03-10 19:08:19', null, '1', '0', '2018112015051635', '', '1', '127.0.0.1', '1'), ('fe8fbf45-806b-43a8-89b6-0652aafd0344', '2021-03-14 17:39:27', null, '1', '0', '2018112015051635', '', '1', '192.168.1.101', '2'), ('ff581fc5-4032-4b79-a881-e864c873f1ed', '2021-04-14 10:29:59', null, '1', '0', '2018112015051635', '', '1', '192.168.0.101', '2'), ('ff810cd7-3adf-4aaa-9f06-de0bbf53b2ea', '2021-04-07 15:14:22', null, '1', '0', '2018112015051635', '', '1', '192.168.0.101', '1'), ('ffda5995-2013-4244-8535-be061d773f71', '2021-03-26 21:04:02', null, '1', '0', '2018112015051635', '', '1', '127.0.0.1', '1'), ('fffee933-95c1-4348-8b12-eb947ec8a977', '2021-03-26 22:49:12', null, '1', '0', '2018112015051635', '', '1', '192.168.1.101', '2');
COMMIT;

-- ----------------------------
--  Table structure for `mobile_middle_navigation`
-- ----------------------------
DROP TABLE IF EXISTS `mobile_middle_navigation`;
CREATE TABLE `mobile_middle_navigation` (
  `id` varchar(36) NOT NULL COMMENT '主键',
  `create_time` datetime NOT NULL DEFAULT CURRENT_TIMESTAMP COMMENT '创建时间',
  `modified_time` datetime DEFAULT CURRENT_TIMESTAMP COMMENT '修改时间',
  `valid_value` tinyint(3) unsigned NOT NULL DEFAULT '1' COMMENT '状态(1有效, 0无效)',
  `sort` int(11) NOT NULL DEFAULT '1' COMMENT '排序',
  `mmn_name` varchar(50) NOT NULL COMMENT '导航名称',
  `mmn_url` varchar(255) NOT NULL COMMENT '导航链接',
  `mmn_ico` varchar(255) DEFAULT NULL COMMENT '导航图标',
  `mmn_desc` varchar(255) DEFAULT NULL COMMENT '导航描述',
  `mmn_url_type` int(1) DEFAULT NULL COMMENT '导航链接类型，内部链接类型为1，外部链接2',
  PRIMARY KEY (`id`)
) ENGINE=InnoDB DEFAULT CHARSET=utf8 ROW_FORMAT=DYNAMIC COMMENT='移动端中部导航';

-- ----------------------------
--  Records of `mobile_middle_navigation`
-- ----------------------------
BEGIN;
INSERT INTO `mobile_middle_navigation` VALUES ('1212', '2020-09-07 14:26:26', '2021-05-19 20:28:39', '1', '89', '领优惠券', '/my/collectCoupon/collectCouponIndex', 'https://atest888.oss-cn-hangzhou.aliyuncs.com/course/85f2457ecec547cea6a0ceb0240a0619.png', '234234', '1'), ('1c93a9a4d2b3465fad273dd64a51a2ed', '2020-09-20 23:48:00', '2021-05-19 22:04:27', '1', '85', '优惠券卡', '/my/myCoupon/myCouponListIndex', 'https://atest888.oss-cn-hangzhou.aliyuncs.com/course/5c72766322ed4f8a96e8c8a30024754c.png', null, '1'), ('33bfb798956f4b918e1d7c7c89bb6c31', '2020-09-08 13:33:13', '2021-05-19 22:05:22', '1', '83', '我的信息', '/my/myAccount/myAccountIndex', 'https://atest888.oss-cn-hangzhou.aliyuncs.com/course/7f80729b8cc64c7283c553857d940d00.png', 'wqwq', '1'), ('4a27ae7b7e9a47e2a1d80b8751770e99', '2020-09-07 16:20:33', '2021-05-19 20:32:04', '1', '87', '外链测试', 'http://www.baidu.com', 'https://atest888.oss-cn-hangzhou.aliyuncs.com/course/758ce613b9474257b204c3610e67f684.png', '233', '2'), ('4d63735d7db8422ba6e9ed6b8ddb5b7c', '2020-09-21 20:58:31', '2021-05-19 22:07:44', '1', '78', '我的订单', '/my/myOrder/myOrderListIndex', 'https://atest888.oss-cn-hangzhou.aliyuncs.com/course/abb0919841b84783a9e77a0423b4fb3d.png', null, '1'), ('4d669e33fd154ddd8dc87319a267867a', '2020-09-07 18:59:25', '2021-05-19 22:06:18', '1', '82', '积分记录', '/my/myPoint/myPointIndex', 'https://atest888.oss-cn-hangzhou.aliyuncs.com/course/7edee3c6a3c24efc8de8ed59a93bd638.png', null, '1'), ('5b8d8f7cabe8442d95a44a64f4754aed', '2020-09-20 23:58:28', '2021-05-19 22:06:43', '1', '80', '点券记录', '/my/myDot/myDotIndex', 'https://atest888.oss-cn-hangzhou.aliyuncs.com/course/2ab9e63fd50846cc882cc0ddd64bb78e.png', null, '1'), ('a54308210ecd43d8ad052adb8dd07dab', '2020-09-08 13:36:13', '2021-05-19 20:29:28', '1', '86', '学习记录', '/my/myStudyLog/myStudyLogIndex', 'https://atest888.oss-cn-hangzhou.aliyuncs.com/course/24597779399e473ca38112f94b521cd3.png', '23123', '1'), ('b17538542c7642a2892716cf1af115bb', '2020-09-21 20:58:56', '2021-05-19 22:07:11', '1', '79', '我的考试', '/my/myExamManagement/myExamManagementIndex', 'https://atest888.oss-cn-hangzhou.aliyuncs.com/course/d5bbd656a830486ab18b8666ef20c409.png', null, '1'), ('c8558291454a401889c009c76ace4689', '2020-09-08 13:38:11', '2021-05-18 22:43:24', '1', '90', '课程列表', '/courseAllList', 'https://atest888.oss-cn-hangzhou.aliyuncs.com/course/1ae29926f35941a78e71cc3396c20c14.png', null, '1'), ('e9fcfaa751be4050b7237110b55b97ec', '2020-09-07 19:16:35', '2021-05-19 20:27:58', '1', '100', '测试练习', 'http://192.168.1.102:30002/wxmobile/#/exam/index?id=1085453180200448002&courseId=1085453180200448002', 'https://atest888.oss-cn-hangzhou.aliyuncs.com/course/3f07b726eaa74a80824286383a91454b.png', '656', '2'), ('ff7df07664394b27b153818620d1a400', '2020-09-21 20:58:41', '2021-05-19 22:08:16', '1', '76', '我的课程', '/myCourseAllList', 'https://atest888.oss-cn-hangzhou.aliyuncs.com/course/2495b01d6f3a437a8e37b2a00eb6308c.png', null, '1');
COMMIT;

-- ----------------------------
--  Table structure for `navigation_bar`
-- ----------------------------
DROP TABLE IF EXISTS `navigation_bar`;
CREATE TABLE `navigation_bar` (
  `id` varchar(36) NOT NULL DEFAULT '0' COMMENT '主键',
  `create_time` datetime NOT NULL DEFAULT CURRENT_TIMESTAMP COMMENT '创建时间',
  `modified_time` datetime DEFAULT CURRENT_TIMESTAMP COMMENT '修改时间',
  `valid_value` tinyint(3) unsigned NOT NULL DEFAULT '1' COMMENT '状态(1有效, 0无效)',
  `sort` int(11) NOT NULL DEFAULT '1' COMMENT '排序',
  `navigation_title` varchar(255) DEFAULT NULL COMMENT '导航标题',
  `navigation_url` varchar(255) DEFAULT NULL COMMENT '导航url',
  `target` varchar(255) DEFAULT NULL COMMENT '跳转方式',
  PRIMARY KEY (`id`)
) ENGINE=InnoDB DEFAULT CHARSET=utf8 ROW_FORMAT=DYNAMIC COMMENT='头部导航';

-- ----------------------------
--  Records of `navigation_bar`
-- ----------------------------
BEGIN;
INSERT INTO `navigation_bar` VALUES ('1060096588522270722', '2018-11-07 17:09:32', '2018-11-07 17:09:32', '1', '3', '课程中心', '/list', '_self'), ('1064696486139854849', '2018-11-20 09:47:00', '2020-11-17 20:17:02', '1', '4', '首页', '/index', '_self'), ('34620f60-a87a-41d2-876f-a02d08c50e7c', '2020-11-17 22:51:00', '2020-11-17 22:51:37', '1', '1', '资讯中心', '/news/newsList', '_self'), ('9f259d21-05ff-4cb6-9bae-b2f43ecdabb5', '2020-11-17 10:05:00', '2020-12-26 11:20:37', '1', '1', '百度', 'http://www.baidu.com', '_blank');
COMMIT;

-- ----------------------------
--  Table structure for `news`
-- ----------------------------
DROP TABLE IF EXISTS `news`;
CREATE TABLE `news` (
  `id` varchar(36) NOT NULL COMMENT '主键',
  `create_time` datetime NOT NULL DEFAULT CURRENT_TIMESTAMP COMMENT '创建时间',
  `modified_time` datetime NOT NULL DEFAULT CURRENT_TIMESTAMP COMMENT '修改时间',
  `valid_value` tinyint(3) unsigned NOT NULL DEFAULT '1' COMMENT '状态(1:正常，0:禁用)',
  `sort` int(11) unsigned NOT NULL DEFAULT '1' COMMENT '排序',
  `news_title` varchar(255) NOT NULL COMMENT '新闻标题',
  `plat_show` tinyint(3) NOT NULL DEFAULT '0' COMMENT '位置(0电脑端，1微信端，2移动网页端，3全部)',
  `news_content` text COMMENT '新闻内容',
  `news_type_id` varchar(36) DEFAULT NULL COMMENT '新闻类型ID',
  PRIMARY KEY (`id`)
) ENGINE=InnoDB DEFAULT CHARSET=utf8 ROW_FORMAT=DYNAMIC COMMENT='广告信息';

-- ----------------------------
--  Records of `news`
-- ----------------------------
BEGIN;
INSERT INTO `news` VALUES ('e425793c95d54040482bd3fbdac955ef', '2021-08-09 17:05:51', '2021-08-09 17:05:51', '1', '1', '系统测试通知', '2', '<p>系统将于2021年8月9日18时00分测试</p>', '5ece43f7-e3dd-4bf4-89f2-40b61157a011'), ('edae9515a27b48e695108a3767bb55fa', '2021-08-09 17:06:33', '2021-08-09 17:06:33', '1', '1', '系统发布通知', '2', '<p>系统将于2021年8月9日19时发布新版，请用户留意升级</p>', '5ece43f7-e3dd-4bf4-89f2-40b61157a011');
COMMIT;

-- ----------------------------
--  Table structure for `news_type`
-- ----------------------------
DROP TABLE IF EXISTS `news_type`;
CREATE TABLE `news_type` (
  `id` varchar(36) NOT NULL COMMENT '主键',
  `create_time` datetime NOT NULL DEFAULT CURRENT_TIMESTAMP COMMENT '创建时间',
  `modified_time` datetime NOT NULL DEFAULT CURRENT_TIMESTAMP COMMENT '修改时间',
  `valid_value` tinyint(3) unsigned NOT NULL DEFAULT '1' COMMENT '状态(1:正常，0:禁用)',
  `sort` int(11) unsigned NOT NULL DEFAULT '1' COMMENT '排序',
  `news_type` varchar(255) NOT NULL COMMENT '新闻类型',
  PRIMARY KEY (`id`)
) ENGINE=InnoDB DEFAULT CHARSET=utf8 ROW_FORMAT=DYNAMIC COMMENT='广告信息';

-- ----------------------------
--  Records of `news_type`
-- ----------------------------
BEGIN;
INSERT INTO `news_type` VALUES ('4e8790fc-2631-49c0-bef1-7a08e5d9e56b', '2021-08-09 17:02:19', '2021-08-09 17:02:19', '1', '1', '网站初建'), ('5ece43f7-e3dd-4bf4-89f2-40b61157a011', '2021-08-09 17:03:40', '2021-08-09 17:03:40', '1', '1', '通知通告');
COMMIT;

-- ----------------------------
--  Table structure for `operate_log`
-- ----------------------------
DROP TABLE IF EXISTS `operate_log`;
CREATE TABLE `operate_log` (
  `id` varchar(36) NOT NULL COMMENT '主键',
  `create_time` datetime NOT NULL DEFAULT CURRENT_TIMESTAMP COMMENT '创建时间',
  `modified_time` datetime DEFAULT NULL COMMENT '修改时间',
  `valid_value` tinyint(3) unsigned NOT NULL DEFAULT '1' COMMENT '状态(1有效, 0无效)',
  `sort` int(11) NOT NULL DEFAULT '1' COMMENT '排序',
  `operate_method` varchar(20) DEFAULT NULL COMMENT 'POST,GET',
  `operate_parameter` varchar(2000) DEFAULT NULL COMMENT '操作参数',
  `operate_uri` varchar(300) DEFAULT NULL COMMENT '操作URI',
  `operate_ip` varchar(50) DEFAULT NULL COMMENT '操作IP地址',
  `operate_user_no` varchar(50) DEFAULT NULL COMMENT '操作用户userNo',
  `operate_platform` tinyint(3) DEFAULT NULL COMMENT '登录平台(1PC端,2移动端,3后台管理)',
  PRIMARY KEY (`id`)
) ENGINE=InnoDB DEFAULT CHARSET=utf8mb4 ROW_FORMAT=COMPACT COMMENT='后台操作日志表';

-- ----------------------------
--  Records of `operate_log`
-- ----------------------------
BEGIN;
INSERT INTO `operate_log` VALUES ('0119b487-54a4-4395-bc72-d271a50fb35b', '2021-08-16 17:45:39', null, '1', '0', 'POST', '{\"pageCurrent\":1,\"pageSize\":20,\"platform\":\"mobile\",\"userNo\":\"21060212272507456918048065577890\"}', '/mobileApi/exam/management/queryExamManagementsByStudentUserNo', '192.168.1.102', '21060212272507456918048065577890', '0'), ('01e11c89-1bf5-4cde-bac5-f5d97b4b6efb', '2021-08-16 16:28:48', null, '1', '0', 'POST', '{\"ccpId\":\"507d6f34d9b544e3a0bbbad912cd3772\",\"platform\":\"mobile\",\"userNo\":\"21060212272507456918048065577890\"}', '/mobileApi/exam/queryFavoritesExamQuestions', '192.168.1.102', '21060212272507456918048065577890', '0'), ('0223d5f8-f3b9-433a-ba1f-9b665f20be1e', '2021-08-09 19:45:30', null, '1', '0', 'POST', '{\"id\":\"1538cd6557b547e985879c1749c50a82\",\"platform\":\"mobile\",\"userNo\":\"21060212272507456918048065577890\"}', '/mobileApi/course/findCourseDetailHadLogin', '192.168.1.104', '21060212272507456918048065577890', '0'), ('02f3a043-d388-4943-a804-a8dfaafce356', '2021-08-09 19:45:57', null, '1', '0', 'POST', '{\"id\":\"039f99e1e4c64af69bfcc9318bb82939\",\"platform\":\"mobile\",\"userNo\":\"21060212272507456918048065577890\"}', '/mobileApi/course/findCourseDetailHadLogin', '192.168.1.104', '21060212272507456918048065577890', '0'), ('045fe872-1a21-4956-b3ba-27ace78f1717', '2021-08-09 18:08:40', null, '1', '0', 'POST', '请在打印日志中查询', '/pcboss/course/fresh/course/apply/audit', '127.0.0.1', '21060212272507456918048065577890', '3'), ('05c2d390-406a-4ddd-82b8-ac8040b5d8ad', '2021-08-09 17:16:45', null, '1', '0', 'POST', '{\"chapterName\":\"安装mysql\",\"courseId\":\"039f99e1e4c64af69bfcc9318bb82939\",\"isFree\":0,\"platform\":\"pcweb\",\"sort\":1,\"userNo\":\"21060212272507456918048065577890\"}', '/pcweb/course/fresh/chapter/apply/save', '127.0.0.1', '21060212272507456918048065577890', '1'), ('064a853f-55c2-46e4-98c8-6e59d236d06b', '2021-08-09 17:57:14', null, '1', '0', 'POST', '{\"id\":\"02da3e7469aa4e12852f79bfcb4a3fae\",\"platform\":\"pcboss\",\"sort\":7,\"topicLocation\":2,\"topicName\":\"网站新建\",\"userNo\":\"21060212272507456918048065577890\",\"validValue\":1}', '/pcboss/course/topic/update', '127.0.0.1', '21060212272507456918048065577890', '3'), ('07412ac7-5670-4228-b8e1-c17fdb7479f4', '2021-08-17 11:38:08', null, '1', '0', 'POST', '{\"dot\":\"20\",\"platform\":\"mobile\",\"userNo\":\"21060212272507456918048065577890\"}', '/mobileApi/market/dot/checkDotToPoint', '192.168.1.102', '21060212272507456918048065577890', '0'), ('07f20516-d731-49e2-b3e4-2033b51acb6a', '2021-08-09 17:52:13', null, '1', '0', 'POST', '{\"chapterId\":\"c5c88406605f496182974e5c654093a2\",\"chapterNo\":0,\"isFree\":0,\"lessonName\":\"安装redis\",\"platform\":\"pcweb\",\"teacherUserNo\":0,\"userNo\":\"21060212272507456918048065577890\"}', '/pcweb/course/fresh/lesson/apply/save', '127.0.0.1', '21060212272507456918048065577890', '1'), ('09bcf0fc-a370-47e1-a4e2-21c4a19d9065', '2021-08-16 17:44:08', null, '1', '0', 'POST', '{\"platform\":\"mobile\",\"userNo\":\"21060212272507456918048065577890\"}', '/mobileApi/exam/management/keepSession', '192.168.1.102', '21060212272507456918048065577890', '0'), ('0ada068f-beed-4405-adb3-78dc569d4fb0', '2021-08-09 19:44:56', null, '1', '0', 'POST', '{\"id\":\"1538cd6557b547e985879c1749c50a82\",\"platform\":\"mobile\",\"userNo\":\"21060212272507456918048065577890\"}', '/mobileApi/course/findCourseDetailHadLogin', '192.168.1.104', '21060212272507456918048065577890', '0'), ('0b510d75-4f9b-4c54-be39-d868c2dccfa9', '2021-08-16 18:12:59', null, '1', '0', 'POST', '{\"platform\":\"mobile\",\"userNo\":\"21060212272507456918048065577890\"}', '/mobileApi/exam/management/keepSession', '192.168.1.102', '21060212272507456918048065577890', '0'), ('0beb9aeb-489a-4fd6-be57-3243ed0a6509', '2021-08-09 17:18:07', null, '1', '0', 'POST', '{\"chapterId\":\"6774f5c331e4452794d755d2d4f172e5\",\"platform\":\"pcweb\",\"userNo\":\"21060212272507456918048065577890\",\"videoLocalNumber\":\"3ab9711d27a1492c9331fdf6da374610\"}', '/pcweb/course/fresh/course/video/save', '127.0.0.1', '21060212272507456918048065577890', '1'), ('0c61e124-a7ae-4d14-a360-f6332a84b206', '2021-08-16 18:49:44', null, '1', '0', 'POST', '{\"platform\":\"mobile\",\"userNo\":\"21060212272507456918048065577890\"}', '/mobileApi/exam/management/keepSession', '192.168.1.102', '21060212272507456918048065577890', '0'), ('0caaa796-192e-414e-8774-b01166d1a219', '2021-08-09 17:57:34', null, '1', '0', 'POST', '{\"pageCurrent\":1,\"pageSize\":20,\"platform\":\"pcboss\",\"userNo\":\"21060212272507456918048065577890\"}', '/pcboss/order/ordermain/queryOrderCountBefore30Days', '127.0.0.1', '21060212272507456918048065577890', '3'), ('0dd157be-1207-44a9-beac-c302db4a82bd', '2021-08-16 16:31:15', null, '1', '0', 'POST', '{\"ccpId\":\"a735dadcb6a243999b865678d4ac215a\",\"platform\":\"mobile\",\"questionId\":\"69bd903bcf934ed1893ad50622615077\",\"userNo\":\"21060212272507456918048065577890\"}', '/mobileApi/exam/queryNoteContentByQuestionId', '192.168.1.102', '21060212272507456918048065577890', '0'), ('0dfe5acc-7df3-4f31-b222-42556b966c1c', '2021-08-16 19:25:52', null, '1', '0', 'POST', '{\"platform\":\"mobile\",\"userNo\":\"21060212272507456918048065577890\"}', '/mobileApi/userLogout', '192.168.1.102', '21060212272507456918048065577890', '0'), ('0f97236e-1f9e-41a4-be6a-5f1ee97c0730', '2021-08-09 17:52:07', null, '1', '0', 'POST', '{\"chapterName\":\"安装redis\",\"courseId\":\"864c83bfaf054875817e1e144d195f50\",\"isFree\":0,\"platform\":\"pcweb\",\"sort\":1,\"userNo\":\"21060212272507456918048065577890\"}', '/pcweb/course/fresh/chapter/apply/save', '127.0.0.1', '21060212272507456918048065577890', '1'), ('0fb7eeb0-8cb1-42b2-9345-943573a81fde', '2021-08-16 16:30:23', null, '1', '0', 'POST', '{\"ccpId\":\"a735dadcb6a243999b865678d4ac215a\",\"platform\":\"mobile\",\"questionId\":\"43d120c3730e49159ce6c1a3aada9b4a\",\"userNo\":\"21060212272507456918048065577890\"}', '/mobileApi/exam/queryNoteContentByQuestionId', '192.168.1.102', '21060212272507456918048065577890', '0'), ('11d804a1-c695-4009-ab98-1709b62bbdfb', '2021-08-09 17:40:19', null, '1', '0', 'POST', '{\"lessonId\":\"a735dadcb6a243999b865678d4ac215a\",\"platform\":\"pcweb\",\"userNo\":\"21060212272507456918048065577890\"}', '/pcweb/course/fresh/course/video/update', '127.0.0.1', '21060212272507456918048065577890', '1'), ('12ddd481-9f9c-4457-a18c-a04bc23e175e', '2021-08-16 16:28:43', null, '1', '0', 'POST', '{\"id\":\"507d6f34d9b544e3a0bbbad912cd3772\",\"platform\":\"mobile\",\"userNo\":\"21060212272507456918048065577890\"}', '/mobileApi/course/findCourseDetailHadLogin', '192.168.1.102', '21060212272507456918048065577890', '0'), ('13ff18a3-4c4c-4b60-bdb2-c4627d33b3e2', '2021-08-16 17:01:36', null, '1', '0', 'POST', '{\"platform\":\"pcweb\",\"userNo\":\"21060212272507456918048065577890\"}', '/pcweb/course/ccp/audit/auditlist', '127.0.0.1', '21060212272507456918048065577890', '1'), ('144f920d-9c83-45cd-9ca3-06a07a937820', '2021-08-16 16:31:38', null, '1', '0', 'POST', '{\"id\":\"1538cd6557b547e985879c1749c50a82\",\"platform\":\"mobile\",\"userNo\":\"21060212272507456918048065577890\"}', '/mobileApi/course/findCourseDetailHadLogin', '192.168.1.102', '21060212272507456918048065577890', '0'), ('156f63f9-987a-47b1-bbf3-a2f48e3e2a0f', '2021-08-16 16:52:56', null, '1', '0', 'POST', '{\"dot\":\"200\",\"platform\":\"mobile\",\"userNo\":\"21060212272507456918048065577890\"}', '/mobileApi/market/dot/checkDotToPoint', '192.168.1.102', '21060212272507456918048065577890', '0'), ('1787163b-7943-44bd-a4db-8b5f84ada9f7', '2021-08-16 16:28:48', null, '1', '0', 'POST', '{\"ccpId\":\"a735dadcb6a243999b865678d4ac215a\",\"platform\":\"mobile\",\"questionId\":\"028d6955cd6d414a900e1aa3ec831989\",\"userNo\":\"21060212272507456918048065577890\"}', '/mobileApi/exam/queryNoteContentByQuestionId', '192.168.1.102', '21060212272507456918048065577890', '0'), ('1856d3c9-1378-40a9-a23a-42fdb0e7d9d5', '2021-08-16 16:53:46', null, '1', '0', 'POST', '{\"dot\":\"20\",\"platform\":\"mobile\",\"userNo\":\"21060212272507456918048065577890\"}', '/mobileApi/market/dot/checkDotToPoint', '192.168.1.102', '21060212272507456918048065577890', '0'), ('19bdd443-a0ea-417d-831c-28a8328f0d08', '2021-08-16 17:58:39', null, '1', '0', 'POST', '{\"platform\":\"mobile\",\"userNo\":\"21060212272507456918048065577890\"}', '/mobileApi/exam/management/keepSession', '192.168.1.102', '21060212272507456918048065577890', '0'), ('1a04cb1d-b0e9-488f-a374-0b13036b75d3', '2021-08-09 19:45:34', null, '1', '0', 'POST', '{\"id\":\"039f99e1e4c64af69bfcc9318bb82939\",\"platform\":\"mobile\",\"userNo\":\"21060212272507456918048065577890\"}', '/mobileApi/course/findCourseDetailHadLogin', '192.168.1.104', '21060212272507456918048065577890', '0'), ('1a314150-ffa7-472b-b11c-9a38d173489b', '2021-08-09 19:44:06', null, '1', '0', 'POST', '{\"id\":\"1538cd6557b547e985879c1749c50a82\",\"platform\":\"mobile\",\"userNo\":\"21060212272507456918048065577890\"}', '/mobileApi/course/findCourseDetailHadLogin', '192.168.1.104', '21060212272507456918048065577890', '0'), ('1a7ff51e-ae05-4dee-93d0-932f81f305a5', '2021-08-09 19:45:20', null, '1', '0', 'POST', '{\"id\":\"1538cd6557b547e985879c1749c50a82\",\"platform\":\"mobile\",\"userNo\":\"21060212272507456918048065577890\"}', '/mobileApi/course/findCourseDetailHadLogin', '192.168.1.104', '21060212272507456918048065577890', '0'), ('1aa2b826-8444-41ac-ad70-53cca97c9d6f', '2021-08-16 16:26:40', null, '1', '0', 'POST', '{\"analysis\":\"<p>1+1=2,1+2=3</p>\",\"customLabel\":\"<p>java</p>\",\"itemA\":\"2\",\"itemB\":\"3\",\"level\":\"2\",\"platform\":\"pcweb\",\"questionTitle\":\"<p>1+1=(_)，2+1=(_)</p>\",\"questionType\":\"4\",\"subjectId1\":\"15cb8409974d443f983a9fec572975a0\",\"userNo\":\"21060212272507456918048065577890\",\"validValue\":\"1\"}', '/pcweb/exam/question/save', '127.0.0.1', '21060212272507456918048065577890', '1'), ('1b39aea9-6c45-43eb-a769-4daf04f56996', '2021-08-16 19:10:25', null, '1', '0', 'POST', '{\"platform\":\"mobile\",\"userNo\":\"21060212272507456918048065577890\"}', '/mobileApi/exam/management/keepSession', '192.168.1.102', '21060212272507456918048065577890', '0'), ('1c72a303-19ab-48b4-990e-e6247265a188', '2021-08-16 17:22:18', null, '1', '0', 'POST', '{\"platform\":\"mobile\",\"userNo\":\"21060212272507456918048065577890\"}', '/mobileApi/exam/management/keepSession', '192.168.1.102', '21060212272507456918048065577890', '0'), ('1ce043af-9d86-4007-87c8-e46b8048500a', '2021-08-09 17:11:14', null, '1', '0', 'POST', '{\"courseId\":\"f1c4b15a6d0e4b869483f4f8ad913c77\",\"platform\":\"pcboss\",\"topicId\":\"02da3e7469aa4e12852f79bfcb4a3fae\",\"userNo\":\"21060212272507456918048065577890\"}', '/pcboss/course/topic/course/save', '127.0.0.1', '21060212272507456918048065577890', '3'), ('1d1879a3-9a95-410d-bfa0-efd67e466184', '2021-08-16 16:29:35', null, '1', '0', 'POST', '{\"ccpId\":\"507d6f34d9b544e3a0bbbad912cd3772\",\"platform\":\"mobile\",\"userNo\":\"21060212272507456918048065577890\"}', '/mobileApi/exam/queryFavoritesExamQuestions', '192.168.1.102', '21060212272507456918048065577890', '0'), ('1d3c61ea-d708-4ecc-9980-2b1d64bce5a8', '2021-08-16 16:30:38', null, '1', '0', 'POST', '{\"ccpId\":\"a735dadcb6a243999b865678d4ac215a\",\"platform\":\"mobile\",\"questionId\":\"5f3dc27354b2418faa79a23d5dd190c6\",\"userNo\":\"21060212272507456918048065577890\"}', '/mobileApi/exam/queryNoteContentByQuestionId', '192.168.1.102', '21060212272507456918048065577890', '0'), ('1d53a77c-1b09-4184-a78d-68f57a6904a0', '2021-08-16 16:30:44', null, '1', '0', 'POST', '{\"ccpId\":\"a735dadcb6a243999b865678d4ac215a\",\"platform\":\"mobile\",\"questionId\":\"69bd903bcf934ed1893ad50622615077\",\"userNo\":\"21060212272507456918048065577890\"}', '/mobileApi/exam/queryNoteContentByQuestionId', '192.168.1.102', '21060212272507456918048065577890', '0'), ('1d60cbd1-674e-4b96-b955-fe8b78c1d6b6', '2021-08-09 17:52:01', null, '1', '0', 'POST', '{\"buyCount\":\"3\",\"costTimeType\":0,\"courseLogo\":\"https://atest888.oss-cn-hangzhou.aliyuncs.com/course/0743e1a6b3b84a40ba194ee5ecfe95f6.jpg\",\"courseName\":\"安装redis\",\"courseOriginal\":0,\"courseSubject\":\"1\",\"courseType\":0,\"introduce\":\"<p>安装redis</p>\",\"isFree\":\"1\",\"platform\":\"pcweb\",\"studyCount\":\"35\",\"subjectId1\":\"15cb8409974d443f983a9fec572975a0\",\"userNo\":\"21060212272507456918048065577890\"}', '/pcweb/course/fresh/course/apply/save', '127.0.0.1', '21060212272507456918048065577890', '1'), ('1e570011-7425-4809-b217-fd71dfbd06ab', '2021-08-16 16:35:26', null, '1', '0', 'POST', '{\"id\":\"039f99e1e4c64af69bfcc9318bb82939\",\"platform\":\"mobile\",\"userNo\":\"21060212272507456918048065577890\"}', '/mobileApi/course/findCourseDetailHadLogin', '192.168.1.102', '21060212272507456918048065577890', '0'), ('2170170e-4fdf-44f0-800e-fabb9f59c6c5', '2021-08-16 16:53:53', null, '1', '0', 'POST', '{\"dot\":\"20\",\"platform\":\"mobile\",\"userNo\":\"21060212272507456918048065577890\"}', '/mobileApi/market/dot/dotToPoint', '192.168.1.102', '21060212272507456918048065577890', '0'), ('21999fc1-f643-49e1-b197-8845bd65e944', '2021-08-16 16:32:04', null, '1', '0', 'POST', '{\"id\":\"864c83bfaf054875817e1e144d195f50\",\"platform\":\"mobile\",\"userNo\":\"21060212272507456918048065577890\"}', '/mobileApi/course/findCourseDetailHadLogin', '192.168.1.102', '21060212272507456918048065577890', '0'), ('225f39b2-ca3f-4999-b6c6-30edc1a608d5', '2021-08-09 17:34:39', null, '1', '0', 'POST', '{\"chapterId\":\"cd06ec60c0604bfa8eb46d83d0f3abb3\",\"platform\":\"pcweb\",\"userNo\":\"21060212272507456918048065577890\",\"videoLocalNumber\":\"8ec41434d50b48ecb0bd65e134d5b4f2\"}', '/pcweb/course/fresh/course/video/save', '127.0.0.1', '21060212272507456918048065577890', '1'), ('22e11b89-a7ec-407c-bb2a-185733cdd5ae', '2021-08-16 16:54:08', null, '1', '0', 'POST', '{\"orderStatus\":0,\"pageCurrent\":1,\"pageSize\":10,\"platform\":\"pcweb\",\"userNo\":\"21060212272507456918048065577890\"}', '/pcweb/user/userStudyLog/queryFreshCoursesOnUserStudyLog', '127.0.0.1', '21060212272507456918048065577890', '1'), ('236d7af6-d03f-4823-8797-a078558a4e34', '2021-08-16 16:30:38', null, '1', '0', 'POST', '{\"ccpId\":\"507d6f34d9b544e3a0bbbad912cd3772\",\"platform\":\"mobile\",\"userNo\":\"21060212272507456918048065577890\"}', '/mobileApi/exam/queryFavoritesExamQuestions', '192.168.1.102', '21060212272507456918048065577890', '0'), ('2608b750-03e2-4898-b39b-4e8fdda48295', '2021-08-16 17:01:41', null, '1', '0', 'POST', '{\"bindType\":\"1\",\"courseId\":\"507d6f34d9b544e3a0bbbad912cd3772\",\"isRelate\":\"0\",\"pageSize\":20,\"platform\":\"pcweb\",\"questionIds\":[\"028d6955cd6d414a900e1aa3ec831989\",\"0a64ae8748ae4ae394154912167de8cb\",\"43d120c3730e49159ce6c1a3aada9b4a\",\"5f3dc27354b2418faa79a23d5dd190c6\",\"69bd903bcf934ed1893ad50622615077\",\"78502c2a8b384953a97c83b2b78179d6\"],\"teacherUserNo\":\"21060212272507456918048065577890\",\"userNo\":\"21060212272507456918048065577890\"}', '/pcweb/exam/question/course/save', '127.0.0.1', '21060212272507456918048065577890', '1'), ('262e453d-0c3a-4eac-80ad-84b8c472de33', '2021-08-16 16:59:33', null, '1', '0', 'POST', '{\"platform\":\"pcweb\",\"userNo\":\"21060212272507456918048065577890\"}', '/pcweb/exam/paper/findDetailByChapterList', '127.0.0.1', '21060212272507456918048065577890', '1'), ('26760532-e7d6-493c-ab7f-1ccd0bacca32', '2021-08-16 18:05:18', null, '1', '0', 'POST', '{\"platform\":\"mobile\",\"userNo\":\"21060212272507456918048065577890\"}', '/mobileApi/exam/management/keepSession', '192.168.1.102', '21060212272507456918048065577890', '0'), ('27cebac9-8348-434d-ad17-d0201a635f43', '2021-08-16 16:38:14', null, '1', '0', 'POST', '{\"lessonId\":\"a735dadcb6a243999b865678d4ac215a\",\"platform\":\"mobile\",\"studyProgessDetails\":\"0,1,2,3,4,5,6,7,8,9,10,11,12,13,14,15,16,17,18,19,20,21,22,23,24,25,26,27,28,29,30,,,,,,,,,,,,,,,,,,,,,,,,,,,,,,,,,,,,,,,,,,,,,,,,,,,,,,,,,,,,,,,,,,,,,,\",\"userNo\":\"21060212272507456918048065577890\"}', '/mobileApi/user/userStudyLog/save', '192.168.1.102', '21060212272507456918048065577890', '0'), ('27f2d334-e4fc-4eb2-92cc-afb42c6d4fbd', '2021-08-09 19:47:54', null, '1', '0', 'POST', '{\"id\":\"507d6f34d9b544e3a0bbbad912cd3772\",\"platform\":\"mobile\",\"userNo\":\"21060212272507456918048065577890\"}', '/mobileApi/course/findCourseDetailHadLogin', '192.168.1.104', '21060212272507456918048065577890', '0'), ('287e23a2-077a-442d-8a1d-ef4d345ed2f9', '2021-08-16 17:09:49', null, '1', '0', 'POST', '{\"platform\":\"pcweb\",\"userNo\":\"21060212272507456918048065577890\"}', '/pcweb/course/ccp/audit/auditlist', '127.0.0.1', '21060212272507456918048065577890', '1'), ('29815d8e-b72a-4116-a117-64eadb693bc3', '2021-08-16 17:47:32', null, '1', '0', 'POST', '{\"platform\":\"mobile\",\"userNo\":\"21060212272507456918048065577890\"}', '/mobileApi/exam/management/keepSession', '192.168.1.102', '21060212272507456918048065577890', '0'), ('2a3fc8fa-b9a8-4677-b339-5ce275a2bc7e', '2021-08-16 16:30:01', null, '1', '0', 'POST', '{\"ccpId\":\"507d6f34d9b544e3a0bbbad912cd3772\",\"platform\":\"mobile\",\"userNo\":\"21060212272507456918048065577890\"}', '/mobileApi/exam/queryFavoritesExamQuestions', '192.168.1.102', '21060212272507456918048065577890', '0'), ('2ba2d2d5-75f7-4d76-9f5c-8b4d2f469015', '2021-08-16 17:45:07', null, '1', '0', 'POST', '{\"id\":\"507d6f34d9b544e3a0bbbad912cd3772\",\"platform\":\"mobile\",\"userNo\":\"21060212272507456918048065577890\"}', '/mobileApi/course/findCourseDetailHadLogin', '192.168.1.102', '21060212272507456918048065577890', '0'), ('309bbbc1-9cbd-4237-ae32-01d148dbaf07', '2021-08-09 19:44:14', null, '1', '0', 'POST', '{\"courseId\":\"1538cd6557b547e985879c1749c50a82\",\"payType\":1,\"platform\":\"mobile\",\"shouldPay\":0.1,\"userNo\":\"21060212272507456918048065577890\"}', '/mobileApi/order/save', '192.168.1.104', '21060212272507456918048065577890', '0'), ('31ed48a2-a8bf-416c-9d8c-9f00e9697f6a', '2021-08-09 18:08:11', null, '1', '0', 'POST', '{\"chapterName\":\"测试课程\",\"courseId\":\"1538cd6557b547e985879c1749c50a82\",\"isFree\":0,\"platform\":\"pcweb\",\"sort\":1,\"userNo\":\"21060212272507456918048065577890\"}', '/pcweb/course/fresh/chapter/apply/save', '127.0.0.1', '21060212272507456918048065577890', '1'), ('335ec5f4-01f5-4367-8f21-12904ea6471e', '2021-08-09 17:34:29', null, '1', '0', 'POST', '{\"chapterId\":\"cd06ec60c0604bfa8eb46d83d0f3abb3\",\"chapterNo\":0,\"isFree\":0,\"lessonName\":\"安装java环境\",\"platform\":\"pcweb\",\"teacherUserNo\":0,\"userNo\":\"21060212272507456918048065577890\"}', '/pcweb/course/fresh/lesson/apply/save', '127.0.0.1', '21060212272507456918048065577890', '1'), ('33b0db62-0690-49e5-b084-f959e8628a9d', '2021-08-16 17:42:49', null, '1', '0', 'POST', '{\"pageCurrent\":1,\"pageSize\":20,\"platform\":\"mobile\",\"userNo\":\"21060212272507456918048065577890\"}', '/mobileApi/exam/management/queryExamManagementsByStudentUserNo', '192.168.1.102', '21060212272507456918048065577890', '0'), ('345c174c-a764-4932-af83-1bcfafb925e6', '2021-08-09 18:08:18', null, '1', '0', 'POST', '{\"chapterId\":\"3065f198d2734a009d96dfdd3b8b5189\",\"chapterNo\":0,\"isFree\":0,\"lessonName\":\"测试课程\",\"platform\":\"pcweb\",\"teacherUserNo\":0,\"userNo\":\"21060212272507456918048065577890\"}', '/pcweb/course/fresh/lesson/apply/save', '127.0.0.1', '21060212272507456918048065577890', '1'), ('35310789-f1ef-4a34-bdaa-9054c0b22777', '2021-08-16 16:33:22', null, '1', '0', 'POST', '{\"pageCurrent\":1,\"pageSize\":20,\"platform\":\"mobile\",\"userNo\":\"21060212272507456918048065577890\"}', '/mobileApi/exam/management/queryExamManagementsByStudentUserNo', '192.168.1.102', '21060212272507456918048065577890', '0'), ('35971cd2-c322-459d-ba28-5922678cad46', '2021-08-16 16:08:47', null, '1', '0', 'POST', '{\"id\":\"507d6f34d9b544e3a0bbbad912cd3772\",\"platform\":\"mobile\",\"userNo\":\"21060212272507456918048065577890\"}', '/mobileApi/course/findCourseDetailHadLogin', '192.168.1.102', '21060212272507456918048065577890', '0'), ('39eb48c1-dec3-4e36-8b3a-9125528ca507', '2021-08-16 18:57:29', null, '1', '0', 'POST', '{\"platform\":\"mobile\",\"userNo\":\"21060212272507456918048065577890\"}', '/mobileApi/exam/management/keepSession', '192.168.1.102', '21060212272507456918048065577890', '0'), ('3aaf969f-391b-4469-819b-c9718b1b2e5a', '2021-08-09 17:52:27', null, '1', '0', 'POST', '{\"lessonId\":\"3ca4808b2481445582fc0d24c7c8a301\",\"platform\":\"pcweb\",\"userNo\":\"21060212272507456918048065577890\"}', '/pcweb/course/fresh/course/video/update', '127.0.0.1', '21060212272507456918048065577890', '1'), ('3abd5d19-4d45-4d0a-94c5-aeb25c738c64', '2021-08-16 18:04:52', null, '1', '0', 'POST', '{\"platform\":\"mobile\",\"userNo\":\"21060212272507456918048065577890\"}', '/mobileApi/exam/management/keepSession', '192.168.1.102', '21060212272507456918048065577890', '0'), ('3b2090f1-7164-4281-a0c4-bf527ffe32b5', '2021-08-16 16:30:23', null, '1', '0', 'POST', '{\"ccpId\":\"507d6f34d9b544e3a0bbbad912cd3772\",\"platform\":\"mobile\",\"userNo\":\"21060212272507456918048065577890\"}', '/mobileApi/exam/queryFavoritesExamQuestions', '192.168.1.102', '21060212272507456918048065577890', '0'), ('3c6a1c33-9522-4fd2-a898-2f38781ed78c', '2021-08-18 10:56:43', null, '1', '0', 'POST', '{\"pageCurrent\":1,\"pageSize\":20,\"platform\":\"pcboss\",\"userNo\":\"21060212272507456918048065577890\"}', '/pcboss/order/ordermain/queryOrderCountBefore30Days', '127.0.0.1', '21060212272507456918048065577890', '3'), ('3e446894-03fe-4805-873a-914d5a745895', '2021-08-09 17:22:39', null, '1', '0', 'POST', '{\"courseId\":\"039f99e1e4c64af69bfcc9318bb82939\",\"platform\":\"pcboss\",\"topicId\":\"02da3e7469aa4e12852f79bfcb4a3fae\",\"userNo\":\"21060212272507456918048065577890\"}', '/pcboss/course/topic/course/save', '127.0.0.1', '21060212272507456918048065577890', '3'), ('3f47e861-49d4-475c-ae85-bd6a03764593', '2021-08-16 17:37:04', null, '1', '0', 'POST', '{\"platform\":\"mobile\",\"userNo\":\"21060212272507456918048065577890\"}', '/mobileApi/exam/management/keepSession', '192.168.1.102', '21060212272507456918048065577890', '0'), ('3f7d53b5-c182-4c1a-a4b2-6d9bf4931bfb', '2021-08-16 17:45:32', null, '1', '0', 'POST', '{\"platform\":\"mobile\",\"userNo\":\"21060212272507456918048065577890\"}', '/mobileApi/exam/management/keepSession', '192.168.1.102', '21060212272507456918048065577890', '0'), ('3fa98fda-dbab-426f-82b1-ee788a321054', '2021-08-16 16:15:26', null, '1', '0', 'POST', '{\"analysis\":\"<p>6+3=9，4+5=9</p>\",\"answer\":\"BC\",\"customLabel\":\"<p>java</p>\",\"itemA\":\"<p>2加3</p>\",\"itemB\":\"<p>6加3<br></p>\",\"itemC\":\"<p>4+5</p>\",\"itemD\":\"<p>2+1</p>\",\"level\":\"2\",\"platform\":\"pcweb\",\"questionTitle\":\"<p>下面那个结果等于9？</p>\",\"questionType\":\"2\",\"subjectId1\":\"15cb8409974d443f983a9fec572975a0\",\"userNo\":\"21060212272507456918048065577890\",\"validValue\":\"1\"}', '/pcweb/exam/question/save', '127.0.0.1', '21060212272507456918048065577890', '1'), ('40d2c805-0d56-4baf-9629-372280595e32', '2021-08-16 17:21:58', null, '1', '0', 'POST', '{\"courseId\":\"507d6f34d9b544e3a0bbbad912cd3772\",\"endTime\":\"2021-8-31 20:56\",\"examObjectType\":\"1\",\"examPaperId\":\"71e30d0329e25fc88222fba4960d55c3\",\"examType\":\"2\",\"introduce\":\"<p>考试测试</p>\",\"isAllowRepeateHandInExamPaper\":\"1\",\"isAllowRightClick\":\"1\",\"isAllowSelect\":\"1\",\"isAllowSwitchWindow\":\"1\",\"platform\":\"pcweb\",\"sort\":\"10000\",\"startTime\":\"2021-8-1 21:58\",\"title\":\"考试测试\",\"userNo\":\"21060212272507456918048065577890\",\"validValue\":\"1\"}', '/pcweb/exam/management/save', '127.0.0.1', '21060212272507456918048065577890', '1'), ('4252fd4a-91b5-4831-ab9e-d16da9d0aea9', '2021-08-16 17:01:45', null, '1', '0', 'POST', '{\"courseId\":\"507d6f34d9b544e3a0bbbad912cd3772\",\"platform\":\"pcweb\",\"userNo\":\"21060212272507456918048065577890\"}', '/pcweb/exam/paper/findDetailByChapterList', '127.0.0.1', '21060212272507456918048065577890', '1'), ('4299e874-f055-474c-997d-00fa060e8c9b', '2021-08-16 16:59:44', null, '1', '0', 'POST', '{\"courseId\":\"507d6f34d9b544e3a0bbbad912cd3772\",\"platform\":\"pcweb\",\"userNo\":\"21060212272507456918048065577890\"}', '/pcweb/exam/paper/findDetailByChapterList', '127.0.0.1', '21060212272507456918048065577890', '1'), ('42adca38-4019-4f37-bbef-0825a9469067', '2021-08-16 17:45:06', null, '1', '0', 'POST', '{\"id\":\"507d6f34d9b544e3a0bbbad912cd3772\",\"platform\":\"mobile\",\"userNo\":\"21060212272507456918048065577890\"}', '/mobileApi/course/findCourseDetailHadLogin', '192.168.1.102', '21060212272507456918048065577890', '0'), ('42c5ed76-f329-44d5-8257-ab031ff2fec7', '2021-08-16 16:31:58', null, '1', '0', 'POST', '{\"id\":\"507d6f34d9b544e3a0bbbad912cd3772\",\"platform\":\"mobile\",\"userNo\":\"21060212272507456918048065577890\"}', '/mobileApi/course/findCourseDetailHadLogin', '192.168.1.102', '21060212272507456918048065577890', '0'), ('44d139e2-5019-4144-a8f1-6c0131935309', '2021-08-09 17:18:18', null, '1', '0', 'POST', '{\"chapterId\":\"6774f5c331e4452794d755d2d4f172e5\",\"chapterNo\":0,\"isFree\":0,\"lessonName\":\"222\",\"platform\":\"pcweb\",\"teacherUserNo\":0,\"userNo\":\"21060212272507456918048065577890\"}', '/pcweb/course/fresh/lesson/apply/save', '127.0.0.1', '21060212272507456918048065577890', '1'), ('4764dc5b-38df-4c92-8bd7-ffd351509bf4', '2021-08-09 19:45:23', null, '1', '0', 'POST', '{\"id\":\"1538cd6557b547e985879c1749c50a82\",\"platform\":\"mobile\",\"userNo\":\"21060212272507456918048065577890\"}', '/mobileApi/course/findCourseDetailHadLogin', '192.168.1.104', '21060212272507456918048065577890', '0'), ('49b4d293-485a-404d-9d7c-d981c18f2d88', '2021-08-09 17:05:51', null, '1', '0', 'POST', '{\"newsContent\":\"<p>系统将于2021年8月9日18时00分测试</p>\",\"newsTitle\":\"系统测试通知\",\"newsTypeId\":\"5ece43f7-e3dd-4bf4-89f2-40b61157a011\",\"platShow\":2,\"platform\":\"pcboss\",\"sort\":1,\"userNo\":\"21060212272507456918048065577890\",\"validValue\":1}', '/pcboss/system/news/save', '127.0.0.1', '21060212272507456918048065577890', '3'), ('4a3825ff-1af2-4466-bd8a-3ec9d42be8d6', '2021-08-09 19:45:30', null, '1', '0', 'POST', '{\"id\":\"1538cd6557b547e985879c1749c50a82\",\"platform\":\"mobile\",\"userNo\":\"21060212272507456918048065577890\"}', '/mobileApi/course/findCourseDetailHadLogin', '192.168.1.104', '21060212272507456918048065577890', '0'), ('4a60be3a-f26e-4687-9a49-baec944c5569', '2021-08-16 16:30:52', null, '1', '0', 'POST', '{\"ccpId\":\"a735dadcb6a243999b865678d4ac215a\",\"platform\":\"mobile\",\"questionId\":\"69bd903bcf934ed1893ad50622615077\",\"userNo\":\"21060212272507456918048065577890\"}', '/mobileApi/exam/queryNoteContentByQuestionId', '192.168.1.102', '21060212272507456918048065577890', '0'), ('4a746d27-5917-42da-b9b6-4b2dbe1bf150', '2021-08-09 19:45:54', null, '1', '0', 'POST', '{\"id\":\"039f99e1e4c64af69bfcc9318bb82939\",\"platform\":\"mobile\",\"userNo\":\"21060212272507456918048065577890\"}', '/mobileApi/course/findCourseDetailHadLogin', '192.168.1.104', '21060212272507456918048065577890', '0'), ('4c85a09e-85e0-4325-a6f5-de34afd5b54d', '2021-08-16 17:02:07', null, '1', '0', 'POST', '{\"courseId\":\"507d6f34d9b544e3a0bbbad912cd3772\",\"platform\":\"pcweb\",\"userNo\":\"21060212272507456918048065577890\"}', '/pcweb/exam/paper/findDetailByChapterList', '127.0.0.1', '21060212272507456918048065577890', '1'), ('4cb59673-778b-40ac-ba2f-6c7c83d34212', '2021-08-16 16:37:48', null, '1', '0', 'POST', '{\"lessonId\":\"a735dadcb6a243999b865678d4ac215a\",\"platform\":\"mobile\",\"studyProgessDetails\":\"0,1,2,3,4,5,6,7,8,9,10,11,12,13,14,15,16,17,18,19,20,21,22,23,24,25,,,,,,,,,,,,,,,,,,,,,,,,,,,,,,,,,,,,,,,,,,,,,,,,,,,,,,,,,,,,,,,,,,,,,,,,,,,\",\"userNo\":\"21060212272507456918048065577890\"}', '/mobileApi/user/userStudyLog/save', '192.168.1.102', '21060212272507456918048065577890', '0'), ('4d4bbfb7-f245-4c1b-9e4d-45ebf2ef712a', '2021-08-16 18:01:14', null, '1', '0', 'POST', '{\"platform\":\"mobile\",\"userNo\":\"21060212272507456918048065577890\"}', '/mobileApi/exam/management/keepSession', '192.168.1.102', '21060212272507456918048065577890', '0'), ('4e27a057-8bba-40ab-be04-833c49b27d7a', '2021-08-16 19:03:44', null, '1', '0', 'POST', '{\"id\":\"507d6f34d9b544e3a0bbbad912cd3772\",\"platform\":\"mobile\",\"userNo\":\"21060212272507456918048065577890\"}', '/mobileApi/course/findCourseDetailHadLogin', '192.168.1.102', '21060212272507456918048065577890', '0'), ('4f7b675b-dbb4-493e-b831-c4a97fb9fb56', '2021-08-09 17:00:29', null, '1', '0', 'POST', '{\"pageCurrent\":1,\"pageSize\":20,\"platform\":\"pcboss\",\"userNo\":\"21060212272507456918048065577890\"}', '/pcboss/order/ordermain/queryOrderCountBefore30Days', '127.0.0.1', '21060212272507456918048065577890', '3'), ('505ae06c-1b67-4667-aa3d-e5d34ecee685', '2021-08-16 16:09:09', null, '1', '0', 'POST', '{\"id\":\"507d6f34d9b544e3a0bbbad912cd3772\",\"platform\":\"mobile\",\"userNo\":\"21060212272507456918048065577890\"}', '/mobileApi/course/findCourseDetailHadLogin', '192.168.1.102', '21060212272507456918048065577890', '0'), ('508685da-5c94-4978-b367-a391a4cfdb51', '2021-08-09 19:45:10', null, '1', '0', 'POST', '{\"id\":\"1538cd6557b547e985879c1749c50a82\",\"platform\":\"mobile\",\"userNo\":\"21060212272507456918048065577890\"}', '/mobileApi/course/findCourseDetailHadLogin', '192.168.1.104', '21060212272507456918048065577890', '0'), ('5142e3df-1d19-4da7-9015-7b9042ddf0d0', '2021-08-16 18:57:23', null, '1', '0', 'POST', '{\"platform\":\"mobile\",\"userNo\":\"21060212272507456918048065577890\"}', '/mobileApi/exam/management/keepSession', '192.168.1.102', '21060212272507456918048065577890', '0'), ('517f3500-8430-46d3-9e16-b95d556a1f9b', '2021-08-09 19:47:35', null, '1', '0', 'POST', '{\"id\":\"507d6f34d9b544e3a0bbbad912cd3772\",\"platform\":\"mobile\",\"userNo\":\"21060212272507456918048065577890\"}', '/mobileApi/course/findCourseDetailHadLogin', '192.168.1.104', '21060212272507456918048065577890', '0'), ('53c15ea0-2cb7-4f9d-a87d-447481133f57', '2021-08-09 19:45:40', null, '1', '0', 'POST', '{\"id\":\"039f99e1e4c64af69bfcc9318bb82939\",\"platform\":\"mobile\",\"userNo\":\"21060212272507456918048065577890\"}', '/mobileApi/course/findCourseDetailHadLogin', '192.168.1.104', '21060212272507456918048065577890', '0'), ('5559320a-e652-4850-b7a5-1350721d6d34', '2021-08-16 16:33:04', null, '1', '0', 'POST', '{\"id\":\"864c83bfaf054875817e1e144d195f50\",\"platform\":\"mobile\",\"userNo\":\"21060212272507456918048065577890\"}', '/mobileApi/course/findCourseDetailHadLogin', '192.168.1.102', '21060212272507456918048065577890', '0'), ('55bece32-5284-4e22-865e-848b82ae239f', '2021-08-09 17:17:52', null, '1', '0', 'POST', '{\"lessonId\":\"6c0c5241baa64df4bd2f8128b6b60808\",\"platform\":\"pcweb\",\"userNo\":\"21060212272507456918048065577890\"}', '/pcweb/course/fresh/course/video/queryCourseVideoByLessonId', '127.0.0.1', '21060212272507456918048065577890', '1'), ('5632adee-7ac7-4323-a495-d50cdddd39b8', '2021-08-16 18:53:04', null, '1', '0', 'POST', '{\"platform\":\"mobile\",\"userNo\":\"21060212272507456918048065577890\"}', '/mobileApi/exam/management/keepSession', '192.168.1.102', '21060212272507456918048065577890', '0'), ('56a32dd1-544b-446c-b8d4-ccb37c659f99', '2021-08-09 19:44:36', null, '1', '0', 'POST', '{\"orderNo\":\"20210809194400014949464\",\"platform\":\"mobile\",\"userNo\":\"21060212272507456918048065577890\"}', '/mobileApi/order/checkPayResult', '192.168.1.104', '21060212272507456918048065577890', '0'), ('5849f367-e23a-4be2-a09f-488c1ec55e42', '2021-08-09 17:03:40', null, '1', '0', 'POST', '{\"newsType\":\"通知通告\",\"platform\":\"pcboss\",\"sort\":1,\"userNo\":\"21060212272507456918048065577890\"}', '/pcboss/system/newsType/save', '127.0.0.1', '21060212272507456918048065577890', '3'), ('5b058410-d89b-4466-bc62-62bee4fe9a4e', '2021-08-16 16:29:15', null, '1', '0', 'POST', '{\"id\":\"507d6f34d9b544e3a0bbbad912cd3772\",\"platform\":\"mobile\",\"userNo\":\"21060212272507456918048065577890\"}', '/mobileApi/course/findCourseDetailHadLogin', '192.168.1.102', '21060212272507456918048065577890', '0'), ('5b8c7b93-dd75-43a9-ae3e-009605b942bc', '2021-08-16 17:54:32', null, '1', '0', 'POST', '{\"platform\":\"mobile\",\"userNo\":\"21060212272507456918048065577890\"}', '/mobileApi/exam/management/keepSession', '192.168.1.102', '21060212272507456918048065577890', '0'), ('5c45bac3-33ec-4ba3-b17a-12e48dbfbee5', '2021-08-16 16:29:46', null, '1', '0', 'POST', '{\"ccpId\":\"507d6f34d9b544e3a0bbbad912cd3772\",\"platform\":\"mobile\",\"userNo\":\"21060212272507456918048065577890\"}', '/mobileApi/exam/queryFavoritesExamQuestions', '192.168.1.102', '21060212272507456918048065577890', '0'), ('5cf79e70-44ac-4ceb-b891-66d6203e131c', '2021-08-16 16:28:55', null, '1', '0', 'POST', '{\"id\":\"507d6f34d9b544e3a0bbbad912cd3772\",\"platform\":\"mobile\",\"userNo\":\"21060212272507456918048065577890\"}', '/mobileApi/course/findCourseDetailHadLogin', '192.168.1.102', '21060212272507456918048065577890', '0'), ('5d2c47e9-0717-4479-9c3d-60192b08c9a8', '2021-08-16 18:15:27', null, '1', '0', 'POST', '{\"platform\":\"mobile\",\"userNo\":\"21060212272507456918048065577890\"}', '/mobileApi/exam/management/keepSession', '192.168.1.102', '21060212272507456918048065577890', '0'), ('5f8de9ae-4a46-4eca-9c8d-9ee2caf4c40f', '2021-08-09 18:08:20', null, '1', '0', 'POST', '{\"lessonId\":\"c311f0305b244a989786cb1d6aa91814\",\"platform\":\"pcweb\",\"userNo\":\"21060212272507456918048065577890\"}', '/pcweb/course/fresh/course/video/queryCourseVideoByLessonId', '127.0.0.1', '21060212272507456918048065577890', '1'), ('600e6e38-54bf-4f38-8981-c927d1066985', '2021-08-16 17:22:22', null, '1', '0', 'POST', '{\"platform\":\"mobile\",\"userNo\":\"21060212272507456918048065577890\"}', '/mobileApi/exam/management/keepSession', '192.168.1.102', '21060212272507456918048065577890', '0'), ('61e0aaa2-f840-4f3f-a431-5b7810ffad9e', '2021-08-16 18:10:47', null, '1', '0', 'POST', '{\"cardNo\":\"493\",\"cardPsw\":\"053\",\"platform\":\"mobile\",\"userNo\":\"21060212272507456918048065577890\"}', '/mobileApi/market/studyCard/checkBeforebindStudyCardUserNo', '192.168.1.102', '21060212272507456918048065577890', '0'), ('62a9a32c-d64d-462b-86c9-a12d6dc0b1cb', '2021-08-16 16:36:29', null, '1', '0', 'POST', '{\"lessonId\":\"a735dadcb6a243999b865678d4ac215a\",\"platform\":\"mobile\",\"studyProgessDetails\":\"0,1,2,3,4,5,6,7,8,9,10,,,,,,,,,,,,,,,,,,,,,,,,,,,,,,,,,,,,,,,,,,,,,,,,,,,,,,,,,,,,,,,,,,,,,,,,,,,,,,,,,,,,,,,,,,\",\"userNo\":\"21060212272507456918048065577890\"}', '/mobileApi/user/userStudyLog/save', '192.168.1.102', '21060212272507456918048065577890', '0'), ('63121e31-8a7c-44af-b6ef-ff787d46256b', '2021-08-16 16:35:38', null, '1', '0', 'POST', '{\"lessonId\":\"a735dadcb6a243999b865678d4ac215a\",\"platform\":\"mobile\",\"userNo\":\"21060212272507456918048065577890\"}', '/mobileApi/course/queryCourseVideoByLessonId', '192.168.1.102', '21060212272507456918048065577890', '0'), ('655cc6b9-3d33-47e3-b8d4-96d5638068df', '2021-08-16 19:20:22', null, '1', '0', 'POST', '{\"platform\":\"mobile\",\"userNo\":\"21060212272507456918048065577890\"}', '/mobileApi/exam/management/keepSession', '192.168.1.102', '21060212272507456918048065577890', '0'), ('66b39977-e454-4a1c-8c7a-70b203603274', '2021-08-09 17:11:08', null, '1', '0', 'POST', '{\"platform\":\"pcboss\",\"sort\":1,\"topicLocation\":2,\"topicName\":\"网站新建\",\"userNo\":\"21060212272507456918048065577890\"}', '/pcboss/course/topic/save', '127.0.0.1', '21060212272507456918048065577890', '3'), ('6854737a-d88d-465a-bfba-05f6eda86543', '2021-08-16 16:30:55', null, '1', '0', 'POST', '{\"ccpId\":\"a735dadcb6a243999b865678d4ac215a\",\"platform\":\"mobile\",\"questionId\":\"78502c2a8b384953a97c83b2b78179d6\",\"userNo\":\"21060212272507456918048065577890\"}', '/mobileApi/exam/queryNoteContentByQuestionId', '192.168.1.102', '21060212272507456918048065577890', '0'), ('68f4030e-30b8-40a1-9abd-1bcf8dcfffa2', '2021-08-09 17:02:19', null, '1', '0', 'POST', '{\"newsType\":\"网站初建\",\"platform\":\"pcboss\",\"sort\":1,\"userNo\":\"21060212272507456918048065577890\"}', '/pcboss/system/newsType/save', '127.0.0.1', '21060212272507456918048065577890', '3'), ('6953366b-47a7-4cc4-bcd6-5bc335d0e20d', '2021-08-16 16:52:58', null, '1', '0', 'POST', '{\"dot\":\"200\",\"platform\":\"mobile\",\"userNo\":\"21060212272507456918048065577890\"}', '/mobileApi/market/dot/dotToPoint', '192.168.1.102', '21060212272507456918048065577890', '0'), ('6b11ca9d-44c6-467e-b21a-53660b101b69', '2021-08-09 19:45:38', null, '1', '0', 'POST', '{\"courseId\":\"039f99e1e4c64af69bfcc9318bb82939\",\"payType\":0,\"platform\":\"mobile\",\"shouldPay\":0,\"userNo\":\"21060212272507456918048065577890\"}', '/mobileApi/order/save', '192.168.1.104', '21060212272507456918048065577890', '0'), ('6bd86738-4698-4bca-b858-3bee0506ddcd', '2021-08-16 17:50:10', null, '1', '0', 'POST', '{\"platform\":\"mobile\",\"userNo\":\"21060212272507456918048065577890\"}', '/mobileApi/exam/management/keepSession', '192.168.1.102', '21060212272507456918048065577890', '0'), ('6c11738f-f4f3-4476-a535-48c08789b721', '2021-08-16 16:23:55', null, '1', '0', 'POST', '{\"analysis\":\"<p>当然要热爱学习啊</p>\",\"answer\":\"1\",\"customLabel\":\"<p>java</p>\",\"level\":\"2\",\"platform\":\"pcweb\",\"questionTitle\":\"<p>我们要热爱学习</p>\",\"questionType\":\"3\",\"subjectId1\":\"15cb8409974d443f983a9fec572975a0\",\"userNo\":\"21060212272507456918048065577890\",\"validValue\":\"1\"}', '/pcweb/exam/question/save', '127.0.0.1', '21060212272507456918048065577890', '1'), ('6f43e4eb-42b3-486e-8c4e-dfe873c57c39', '2021-08-09 19:47:42', null, '1', '0', 'POST', '{\"id\":\"039f99e1e4c64af69bfcc9318bb82939\",\"platform\":\"mobile\",\"userNo\":\"21060212272507456918048065577890\"}', '/mobileApi/course/findCourseDetailHadLogin', '192.168.1.104', '21060212272507456918048065577890', '0'), ('70376605-d0cb-47d7-b171-6acfb7209e63', '2021-08-09 17:57:46', null, '1', '0', 'POST', '{\"courseId\":\"039f99e1e4c64af69bfcc9318bb82939\",\"platform\":\"pcboss\",\"topicId\":\"3565b873b2a74e7ab909e50ba41e431b\",\"userNo\":\"21060212272507456918048065577890\"}', '/pcboss/course/topic/course/save', '127.0.0.1', '21060212272507456918048065577890', '3'), ('7378aa1d-1820-4d24-9d2e-3caeaaaf5f9a', '2021-08-16 17:29:20', null, '1', '0', 'POST', '{\"platform\":\"mobile\",\"userNo\":\"21060212272507456918048065577890\"}', '/mobileApi/exam/management/keepSession', '192.168.1.102', '21060212272507456918048065577890', '0'), ('74bf3599-64ec-4e03-9a83-0337514b1a81', '2021-08-16 17:45:26', null, '1', '0', 'POST', '{\"couponId\":\"f70da5652bc84470b85bea02657d422b\",\"platform\":\"mobile\",\"userNo\":\"21060212272507456918048065577890\"}', '/mobileApi/market/couponUser/save', '192.168.1.102', '21060212272507456918048065577890', '0'), ('7539cf09-ddf4-465b-9056-1acd216a6788', '2021-08-09 17:54:54', null, '1', '0', 'POST', '{\"courseId\":\"507d6f34d9b544e3a0bbbad912cd3772\",\"platform\":\"pcboss\",\"topicId\":\"02da3e7469aa4e12852f79bfcb4a3fae\",\"userNo\":\"21060212272507456918048065577890\"}', '/pcboss/course/topic/course/save', '127.0.0.1', '21060212272507456918048065577890', '3'), ('760168d0-4647-4f06-9c3f-156e5e933730', '2021-08-09 19:47:22', null, '1', '0', 'POST', '{\"id\":\"507d6f34d9b544e3a0bbbad912cd3772\",\"platform\":\"mobile\",\"userNo\":\"21060212272507456918048065577890\"}', '/mobileApi/course/findCourseDetailHadLogin', '192.168.1.104', '21060212272507456918048065577890', '0'), ('760c803f-84de-4fb6-84b2-5e502cc46afc', '2021-08-16 16:09:09', null, '1', '0', 'POST', '{\"id\":\"507d6f34d9b544e3a0bbbad912cd3772\",\"platform\":\"mobile\",\"userNo\":\"21060212272507456918048065577890\"}', '/mobileApi/course/findCourseDetailHadLogin', '192.168.1.102', '21060212272507456918048065577890', '0'), ('76748a35-fa2c-46d6-a13a-c9b55d79f9fa', '2021-08-16 17:46:49', null, '1', '0', 'POST', '{\"orgNo\":\"wx\",\"platform\":\"mobile\",\"userNo\":\"21060212272507456918048065577890\"}', '/mobileApi/userView', '192.168.1.102', '21060212272507456918048065577890', '0'), ('76bc98a0-0374-4d28-b4a5-a19d7705d7cc', '2021-08-09 17:57:43', null, '1', '0', 'POST', '{\"courseId\":\"507d6f34d9b544e3a0bbbad912cd3772\",\"platform\":\"pcboss\",\"topicId\":\"3565b873b2a74e7ab909e50ba41e431b\",\"userNo\":\"21060212272507456918048065577890\"}', '/pcboss/course/topic/course/save', '127.0.0.1', '21060212272507456918048065577890', '3'), ('771a1cd4-e924-4f04-8396-6707544aa589', '2021-08-09 19:45:04', null, '1', '0', 'POST', '{\"orderNo\":\"20210809194400014949464\",\"platform\":\"mobile\",\"userNo\":\"21060212272507456918048065577890\"}', '/mobileApi/order/checkPayResult', '192.168.1.104', '21060212272507456918048065577890', '0'), ('773952f2-2210-450d-99c4-5cfe15e90f26', '2021-08-16 16:28:11', null, '1', '0', 'POST', '{\"analysis\":\"<p>&lt;p&gt;很简单，1+1=2，1+2=1+1+1=3&lt;/p&gt;</p>\",\"customLabel\":\"<p>java</p>\",\"itemA\":\"<p>2<span style=\\\"font-size: 12px;\\\">&lt;p&gt;1+1=2，1+2=1+1+1=3&lt;/p&gt;</span></p>\",\"level\":\"2\",\"platform\":\"pcweb\",\"questionTitle\":\"<p>1+2为什么等于3？</p>\",\"questionType\":\"5\",\"subjectId1\":\"15cb8409974d443f983a9fec572975a0\",\"userNo\":\"21060212272507456918048065577890\",\"validValue\":\"1\"}', '/pcweb/exam/question/save', '127.0.0.1', '21060212272507456918048065577890', '1'), ('777fc549-0b01-4805-a6c0-4c2f4abc89b7', '2021-08-16 18:59:10', null, '1', '0', 'POST', '{\"platform\":\"mobile\",\"userNo\":\"21060212272507456918048065577890\"}', '/mobileApi/exam/management/keepSession', '192.168.1.102', '21060212272507456918048065577890', '0'), ('7bd929d6-a2ec-442a-90dc-af0eb8f8e18c', '2021-08-16 18:09:10', null, '1', '0', 'POST', '{\"platform\":\"mobile\",\"userNo\":\"21060212272507456918048065577890\"}', '/mobileApi/exam/management/keepSession', '192.168.1.102', '21060212272507456918048065577890', '0'), ('7c5f2c25-0723-43a0-9fce-3e1ce68a80a9', '2021-08-17 11:38:16', null, '1', '0', 'POST', '{\"dot\":\"20\",\"platform\":\"mobile\",\"userNo\":\"21060212272507456918048065577890\"}', '/mobileApi/market/dot/dotToPoint', '192.168.1.102', '21060212272507456918048065577890', '0'), ('7dff380f-3a97-4319-8c9a-f429be439c95', '2021-08-16 17:10:55', null, '1', '0', 'POST', '{\"id\":\"43d120c3730e49159ce6c1a3aada9b4a\",\"platform\":\"pcweb\",\"userNo\":\"21060212272507456918048065577890\"}', '/pcweb/exam/question/delete', '127.0.0.1', '21060212272507456918048065577890', '1'), ('7e3346f1-fee2-4dbc-a502-246638d0e625', '2021-08-16 16:28:57', null, '1', '0', 'POST', '{\"id\":\"507d6f34d9b544e3a0bbbad912cd3772\",\"platform\":\"mobile\",\"userNo\":\"21060212272507456918048065577890\"}', '/mobileApi/course/findCourseDetailHadLogin', '192.168.1.102', '21060212272507456918048065577890', '0'), ('7eb80c22-b728-48b7-8f86-07a082d3cb3b', '2021-08-16 19:03:36', null, '1', '0', 'POST', '{\"platform\":\"mobile\",\"userNo\":\"21060212272507456918048065577890\"}', '/mobileApi/exam/management/keepSession', '192.168.1.102', '21060212272507456918048065577890', '0'), ('7ee2372c-eb61-4a04-b1cc-b5897aed1ddf', '2021-08-16 18:07:18', null, '1', '0', 'POST', '{\"pageCurrent\":1,\"pageSize\":20,\"platform\":\"pcboss\",\"userNo\":\"21060212272507456918048065577890\"}', '/pcboss/order/ordermain/queryOrderCountBefore30Days', '127.0.0.1', '21060212272507456918048065577890', '3'), ('7eee80bb-24f3-4064-9aec-b2bbd8dbe172', '2021-08-16 16:29:47', null, '1', '0', 'POST', '{\"ccpId\":\"a735dadcb6a243999b865678d4ac215a\",\"platform\":\"mobile\",\"questionId\":\"028d6955cd6d414a900e1aa3ec831989\",\"userNo\":\"21060212272507456918048065577890\"}', '/mobileApi/exam/queryNoteContentByQuestionId', '192.168.1.102', '21060212272507456918048065577890', '0'), ('7efce209-0e9a-4a57-bb4b-5ec50fddf5cb', '2021-08-09 17:54:40', null, '1', '0', 'POST', '请在打印日志中查询', '/pcboss/course/fresh/course/apply/audit', '127.0.0.1', '21060212272507456918048065577890', '3'), ('80d490d2-b3b8-4e9d-8755-5a7bdb87224b', '2021-08-16 16:37:22', null, '1', '0', 'POST', '{\"lessonId\":\"a735dadcb6a243999b865678d4ac215a\",\"platform\":\"mobile\",\"studyProgessDetails\":\"0,1,2,3,4,5,6,7,8,9,10,11,12,13,14,15,16,17,18,19,20,,,,,,,,,,,,,,,,,,,,,,,,,,,,,,,,,,,,,,,,,,,,,,,,,,,,,,,,,,,,,,,,,,,,,,,,,,,,,,,,\",\"userNo\":\"21060212272507456918048065577890\"}', '/mobileApi/user/userStudyLog/save', '192.168.1.102', '21060212272507456918048065577890', '0'), ('817db21e-2e09-441d-ae5a-58a7afef2af2', '2021-08-16 18:10:05', null, '1', '0', 'POST', '{\"cardNoBit\":3,\"cardProduceNumber\":2,\"cardPswBit\":3,\"cardTitle\":\"测试学习卡\",\"daysFromBindUserTime\":11,\"isLimitCourse\":0,\"platform\":\"pcboss\",\"studyCardTimeBegin\":\"2021-07-31T16:00:00.000Z\",\"studyCardTimeEnd\":\"2021-08-30T16:00:00.000Z\",\"totalFaceValueAmount\":\"0.01\",\"userNo\":\"21060212272507456918048065577890\",\"validValue\":1,\"valuePoint\":0}', '/pcboss/market/studycard/save', '127.0.0.1', '21060212272507456918048065577890', '3'), ('82c13288-2e12-44d8-990b-03232bcc71e4', '2021-08-16 17:49:12', null, '1', '0', 'POST', '{\"platform\":\"mobile\",\"userNo\":\"21060212272507456918048065577890\"}', '/mobileApi/exam/management/keepSession', '192.168.1.102', '21060212272507456918048065577890', '0'), ('82e0598f-aaee-4267-8e85-6d6b7eecdab8', '2021-08-16 16:36:56', null, '1', '0', 'POST', '{\"lessonId\":\"a735dadcb6a243999b865678d4ac215a\",\"platform\":\"mobile\",\"studyProgessDetails\":\"0,1,2,3,4,5,6,7,8,9,10,11,12,13,14,15,,,,,,,,,,,,,,,,,,,,,,,,,,,,,,,,,,,,,,,,,,,,,,,,,,,,,,,,,,,,,,,,,,,,,,,,,,,,,,,,,,,,,\",\"userNo\":\"21060212272507456918048065577890\"}', '/mobileApi/user/userStudyLog/save', '192.168.1.102', '21060212272507456918048065577890', '0'), ('84508205-ba2d-49c8-b996-a7b0a77f4565', '2021-08-16 16:31:16', null, '1', '0', 'POST', '{\"id\":\"507d6f34d9b544e3a0bbbad912cd3772\",\"platform\":\"mobile\",\"userNo\":\"21060212272507456918048065577890\"}', '/mobileApi/course/findCourseDetailHadLogin', '192.168.1.102', '21060212272507456918048065577890', '0'), ('86074498-7f1b-40b7-8ddd-98b2e3fffc36', '2021-08-16 17:46:29', null, '1', '0', 'POST', '{\"dot\":\"20\",\"platform\":\"mobile\",\"userNo\":\"21060212272507456918048065577890\"}', '/mobileApi/market/dot/dotToPoint', '192.168.1.102', '21060212272507456918048065577890', '0'), ('8672977f-d989-4b09-af73-e1fd7b92a6d1', '2021-08-09 18:09:17', null, '1', '0', 'POST', '{\"id\":\"f2b66af317e84ccab73de2b18941615c\",\"platform\":\"pcboss\",\"userNo\":\"21060212272507456918048065577890\"}', '/pcboss/course/topic/course/delete', '127.0.0.1', '21060212272507456918048065577890', '3'), ('87241b22-679b-4e2d-b4b8-dca7f09b16ec', '2021-08-16 17:01:06', null, '1', '0', 'POST', '{\"courseId\":\"507d6f34d9b544e3a0bbbad912cd3772\",\"platform\":\"pcweb\",\"userNo\":\"21060212272507456918048065577890\"}', '/pcweb/exam/paper/findDetailByChapterList', '127.0.0.1', '21060212272507456918048065577890', '1'), ('88be218d-3ffe-4fdf-979a-82b205f02129', '2021-08-16 16:54:06', null, '1', '0', 'POST', '{\"orderStatus\":0,\"pageCurrent\":1,\"pageSize\":10,\"platform\":\"pcweb\",\"userNo\":\"21060212272507456918048065577890\"}', '/pcweb/exam/management/queryExamManagementsByStudentUserNo', '127.0.0.1', '21060212272507456918048065577890', '1'), ('8a1fc414-cb16-4af1-be74-c0f3440c11a5', '2021-08-16 19:25:47', null, '1', '0', 'POST', '{\"id\":\"507d6f34d9b544e3a0bbbad912cd3772\",\"platform\":\"mobile\",\"userNo\":\"21060212272507456918048065577890\"}', '/mobileApi/course/findCourseDetailHadLogin', '192.168.1.102', '21060212272507456918048065577890', '0'), ('8aa12475-680f-4700-9baa-086ba8b113e0', '2021-08-16 17:25:37', null, '1', '0', 'POST', '{\"platform\":\"mobile\",\"userNo\":\"21060212272507456918048065577890\"}', '/mobileApi/exam/management/keepSession', '192.168.1.102', '21060212272507456918048065577890', '0'), ('8bcdd550-e6d7-4128-a213-22c856e07cf7', '2021-08-16 16:28:38', null, '1', '0', 'POST', '请在打印日志中查询', '/pcweb/exam/question/course/save', '127.0.0.1', '21060212272507456918048065577890', '1'), ('8c742558-1ab8-49b4-92fe-31cb38c44227', '2021-08-16 19:15:59', null, '1', '0', 'POST', '{\"platform\":\"mobile\",\"userNo\":\"21060212272507456918048065577890\"}', '/mobileApi/exam/management/keepSession', '192.168.1.102', '21060212272507456918048065577890', '0'), ('8e4bfb5b-f74d-4edc-b7ad-4ca0c6192a34', '2021-08-16 17:23:01', null, '1', '0', 'POST', '{\"platform\":\"mobile\",\"userNo\":\"21060212272507456918048065577890\"}', '/mobileApi/exam/management/keepSession', '192.168.1.102', '21060212272507456918048065577890', '0'), ('9045506d-bb5e-42e2-82a3-02207a9e4ca1', '2021-08-09 19:47:25', null, '1', '0', 'POST', '{\"id\":\"507d6f34d9b544e3a0bbbad912cd3772\",\"platform\":\"mobile\",\"userNo\":\"21060212272507456918048065577890\"}', '/mobileApi/course/findCourseDetailHadLogin', '192.168.1.104', '21060212272507456918048065577890', '0'), ('90c4d5bf-5310-43a2-8812-27e0d21c5aa9', '2021-08-09 17:55:00', null, '1', '0', 'POST', '{\"courseId\":\"864c83bfaf054875817e1e144d195f50\",\"platform\":\"pcboss\",\"topicId\":\"02da3e7469aa4e12852f79bfcb4a3fae\",\"userNo\":\"21060212272507456918048065577890\"}', '/pcboss/course/topic/course/save', '127.0.0.1', '21060212272507456918048065577890', '3'), ('911c2ce6-5932-44f4-b910-3472fb25d0e9', '2021-08-16 21:45:54', null, '1', '0', 'POST', '请在打印日志中查询', '/pcboss/system/fresh/website/update', '127.0.0.1', '21060212272507456918048065577890', '3'), ('922ffa3b-d265-45e5-8a1a-e0e537d8e54e', '2021-08-09 17:34:30', null, '1', '0', 'POST', '{\"lessonId\":\"a735dadcb6a243999b865678d4ac215a\",\"platform\":\"pcweb\",\"userNo\":\"21060212272507456918048065577890\"}', '/pcweb/course/fresh/course/video/queryCourseVideoByLessonId', '127.0.0.1', '21060212272507456918048065577890', '1'), ('93e41815-8dad-4e06-a361-22312dfedcc6', '2021-08-09 19:45:55', null, '1', '0', 'POST', '{\"id\":\"039f99e1e4c64af69bfcc9318bb82939\",\"platform\":\"mobile\",\"userNo\":\"21060212272507456918048065577890\"}', '/mobileApi/course/findCourseDetailHadLogin', '192.168.1.104', '21060212272507456918048065577890', '0'), ('94137bab-766c-4ade-aab8-3b9a61e6d372', '2021-08-09 19:45:07', null, '1', '0', 'POST', '{\"id\":\"1538cd6557b547e985879c1749c50a82\",\"platform\":\"mobile\",\"userNo\":\"21060212272507456918048065577890\"}', '/mobileApi/course/findCourseDetailHadLogin', '192.168.1.104', '21060212272507456918048065577890', '0'), ('9501ede8-0e17-4aa7-b8d4-72bfa9cb1994', '2021-08-09 19:45:52', null, '1', '0', 'POST', '{\"id\":\"039f99e1e4c64af69bfcc9318bb82939\",\"platform\":\"mobile\",\"userNo\":\"21060212272507456918048065577890\"}', '/mobileApi/course/findCourseDetailHadLogin', '192.168.1.104', '21060212272507456918048065577890', '0'), ('97ec7559-338b-4c6a-bfc2-91f22ac03918', '2021-08-09 19:47:29', null, '1', '0', 'POST', '{\"id\":\"507d6f34d9b544e3a0bbbad912cd3772\",\"platform\":\"mobile\",\"userNo\":\"21060212272507456918048065577890\"}', '/mobileApi/course/findCourseDetailHadLogin', '192.168.1.104', '21060212272507456918048065577890', '0'), ('99815303-9533-4b18-8024-1a2a87075027', '2021-08-09 17:52:15', null, '1', '0', 'POST', '{\"lessonId\":\"3ca4808b2481445582fc0d24c7c8a301\",\"platform\":\"pcweb\",\"userNo\":\"21060212272507456918048065577890\"}', '/pcweb/course/fresh/course/video/queryCourseVideoByLessonId', '127.0.0.1', '21060212272507456918048065577890', '1'), ('9af679d9-ffa4-4c92-b9c4-cdda999e2c86', '2021-08-09 18:08:53', null, '1', '0', 'POST', '{\"courseId\":\"1538cd6557b547e985879c1749c50a82\",\"platform\":\"pcboss\",\"topicId\":\"02da3e7469aa4e12852f79bfcb4a3fae\",\"userNo\":\"21060212272507456918048065577890\"}', '/pcboss/course/topic/course/save', '127.0.0.1', '21060212272507456918048065577890', '3'), ('a029c773-6b4d-4dcf-bdeb-0ca648c78771', '2021-08-16 19:05:08', null, '1', '0', 'POST', '{\"platform\":\"mobile\",\"userNo\":\"21060212272507456918048065577890\"}', '/mobileApi/exam/management/keepSession', '192.168.1.102', '21060212272507456918048065577890', '0'), ('a07f5bc3-de59-4094-9fc6-f4e274868ac3', '2021-08-16 19:14:00', null, '1', '0', 'POST', '{\"platform\":\"mobile\",\"userNo\":\"21060212272507456918048065577890\"}', '/mobileApi/exam/management/keepSession', '192.168.1.102', '21060212272507456918048065577890', '0'), ('a2200d35-9b76-453e-85f6-9ea2c8e8547e', '2021-08-16 17:02:22', null, '1', '0', 'POST', '请在打印日志中查询', '/pcweb/exam/paper/save', '127.0.0.1', '21060212272507456918048065577890', '1'), ('a369f15c-b2f6-4eba-9f59-7df7ab897663', '2021-08-16 18:07:21', null, '1', '0', 'POST', '{\"pageCurrent\":1,\"pageSize\":20,\"platform\":\"pcboss\",\"userNo\":\"21060212272507456918048065577890\"}', '/pcboss/order/ordermain/queryOrderCountBefore30Days', '127.0.0.1', '21060212272507456918048065577890', '3'), ('a4278893-0d7d-47a4-a544-fb78e5e077fc', '2021-08-16 16:28:47', null, '1', '0', 'POST', '{\"ccpId\":\"a735dadcb6a243999b865678d4ac215a\",\"platform\":\"mobile\",\"type\":3,\"userNo\":\"21060212272507456918048065577890\"}', '/mobileApi/exam/queryExamQuestions', '192.168.1.102', '21060212272507456918048065577890', '0'), ('a5b3b455-b505-47fb-aa96-291f962ca881', '2021-08-16 16:32:02', null, '1', '0', 'POST', '{\"id\":\"864c83bfaf054875817e1e144d195f50\",\"platform\":\"mobile\",\"userNo\":\"21060212272507456918048065577890\"}', '/mobileApi/course/findCourseDetailHadLogin', '192.168.1.102', '21060212272507456918048065577890', '0'), ('a6b995a9-3c73-47c4-a0d3-b74b8bfc2461', '2021-08-09 19:43:58', null, '1', '0', 'POST', '{\"orgNo\":\"wx\",\"platform\":\"mobile\",\"userNo\":\"21060212272507456918048065577890\"}', '/mobileApi/userView', '192.168.1.104', '21060212272507456918048065577890', '0'), ('a6d8f1c7-00b6-4eff-adf0-fedaa395e39a', '2021-08-16 16:35:36', null, '1', '0', 'POST', '{\"id\":\"507d6f34d9b544e3a0bbbad912cd3772\",\"platform\":\"mobile\",\"userNo\":\"21060212272507456918048065577890\"}', '/mobileApi/course/findCourseDetailHadLogin', '192.168.1.102', '21060212272507456918048065577890', '0'), ('a75cef66-8f84-4c5c-9068-81c2987b9155', '2021-08-16 16:13:17', null, '1', '0', 'POST', '{\"analysis\":\"<p>1加1等于2</p>\",\"answer\":\"B\",\"customLabel\":\"<p>Java</p>\",\"itemA\":\"<p>1</p>\",\"itemB\":\"<p>2</p>\",\"itemC\":\"<p>3</p>\",\"itemD\":\"<p>4</p>\",\"level\":\"2\",\"platform\":\"pcweb\",\"questionTitle\":\"<p>1+1等于多少？</p>\",\"questionType\":\"1\",\"subjectId1\":\"15cb8409974d443f983a9fec572975a0\",\"userNo\":\"21060212272507456918048065577890\",\"validValue\":\"1\"}', '/pcweb/exam/question/save', '127.0.0.1', '21060212272507456918048065577890', '1'), ('a7813482-ca5d-4214-b412-6fd9acdc928a', '2021-08-16 16:32:24', null, '1', '0', 'POST', '{\"id\":\"864c83bfaf054875817e1e144d195f50\",\"platform\":\"mobile\",\"userNo\":\"21060212272507456918048065577890\"}', '/mobileApi/course/findCourseDetailHadLogin', '192.168.1.102', '21060212272507456918048065577890', '0'), ('aa61a4bb-a3ab-41e8-a776-c9edfff8445c', '2021-08-16 16:28:50', null, '1', '0', 'POST', '{\"id\":\"507d6f34d9b544e3a0bbbad912cd3772\",\"platform\":\"mobile\",\"userNo\":\"21060212272507456918048065577890\"}', '/mobileApi/course/findCourseDetailHadLogin', '192.168.1.102', '21060212272507456918048065577890', '0'), ('ad02ad42-9e41-4103-84b4-68b868870a6e', '2021-08-16 21:55:04', null, '1', '0', 'POST', '{\"orgNo\":\"wx\",\"platform\":\"mobile\",\"userNo\":\"21060212272507456918048065577890\"}', '/mobileApi/userView', '192.168.1.102', '21060212272507456918048065577890', '0'), ('ad208a74-5332-4484-b297-4e13bc0ae668', '2021-08-16 19:06:55', null, '1', '0', 'POST', '{\"platform\":\"mobile\",\"userNo\":\"21060212272507456918048065577890\"}', '/mobileApi/exam/management/keepSession', '192.168.1.102', '21060212272507456918048065577890', '0'), ('ae36e15b-027e-4bbc-93d0-53a107080fbe', '2021-08-09 17:52:26', null, '1', '0', 'POST', '{\"chapterId\":\"c5c88406605f496182974e5c654093a2\",\"platform\":\"pcweb\",\"userNo\":\"21060212272507456918048065577890\",\"videoLocalNumber\":\"7523195b5ad8448ea1cd0144a08298be\"}', '/pcweb/course/fresh/course/video/save', '127.0.0.1', '21060212272507456918048065577890', '1'), ('ae43a5b8-96af-4504-a8ef-326df81b8940', '2021-08-09 19:43:46', null, '1', '0', 'POST', '{\"orgNo\":\"wx\",\"platform\":\"mobile\",\"userNo\":\"21060212272507456918048065577890\"}', '/mobileApi/userView', '192.168.1.104', '21060212272507456918048065577890', '0'), ('aebd5df9-4caf-437a-a9aa-66908ad4965f', '2021-08-16 16:54:00', null, '1', '0', 'POST', '{\"pageCurrent\":1,\"pageSize\":20,\"platform\":\"mobile\",\"userNo\":\"21060212272507456918048065577890\"}', '/mobileApi/exam/management/queryExamManagementsByStudentUserNo', '192.168.1.102', '21060212272507456918048065577890', '0'), ('af2311b8-8003-4bf2-88d4-50e05467d891', '2021-08-09 17:16:37', null, '1', '0', 'POST', '{\"buyCount\":\"9\",\"costTimeType\":0,\"courseLogo\":\"https://atest888.oss-cn-hangzhou.aliyuncs.com/course/cb2ddf0031f641eeb4474001d998adfb.jpg\",\"courseName\":\"安装mysql\",\"courseOriginal\":0,\"courseSubject\":\"1\",\"courseType\":0,\"introduce\":\"<p>安装mysql</p>\",\"isFree\":\"1\",\"platform\":\"pcweb\",\"studyCount\":\"90\",\"subjectId1\":\"15cb8409974d443f983a9fec572975a0\",\"userNo\":\"21060212272507456918048065577890\"}', '/pcweb/course/fresh/course/apply/save', '127.0.0.1', '21060212272507456918048065577890', '1'), ('afac7e73-5ba7-40d9-9675-c7d8cc5ab789', '2021-08-09 17:57:19', null, '1', '0', 'POST', '{\"id\":\"02da3e7469aa4e12852f79bfcb4a3fae\",\"platform\":\"pcboss\",\"sort\":8,\"topicLocation\":2,\"topicName\":\"网站新建\",\"userNo\":\"21060212272507456918048065577890\",\"validValue\":1}', '/pcboss/course/topic/update', '127.0.0.1', '21060212272507456918048065577890', '3'), ('b0047aec-f64d-457b-aadd-6197b664d2d2', '2021-08-09 17:34:19', null, '1', '0', 'POST', '{\"buyCount\":\"2\",\"costTimeType\":0,\"courseLogo\":\"https://atest888.oss-cn-hangzhou.aliyuncs.com/course/33f6ea86e33c4130814bba6d29079cea.jpg\",\"courseName\":\"安装java环境\",\"courseOriginal\":0,\"courseSubject\":\"1\",\"courseType\":0,\"introduce\":\"<p>安装java环境<br></p>\",\"isFree\":\"1\",\"platform\":\"pcweb\",\"studyCount\":\"23\",\"subjectId1\":\"15cb8409974d443f983a9fec572975a0\",\"userNo\":\"21060212272507456918048065577890\"}', '/pcweb/course/fresh/course/apply/save', '127.0.0.1', '21060212272507456918048065577890', '1'), ('b0f8e078-2ece-492c-bf20-f620e0fdf19a', '2021-08-09 17:54:42', null, '1', '0', 'POST', '请在打印日志中查询', '/pcboss/course/fresh/course/apply/audit', '127.0.0.1', '21060212272507456918048065577890', '3'), ('b20903dd-26a7-40cb-8543-bee918ad14a0', '2021-08-09 19:47:50', null, '1', '0', 'POST', '{\"lessonId\":\"6c0c5241baa64df4bd2f8128b6b60808\",\"platform\":\"mobile\",\"userNo\":\"21060212272507456918048065577890\"}', '/mobileApi/course/queryCourseVideoByLessonId', '192.168.1.104', '21060212272507456918048065577890', '0'), ('b30919e0-50bc-48ad-b700-98e3f735d82f', '2021-08-16 16:29:35', null, '1', '0', 'POST', '{\"ccpId\":\"a735dadcb6a243999b865678d4ac215a\",\"platform\":\"mobile\",\"questionId\":\"028d6955cd6d414a900e1aa3ec831989\",\"userNo\":\"21060212272507456918048065577890\"}', '/mobileApi/exam/queryNoteContentByQuestionId', '192.168.1.102', '21060212272507456918048065577890', '0'), ('b34d59f2-225c-4cac-874e-ffed2fee4612', '2021-08-16 16:32:26', null, '1', '0', 'POST', '{\"id\":\"864c83bfaf054875817e1e144d195f50\",\"platform\":\"mobile\",\"userNo\":\"21060212272507456918048065577890\"}', '/mobileApi/course/findCourseDetailHadLogin', '192.168.1.102', '21060212272507456918048065577890', '0'), ('b3696e91-450a-4ad6-b57d-9311ff6344f0', '2021-08-09 19:45:28', null, '1', '0', 'POST', '{\"id\":\"1538cd6557b547e985879c1749c50a82\",\"platform\":\"mobile\",\"userNo\":\"21060212272507456918048065577890\"}', '/mobileApi/course/findCourseDetailHadLogin', '192.168.1.104', '21060212272507456918048065577890', '0'), ('b38082dd-74c8-44c6-a080-7d8140493e63', '2021-08-09 17:57:06', null, '1', '0', 'POST', '{\"platform\":\"pcboss\",\"sort\":5,\"topicLocation\":2,\"topicName\":\"安装教程\",\"userNo\":\"21060212272507456918048065577890\"}', '/pcboss/course/topic/save', '127.0.0.1', '21060212272507456918048065577890', '3'), ('b3ad3a62-b071-4126-bd45-6b3bf96dc79e', '2021-08-16 17:56:28', null, '1', '0', 'POST', '{\"platform\":\"mobile\",\"userNo\":\"21060212272507456918048065577890\"}', '/mobileApi/exam/management/keepSession', '192.168.1.102', '21060212272507456918048065577890', '0'), ('b3f5df7d-17d3-4675-9d60-7db7ace76ad1', '2021-08-16 18:52:21', null, '1', '0', 'POST', '{\"platform\":\"mobile\",\"userNo\":\"21060212272507456918048065577890\"}', '/mobileApi/exam/management/keepSession', '192.168.1.102', '21060212272507456918048065577890', '0'), ('b43e9cad-590d-45c5-8ac4-f4bb9292c593', '2021-08-16 16:30:04', null, '1', '0', 'POST', '{\"ccpId\":\"a735dadcb6a243999b865678d4ac215a\",\"platform\":\"mobile\",\"questionId\":\"43d120c3730e49159ce6c1a3aada9b4a\",\"userNo\":\"21060212272507456918048065577890\"}', '/mobileApi/exam/queryNoteContentByQuestionId', '192.168.1.102', '21060212272507456918048065577890', '0'), ('b4e20a81-46df-4268-b760-f0830a58baf4', '2021-08-09 17:18:08', null, '1', '0', 'POST', '{\"lessonId\":\"6c0c5241baa64df4bd2f8128b6b60808\",\"platform\":\"pcweb\",\"userNo\":\"21060212272507456918048065577890\"}', '/pcweb/course/fresh/course/video/update', '127.0.0.1', '21060212272507456918048065577890', '1'), ('b55005d8-4a66-4aed-acdc-42ba32c92e6b', '2021-08-16 16:30:26', null, '1', '0', 'POST', '{\"ccpId\":\"a735dadcb6a243999b865678d4ac215a\",\"platform\":\"mobile\",\"questionId\":\"5f3dc27354b2418faa79a23d5dd190c6\",\"userNo\":\"21060212272507456918048065577890\"}', '/mobileApi/exam/queryNoteContentByQuestionId', '192.168.1.102', '21060212272507456918048065577890', '0'), ('b5ded653-ce48-45d8-a4a2-2aa32ea7af20', '2021-08-16 16:28:50', null, '1', '0', 'POST', '{\"id\":\"507d6f34d9b544e3a0bbbad912cd3772\",\"platform\":\"mobile\",\"userNo\":\"21060212272507456918048065577890\"}', '/mobileApi/course/findCourseDetailHadLogin', '192.168.1.102', '21060212272507456918048065577890', '0'), ('b5e32c7d-9702-4d36-a629-c0cf0801a985', '2021-08-16 16:29:51', null, '1', '0', 'POST', '{\"ccpId\":\"a735dadcb6a243999b865678d4ac215a\",\"platform\":\"mobile\",\"questionId\":\"0a64ae8748ae4ae394154912167de8cb\",\"userNo\":\"21060212272507456918048065577890\"}', '/mobileApi/exam/queryNoteContentByQuestionId', '192.168.1.102', '21060212272507456918048065577890', '0'), ('b65d2a02-3277-4959-b953-ba9122fa721b', '2021-08-09 19:45:23', null, '1', '0', 'POST', '{\"id\":\"1538cd6557b547e985879c1749c50a82\",\"platform\":\"mobile\",\"userNo\":\"21060212272507456918048065577890\"}', '/mobileApi/course/findCourseDetailHadLogin', '192.168.1.104', '21060212272507456918048065577890', '0'), ('b6a8be03-fe9d-4f16-929f-178fe76a2eca', '2021-08-16 17:01:50', null, '1', '0', 'POST', '{\"courseId\":\"507d6f34d9b544e3a0bbbad912cd3772\",\"platform\":\"pcweb\",\"userNo\":\"21060212272507456918048065577890\"}', '/pcweb/exam/paper/findDetailByChapterList', '127.0.0.1', '21060212272507456918048065577890', '1'), ('b7b629d8-8833-4819-b54a-f650c16ed732', '2021-08-16 16:28:57', null, '1', '0', 'POST', '{\"id\":\"507d6f34d9b544e3a0bbbad912cd3772\",\"platform\":\"mobile\",\"userNo\":\"21060212272507456918048065577890\"}', '/mobileApi/course/findCourseDetailHadLogin', '192.168.1.102', '21060212272507456918048065577890', '0'), ('b8bc31d2-b07f-446e-86ff-0a26d677e148', '2021-08-09 19:45:36', null, '1', '0', 'POST', '{\"id\":\"039f99e1e4c64af69bfcc9318bb82939\",\"platform\":\"mobile\",\"userNo\":\"21060212272507456918048065577890\"}', '/mobileApi/course/findCourseDetailHadLogin', '192.168.1.104', '21060212272507456918048065577890', '0'), ('b906bf43-0606-470a-9324-5ee01889a9cc', '2021-08-16 16:59:25', null, '1', '0', 'POST', '{\"platform\":\"pcweb\",\"userNo\":\"21060212272507456918048065577890\"}', '/pcweb/course/ccp/audit/auditlist', '127.0.0.1', '21060212272507456918048065577890', '1'), ('bae45af2-0d7c-4128-aafc-11434967dec6', '2021-08-16 19:07:21', null, '1', '0', 'POST', '{\"id\":\"507d6f34d9b544e3a0bbbad912cd3772\",\"platform\":\"mobile\",\"userNo\":\"21060212272507456918048065577890\"}', '/mobileApi/course/findCourseDetailHadLogin', '192.168.1.102', '21060212272507456918048065577890', '0'), ('bb16444b-6b2b-4bde-8537-26ef7dbe496d', '2021-08-09 19:47:56', null, '1', '0', 'POST', '{\"lessonId\":\"a735dadcb6a243999b865678d4ac215a\",\"platform\":\"mobile\",\"userNo\":\"21060212272507456918048065577890\"}', '/mobileApi/course/queryCourseVideoByLessonId', '192.168.1.104', '21060212272507456918048065577890', '0'), ('bedb995e-9fab-454b-a74c-0061e4f53b26', '2021-08-09 18:08:05', null, '1', '0', 'POST', '{\"buyCount\":\"3\",\"costTimeType\":0,\"courseDiscount\":\"0.1\",\"courseLogo\":\"https://atest888.oss-cn-hangzhou.aliyuncs.com/course/2091f11f43e64cdabcd824fa89cb936b.jpg\",\"courseName\":\"测试课程\",\"courseOriginal\":\"0.1\",\"courseSubject\":\"1\",\"courseType\":0,\"introduce\":\"<p>测试课程</p>\",\"isFree\":0,\"platform\":\"pcweb\",\"studyCount\":\"19\",\"subjectId1\":\"15cb8409974d443f983a9fec572975a0\",\"userNo\":\"21060212272507456918048065577890\"}', '/pcweb/course/fresh/course/apply/save', '127.0.0.1', '21060212272507456918048065577890', '1'), ('bfce64d8-58c1-4fbf-b685-4ae2b7cee99d', '2021-08-16 17:32:53', null, '1', '0', 'POST', '{\"platform\":\"mobile\",\"userNo\":\"21060212272507456918048065577890\"}', '/mobileApi/exam/management/keepSession', '192.168.1.102', '21060212272507456918048065577890', '0'), ('c0043ef7-8485-4e3e-95d9-8ed0ed5a5d1f', '2021-08-09 19:46:41', null, '1', '0', 'POST', '{\"lessonId\":\"a735dadcb6a243999b865678d4ac215a\",\"platform\":\"pcweb\",\"userNo\":\"21060212272507456918048065577890\"}', '/pcweb/course/fresh/course/video/queryCourseVideoByLessonId', '127.0.0.1', '21060212272507456918048065577890', '1'), ('c34efad5-2738-4816-91ee-d6ed989d759d', '2021-08-16 18:02:39', null, '1', '0', 'POST', '{\"platform\":\"mobile\",\"userNo\":\"21060212272507456918048065577890\"}', '/mobileApi/exam/management/keepSession', '192.168.1.102', '21060212272507456918048065577890', '0');
INSERT INTO `operate_log` VALUES ('c617bc48-5801-41ba-afb2-6af638058b99', '2021-08-09 17:18:00', null, '1', '0', 'POST', '{\"lessonId\":\"6c0c5241baa64df4bd2f8128b6b60808\",\"platform\":\"pcweb\",\"userNo\":\"21060212272507456918048065577890\"}', '/pcweb/course/fresh/course/video/queryCourseVideoByLessonId', '127.0.0.1', '21060212272507456918048065577890', '1'), ('c627c0a6-71cb-4d2a-b159-4c59a47487e7', '2021-08-16 18:49:37', null, '1', '0', 'POST', '{\"platform\":\"mobile\",\"userNo\":\"21060212272507456918048065577890\"}', '/mobileApi/exam/management/keepSession', '192.168.1.102', '21060212272507456918048065577890', '0'), ('c69e7566-70b1-4ce6-89f8-646db5326250', '2021-08-16 17:25:50', null, '1', '0', 'POST', '{\"platform\":\"mobile\",\"userNo\":\"21060212272507456918048065577890\"}', '/mobileApi/exam/management/keepSession', '192.168.1.102', '21060212272507456918048065577890', '0'), ('c80c9f50-4f5f-4ef5-8692-22e83dbb0cd1', '2021-08-09 19:45:52', null, '1', '0', 'POST', '{\"id\":\"039f99e1e4c64af69bfcc9318bb82939\",\"platform\":\"mobile\",\"userNo\":\"21060212272507456918048065577890\"}', '/mobileApi/course/findCourseDetailHadLogin', '192.168.1.104', '21060212272507456918048065577890', '0'), ('c927a435-1e0a-48b4-af06-dac51b97cee4', '2021-08-09 19:47:09', null, '1', '0', 'POST', '请在打印日志中查询', '/pcboss/course/fresh/course/apply/audit', '127.0.0.1', '21060212272507456918048065577890', '3'), ('ca10f57a-bdde-48c4-add9-d1de6e3ec6a3', '2021-08-16 16:31:16', null, '1', '0', 'POST', '{\"id\":\"507d6f34d9b544e3a0bbbad912cd3772\",\"platform\":\"mobile\",\"userNo\":\"21060212272507456918048065577890\"}', '/mobileApi/course/findCourseDetailHadLogin', '192.168.1.102', '21060212272507456918048065577890', '0'), ('ca5c29bc-7dbf-49ba-b97e-4e5b5377d0f7', '2021-08-16 19:24:30', null, '1', '0', 'POST', '{\"platform\":\"mobile\",\"userNo\":\"21060212272507456918048065577890\"}', '/mobileApi/exam/management/keepSession', '192.168.1.102', '21060212272507456918048065577890', '0'), ('cd09e709-dc23-4f2d-bdf1-b04aa42bc37f', '2021-08-16 16:53:27', null, '1', '0', 'POST', '{\"dot\":\"200\",\"platform\":\"mobile\",\"userNo\":\"21060212272507456918048065577890\"}', '/mobileApi/market/dot/checkDotToPoint', '192.168.1.102', '21060212272507456918048065577890', '0'), ('ce321a7b-b56a-4cf9-aa71-67522d0fe9b0', '2021-08-09 19:44:04', null, '1', '0', 'POST', '{\"id\":\"1538cd6557b547e985879c1749c50a82\",\"platform\":\"mobile\",\"userNo\":\"21060212272507456918048065577890\"}', '/mobileApi/course/findCourseDetailHadLogin', '192.168.1.104', '21060212272507456918048065577890', '0'), ('ce7862b7-6945-42b2-a549-d85f4fec0d80', '2021-08-09 17:06:33', null, '1', '0', 'POST', '{\"newsContent\":\"<p>系统将于2021年8月9日19时发布新版，请用户留意升级</p>\",\"newsTitle\":\"系统发布通知\",\"newsTypeId\":\"5ece43f7-e3dd-4bf4-89f2-40b61157a011\",\"platShow\":2,\"platform\":\"pcboss\",\"sort\":1,\"userNo\":\"21060212272507456918048065577890\",\"validValue\":1}', '/pcboss/system/news/save', '127.0.0.1', '21060212272507456918048065577890', '3'), ('ce8fa17f-c8f4-4ac7-a57e-cdaa312a58bc', '2021-08-16 16:28:33', null, '1', '0', 'POST', '{\"platform\":\"pcweb\",\"userNo\":\"21060212272507456918048065577890\"}', '/pcweb/course/ccp/audit/auditlist', '127.0.0.1', '21060212272507456918048065577890', '1'), ('cec16fa9-0945-444d-bc0a-c0477274c4a3', '2021-08-16 16:30:52', null, '1', '0', 'POST', '{\"ccpId\":\"507d6f34d9b544e3a0bbbad912cd3772\",\"platform\":\"mobile\",\"userNo\":\"21060212272507456918048065577890\"}', '/mobileApi/exam/queryFavoritesExamQuestions', '192.168.1.102', '21060212272507456918048065577890', '0'), ('ceee4467-79d7-4d65-9f18-560ddc448079', '2021-08-16 18:58:44', null, '1', '0', 'POST', '{\"platform\":\"mobile\",\"userNo\":\"21060212272507456918048065577890\"}', '/mobileApi/exam/management/keepSession', '192.168.1.102', '21060212272507456918048065577890', '0'), ('cf1825b2-cf63-43e7-bca4-ed1a899a70ae', '2021-08-16 16:31:21', null, '1', '0', 'POST', '{\"id\":\"507d6f34d9b544e3a0bbbad912cd3772\",\"platform\":\"mobile\",\"userNo\":\"21060212272507456918048065577890\"}', '/mobileApi/course/findCourseDetailHadLogin', '192.168.1.102', '21060212272507456918048065577890', '0'), ('cf7e4244-7487-474d-90fb-25e9d952267e', '2021-08-16 16:28:43', null, '1', '0', 'POST', '{\"id\":\"507d6f34d9b544e3a0bbbad912cd3772\",\"platform\":\"mobile\",\"userNo\":\"21060212272507456918048065577890\"}', '/mobileApi/course/findCourseDetailHadLogin', '192.168.1.102', '21060212272507456918048065577890', '0'), ('d1841ffc-3405-4321-bb6e-af542a43de23', '2021-08-16 17:39:46', null, '1', '0', 'POST', '{\"platform\":\"mobile\",\"userNo\":\"21060212272507456918048065577890\"}', '/mobileApi/exam/management/keepSession', '192.168.1.102', '21060212272507456918048065577890', '0'), ('d4472c4b-0a91-44a1-ae87-14d0b21edb71', '2021-08-16 17:35:54', null, '1', '0', 'POST', '{\"platform\":\"mobile\",\"userNo\":\"21060212272507456918048065577890\"}', '/mobileApi/exam/management/keepSession', '192.168.1.102', '21060212272507456918048065577890', '0'), ('d6f2f317-f5fc-4aad-92a6-9a2410ec34b6', '2021-08-16 16:29:35', null, '1', '0', 'POST', '{\"ccpId\":\"a735dadcb6a243999b865678d4ac215a\",\"platform\":\"mobile\",\"type\":3,\"userNo\":\"21060212272507456918048065577890\"}', '/mobileApi/exam/queryExamQuestions', '192.168.1.102', '21060212272507456918048065577890', '0'), ('d9970d05-e365-439a-aeb9-6810fd0fc373', '2021-08-09 19:47:36', null, '1', '0', 'POST', '{\"id\":\"507d6f34d9b544e3a0bbbad912cd3772\",\"platform\":\"mobile\",\"userNo\":\"21060212272507456918048065577890\"}', '/mobileApi/course/findCourseDetailHadLogin', '192.168.1.104', '21060212272507456918048065577890', '0'), ('dc0a34fd-84be-441f-9ab0-976a77c01c76', '2021-08-16 17:45:06', null, '1', '0', 'POST', '{\"id\":\"507d6f34d9b544e3a0bbbad912cd3772\",\"platform\":\"mobile\",\"userNo\":\"21060212272507456918048065577890\"}', '/mobileApi/course/findCourseDetailHadLogin', '192.168.1.102', '21060212272507456918048065577890', '0'), ('dc646596-962b-46ac-aa49-8e41b9c86c29', '2021-08-16 17:45:03', null, '1', '0', 'POST', '{\"id\":\"507d6f34d9b544e3a0bbbad912cd3772\",\"platform\":\"mobile\",\"userNo\":\"21060212272507456918048065577890\"}', '/mobileApi/course/findCourseDetailHadLogin', '192.168.1.102', '21060212272507456918048065577890', '0'), ('de545f20-efb0-42c4-aa02-283330feccfb', '2021-08-09 17:34:25', null, '1', '0', 'POST', '{\"chapterName\":\"安装java环境\",\"courseId\":\"507d6f34d9b544e3a0bbbad912cd3772\",\"isFree\":0,\"platform\":\"pcweb\",\"sort\":1,\"userNo\":\"21060212272507456918048065577890\"}', '/pcweb/course/fresh/chapter/apply/save', '127.0.0.1', '21060212272507456918048065577890', '1'), ('df635d5f-f523-48c8-90b7-24c579561908', '2021-08-09 17:17:49', null, '1', '0', 'POST', '{\"chapterId\":\"6774f5c331e4452794d755d2d4f172e5\",\"chapterNo\":0,\"isFree\":0,\"lessonName\":\"安装mysql\",\"platform\":\"pcweb\",\"teacherUserNo\":0,\"userNo\":\"21060212272507456918048065577890\"}', '/pcweb/course/fresh/lesson/apply/save', '127.0.0.1', '21060212272507456918048065577890', '1'), ('e17c81fb-8088-4ded-97e9-7215b941a9bf', '2021-08-16 16:36:03', null, '1', '0', 'POST', '{\"lessonId\":\"a735dadcb6a243999b865678d4ac215a\",\"platform\":\"mobile\",\"studyProgessDetails\":\"0,1,2,3,4,5,,,,,,,,,,,,,,,,,,,,,,,,,,,,,,,,,,,,,,,,,,,,,,,,,,,,,,,,,,,,,,,,,,,,,,,,,,,,,,,,,,,,,,,,,,,,,,,\",\"userNo\":\"21060212272507456918048065577890\"}', '/mobileApi/user/userStudyLog/save', '192.168.1.102', '21060212272507456918048065577890', '0'), ('e1ed0b27-0f6e-4da3-b0cc-e3b508249cd7', '2021-08-16 18:10:58', null, '1', '0', 'POST', '{\"cardNo\":\"493\",\"cardPsw\":\"053\",\"platform\":\"mobile\",\"userNo\":\"21060212272507456918048065577890\"}', '/mobileApi/market/studyCard/bindStudyCardUserNo', '192.168.1.102', '21060212272507456918048065577890', '0'), ('e587650d-f8a4-4c0c-a5bc-4ac41d5126c8', '2021-08-16 18:53:05', null, '1', '0', 'POST', '{\"platform\":\"mobile\",\"userNo\":\"21060212272507456918048065577890\"}', '/mobileApi/exam/management/keepSession', '192.168.1.102', '21060212272507456918048065577890', '0'), ('e9314e7d-8ac6-4a4b-af45-440f212e586f', '2021-08-16 17:22:05', null, '1', '0', 'POST', '{\"pageCurrent\":1,\"pageSize\":20,\"platform\":\"mobile\",\"userNo\":\"21060212272507456918048065577890\"}', '/mobileApi/exam/management/queryExamManagementsByStudentUserNo', '192.168.1.102', '21060212272507456918048065577890', '0'), ('e9b8d978-88a6-4321-a469-0755586f43ea', '2021-08-16 19:07:21', null, '1', '0', 'POST', '{\"id\":\"507d6f34d9b544e3a0bbbad912cd3772\",\"platform\":\"mobile\",\"userNo\":\"21060212272507456918048065577890\"}', '/mobileApi/course/findCourseDetailHadLogin', '192.168.1.102', '21060212272507456918048065577890', '0'), ('ebedb476-654e-4dd0-97cc-2c6ef5dc09aa', '2021-08-16 16:09:03', null, '1', '0', 'POST', '{\"id\":\"507d6f34d9b544e3a0bbbad912cd3772\",\"platform\":\"mobile\",\"userNo\":\"21060212272507456918048065577890\"}', '/mobileApi/course/findCourseDetailHadLogin', '192.168.1.102', '21060212272507456918048065577890', '0'), ('ec904b44-db38-4c44-95ed-b47754555ae8', '2021-08-16 16:31:55', null, '1', '0', 'POST', '{\"id\":\"039f99e1e4c64af69bfcc9318bb82939\",\"platform\":\"mobile\",\"userNo\":\"21060212272507456918048065577890\"}', '/mobileApi/course/findCourseDetailHadLogin', '192.168.1.102', '21060212272507456918048065577890', '0'), ('eebf6e07-5a29-4397-ba1e-8b723841cede', '2021-08-16 17:35:07', null, '1', '0', 'POST', '{\"platform\":\"mobile\",\"userNo\":\"21060212272507456918048065577890\"}', '/mobileApi/exam/management/keepSession', '192.168.1.102', '21060212272507456918048065577890', '0'), ('ef67f7e8-b34d-41a9-8048-4b10f2e865dc', '2021-08-16 17:39:29', null, '1', '0', 'POST', '{\"platform\":\"mobile\",\"userNo\":\"21060212272507456918048065577890\"}', '/mobileApi/exam/management/keepSession', '192.168.1.102', '21060212272507456918048065577890', '0'), ('ef847e08-27f9-4138-8fad-cb897f2208b1', '2021-08-16 16:35:29', null, '1', '0', 'POST', '{\"lessonId\":\"6c0c5241baa64df4bd2f8128b6b60808\",\"platform\":\"mobile\",\"userNo\":\"21060212272507456918048065577890\"}', '/mobileApi/course/queryCourseVideoByLessonId', '192.168.1.102', '21060212272507456918048065577890', '0'), ('f170b1d7-ef69-4a5d-a0ff-6e659a4dcde0', '2021-08-09 19:47:26', null, '1', '0', 'POST', '{\"courseId\":\"507d6f34d9b544e3a0bbbad912cd3772\",\"payType\":0,\"platform\":\"mobile\",\"shouldPay\":0,\"userNo\":\"21060212272507456918048065577890\"}', '/mobileApi/order/save', '192.168.1.104', '21060212272507456918048065577890', '0'), ('f322b3ae-a176-4a5a-8533-4b21afe691b9', '2021-08-26 20:11:40', null, '1', '0', 'POST', '{\"pageCurrent\":1,\"pageSize\":20,\"platform\":\"pcboss\",\"userNo\":\"21060212272507456918048065577890\"}', '/pcboss/order/ordermain/queryOrderCountBefore30Days', '127.0.0.1', '21060212272507456918048065577890', '3'), ('f473dda6-8596-46d1-b564-1d2ad583e377', '2021-08-09 17:18:24', null, '1', '0', 'POST', '{\"id\":\"c37b39ccc6d54a52bce49fc9d40218a3\",\"platform\":\"pcweb\",\"userNo\":\"21060212272507456918048065577890\"}', '/pcweb/course/fresh/lesson/apply/delete', '127.0.0.1', '21060212272507456918048065577890', '1'), ('f6159f46-50a4-4d7f-82f5-1ee0dce3c30c', '2021-08-16 18:14:36', null, '1', '0', 'POST', '{\"platform\":\"mobile\",\"userNo\":\"21060212272507456918048065577890\"}', '/mobileApi/exam/management/keepSession', '192.168.1.102', '21060212272507456918048065577890', '0'), ('f8622c16-caaf-4c6a-a848-7fb08c6e3f6e', '2021-08-09 19:46:43', null, '1', '0', 'POST', '{\"lessonId\":\"a735dadcb6a243999b865678d4ac215a\",\"platform\":\"pcweb\",\"userNo\":\"21060212272507456918048065577890\",\"videoLocalNumber\":\"8ec41434d50b48ecb0bd65e134d5b4f2\"}', '/pcweb/course/fresh/course/video/update', '127.0.0.1', '21060212272507456918048065577890', '1'), ('f9d9b25a-cdb0-4d2c-91fb-f7d33632a911', '2021-08-16 16:00:31', null, '1', '0', 'POST', '{\"orgNo\":\"wx\",\"platform\":\"mobile\",\"userNo\":\"21060212272507456918048065577890\"}', '/mobileApi/userView', '192.168.1.102', '21060212272507456918048065577890', '0'), ('fa79f07a-62a1-4dc0-8e90-a938c43095f4', '2021-08-16 16:29:15', null, '1', '0', 'POST', '{\"id\":\"507d6f34d9b544e3a0bbbad912cd3772\",\"platform\":\"mobile\",\"userNo\":\"21060212272507456918048065577890\"}', '/mobileApi/course/findCourseDetailHadLogin', '192.168.1.102', '21060212272507456918048065577890', '0'), ('fb719fd6-3601-4672-bd9c-3c14a5e61234', '2021-08-16 19:26:45', null, '1', '0', 'POST', '请在打印日志中查询', '/pcboss/system/fresh/website/update', '127.0.0.1', '21060212272507456918048065577890', '3'), ('fb8e0a19-db9a-4b20-83cf-b99d7fd50a65', '2021-08-09 17:22:29', null, '1', '0', 'POST', '请在打印日志中查询', '/pcboss/course/fresh/course/apply/audit', '127.0.0.1', '21060212272507456918048065577890', '3'), ('fba68518-8fa2-433d-92e9-d89fba2b5392', '2021-08-16 17:00:31', null, '1', '0', 'POST', '{\"courseId\":\"507d6f34d9b544e3a0bbbad912cd3772\",\"platform\":\"pcweb\",\"userNo\":\"21060212272507456918048065577890\"}', '/pcweb/exam/paper/findDetailByChapterList', '127.0.0.1', '21060212272507456918048065577890', '1'), ('fc75b80a-4233-44bc-99c0-52fb10144ff5', '2021-08-16 17:02:23', null, '1', '0', 'POST', '{\"platform\":\"pcweb\",\"userNo\":\"21060212272507456918048065577890\"}', '/pcweb/course/ccp/audit/auditlist', '127.0.0.1', '21060212272507456918048065577890', '1'), ('fec6608b-c696-407e-a408-033aa9efde97', '2021-08-16 16:30:01', null, '1', '0', 'POST', '{\"ccpId\":\"a735dadcb6a243999b865678d4ac215a\",\"platform\":\"mobile\",\"questionId\":\"0a64ae8748ae4ae394154912167de8cb\",\"userNo\":\"21060212272507456918048065577890\"}', '/mobileApi/exam/queryNoteContentByQuestionId', '192.168.1.102', '21060212272507456918048065577890', '0'), ('ff182039-68b8-4bba-8d3f-61c83f5e3947', '2021-08-16 17:46:20', null, '1', '0', 'POST', '{\"dot\":\"20\",\"platform\":\"mobile\",\"userNo\":\"21060212272507456918048065577890\"}', '/mobileApi/market/dot/checkDotToPoint', '192.168.1.102', '21060212272507456918048065577890', '0'), ('ff3213eb-1c46-42d3-a9e5-dbd433d2f021', '2021-08-16 17:21:01', null, '1', '0', 'POST', '{\"platform\":\"pcweb\",\"userNo\":\"21060212272507456918048065577890\"}', '/pcweb/course/ccp/audit/auditlist', '127.0.0.1', '21060212272507456918048065577890', '1'), ('fff5cad0-0814-483d-a1c2-fa2a0abb37eb', '2021-08-18 11:55:40', null, '1', '0', 'POST', '{\"pageCurrent\":1,\"pageSize\":20,\"platform\":\"mobile\",\"userNo\":\"21060212272507456918048065577890\"}', '/mobileApi/exam/management/queryExamManagementsByStudentUserNo', '192.168.1.102', '21060212272507456918048065577890', '0');
COMMIT;

-- ----------------------------
--  Table structure for `order_main`
-- ----------------------------
DROP TABLE IF EXISTS `order_main`;
CREATE TABLE `order_main` (
  `id` varchar(36) NOT NULL COMMENT '主键',
  `create_time` datetime NOT NULL DEFAULT CURRENT_TIMESTAMP COMMENT '创建时间',
  `modified_time` datetime NOT NULL DEFAULT CURRENT_TIMESTAMP COMMENT '修改时间',
  `valid_value` tinyint(3) unsigned NOT NULL DEFAULT '1' COMMENT '状态(1:正常，0:禁用)',
  `sort` int(11) unsigned NOT NULL DEFAULT '1' COMMENT '排序',
  `order_user_no` varchar(36) NOT NULL COMMENT '用户编号',
  `order_no` varchar(36) DEFAULT NULL COMMENT '订单号',
  `course_id` varchar(36) NOT NULL COMMENT '课程ID',
  `payable_amount` decimal(11,2) DEFAULT NULL COMMENT '应付金额',
  `discount_amount` decimal(11,2) DEFAULT NULL COMMENT '折扣金额',
  `payable_actual_amount` decimal(11,2) DEFAULT NULL COMMENT '折扣后应付金额(包括学习卡、优惠券的金额)',
  `pay_amount` decimal(11,2) DEFAULT NULL COMMENT '实付金额(不包括学习卡、优惠券的金额)',
  `pay_status` int(11) DEFAULT '0' COMMENT '支付状态，0未支付，1已支付，2已作废,3已取消',
  `pay_time` datetime DEFAULT NULL COMMENT '支付时间',
  `last_date_for_payment` datetime DEFAULT NULL COMMENT '订单支付最后期限',
  `qr_code` varchar(500) DEFAULT NULL COMMENT 'PC支付的二维码qrCode',
  `system_remark` varchar(200) DEFAULT NULL COMMENT '系统备注',
  `remark` varchar(200) DEFAULT NULL COMMENT '备注',
  `alipay_html_form` text COMMENT '支付宝移动端返回的跳转html表单内容',
  PRIMARY KEY (`id`),
  UNIQUE KEY `订单号唯一` (`order_no`)
) ENGINE=InnoDB DEFAULT CHARSET=utf8 ROW_FORMAT=DYNAMIC COMMENT='订单';

-- ----------------------------
--  Records of `order_main`
-- ----------------------------
BEGIN;
INSERT INTO `order_main` VALUES ('21a3eaaae70a4ddebefde97942ab52bf', '2021-08-09 19:45:38', '2021-08-09 19:45:38', '1', '0', '21060212272507456918048065577890', '20210809194500038203025', '039f99e1e4c64af69bfcc9318bb82939', '0.00', '0.00', '0.00', '0.00', '1', '2021-08-09 06:45:39', '2021-08-09 08:45:39', '', null, null, ''), ('52ff1f8ecbff48d6bd24f86bd8cedf2a', '2021-08-09 19:44:15', '2021-08-09 19:45:05', '1', '0', '21060212272507456918048065577890', '20210809194400014949464', '1538cd6557b547e985879c1749c50a82', '0.10', '0.10', '0.10', '0.10', '1', '2021-08-09 06:45:05', '2021-08-09 08:44:15', 'https://qr.alipay.com/bax08239puo9bvdxmtln305b', null, null, '<form name=\"punchout_form\" method=\"post\" action=\"https://openapi.alipay.com/gateway.do?charset=UTF-8&method=alipay.trade.wap.pay&sign=XIwgOeYLOkP2TWmpg2x0yUf%2BEZqgiM%2FZNx2dCmerRLk1tCJEGn5hCN0fop3%2FPqQNQ0zDSN%2BRP%2FM4CHVUraqEzUaeyST3hvZXohMifSUA8IgciJdHnRY%2B09ILuntz4MRjtV05rlhusMmzdvhFubrPyZTYF6MWwDSjA%2BRKvb0joW5PVwLm%2FWWq%2BvBNsauDmN9xeznUgzrV6OY6HAEHPezU%2BB%2B12ZGnysGgOmKLtKn68Dsr7vg0WcsMUXppd5%2Bn2qhPs5lvqMcka22%2FF9PMcB9psTAtvo8q15ICAYUUsMpCsiOzZ6Td60Q2Xgcd8mCKgZXTNjsshhoDAQ7S42NEjiLt%2Fg%3D%3D&return_url=http%3A%2F%2F192.168.1.102%3A30002%2Fwxmobile%2F%23%2Forder%2Forder&version=1.0&app_id=2021001184681274&sign_type=RSA2&timestamp=2021-08-09+19%3A44%3A15&alipay_sdk=alipay-sdk-java-3.3.49.ALL&format=json\">\n<input type=\"hidden\" name=\"biz_content\" value=\"{&quot;body&quot;:&quot;购买了课程[测试课程]，支付[0.1]&quot;,&quot;out_trade_no&quot;:&quot;20210809194400014949464&quot;,&quot;product_code&quot;:&quot;QUICK_WAP_WAY&quot;,&quot;subject&quot;:&quot;旺鑫消费&quot;,&quot;timeout_express&quot;:&quot;2m&quot;,&quot;total_amount&quot;:&quot;0.1&quot;}\">\n<input type=\"submit\" value=\"立即支付\" style=\"display:none\" >\n</form>\n<script>document.forms[0].submit();</script>'), ('f81b51b4ca1d4cb1ae50ae0655541964', '2021-08-09 19:47:26', '2021-08-09 19:47:26', '1', '0', '21060212272507456918048065577890', '20210809194700026037112', '507d6f34d9b544e3a0bbbad912cd3772', '0.00', '0.00', '0.00', '0.00', '1', '2021-08-09 06:47:27', '2021-08-09 08:47:27', '', null, null, '');
COMMIT;

-- ----------------------------
--  Table structure for `pay_amount_record`
-- ----------------------------
DROP TABLE IF EXISTS `pay_amount_record`;
CREATE TABLE `pay_amount_record` (
  `id` varchar(36) NOT NULL COMMENT '主键',
  `create_time` datetime NOT NULL DEFAULT CURRENT_TIMESTAMP COMMENT '创建时间',
  `modified_time` datetime NOT NULL DEFAULT CURRENT_TIMESTAMP COMMENT '修改时间',
  `valid_value` tinyint(3) unsigned NOT NULL DEFAULT '1' COMMENT '状态(1:正常，0:禁用)',
  `sort` int(11) unsigned NOT NULL DEFAULT '1' COMMENT '排序',
  `order_id` varchar(36) NOT NULL COMMENT '订单ID',
  `pay_type` int(11) NOT NULL COMMENT '支付方式，1支付宝，2微信支付，3学习卡，4优惠券',
  `pay_amount` decimal(11,2) NOT NULL DEFAULT '0.00' COMMENT '支付金额',
  `pay_type_relate_id` varchar(36) DEFAULT NULL COMMENT '付款类型相关的ID，如学习卡就是学习卡的ID、优惠券就是优惠券的ID',
  PRIMARY KEY (`id`)
) ENGINE=InnoDB DEFAULT CHARSET=utf8 ROW_FORMAT=DYNAMIC COMMENT='支付记录';

-- ----------------------------
--  Records of `pay_amount_record`
-- ----------------------------
BEGIN;
INSERT INTO `pay_amount_record` VALUES ('392727da-2fbb-4b82-a94b-4f48e87e7dce', '2021-08-09 19:44:14', '2021-08-09 19:44:14', '1', '0', '52ff1f8ecbff48d6bd24f86bd8cedf2a', '1', '0.10', null);
COMMIT;

-- ----------------------------
--  Table structure for `point`
-- ----------------------------
DROP TABLE IF EXISTS `point`;
CREATE TABLE `point` (
  `id` varchar(36) NOT NULL COMMENT '主键',
  `create_time` datetime NOT NULL DEFAULT CURRENT_TIMESTAMP COMMENT '创建时间',
  `modified_time` datetime NOT NULL DEFAULT CURRENT_TIMESTAMP COMMENT '修改时间',
  `valid_value` tinyint(3) unsigned NOT NULL DEFAULT '1' COMMENT '状态(1:正常，0:禁用)',
  `sort` int(11) unsigned NOT NULL DEFAULT '1' COMMENT '排序',
  `total_point` int(11) NOT NULL COMMENT '积分',
  `bind_user_no` varchar(36) NOT NULL COMMENT '绑定用户',
  PRIMARY KEY (`id`)
) ENGINE=InnoDB DEFAULT CHARSET=utf8 ROW_FORMAT=DYNAMIC COMMENT='积分';

-- ----------------------------
--  Records of `point`
-- ----------------------------
BEGIN;
INSERT INTO `point` VALUES ('06abe2a2-7cae-4e01-ae46-4e6158e3cd29', '2021-02-16 15:58:06', '2021-02-16 15:58:06', '1', '0', '0', '21021615580610283631142256884431'), ('085e0f93-3346-48ce-9f09-8e5ebb9c612d', '2021-02-14 13:03:56', '2021-02-14 13:03:56', '1', '0', '0', '21021413035657496822054815940026'), ('1a67d73c-f6c8-491c-8bfd-145df2e4d0b8', '2021-02-16 15:58:06', '2021-02-16 15:58:06', '1', '0', '0', '21021615580611321877372972219440'), ('1b33a619-d0a8-42f2-8af7-79388288ea86', '2021-02-16 15:58:06', '2021-02-16 15:58:06', '1', '0', '0', '21021615580610046275332113487860'), ('2002f96f-2847-4ecf-a2c6-016a9c600dda', '2021-02-16 15:58:06', '2021-02-16 15:58:06', '1', '0', '0', '21021615580604882976832056683317'), ('21a77087-f887-48c5-ae7d-ad0b6fb80658', '2021-02-16 15:58:06', '2021-02-16 15:58:06', '1', '0', '0', '21021615580609625731840188730163'), ('26a532a8-3a3b-47eb-a869-83c3295c5e05', '2021-06-02 12:27:25', '2021-08-17 11:38:16', '1', '0', '26', '21060212272507456918048065577890'), ('27e6d3b4-1303-4954-9cad-80cc797e37d1', '2021-06-02 12:02:11', '2021-06-02 12:02:11', '1', '0', '0', '21060212021130796170590587471005'), ('2bce6c42-8dc2-426b-8770-2da8316b3f70', '2021-03-01 16:24:05', '2021-03-01 16:24:05', '1', '0', '0', '21030116240542536664161023844667'), ('2dfa461f-14bd-4215-ac0c-912384d88b5c', '2021-02-16 15:58:06', '2021-02-16 15:58:06', '1', '0', '0', '21021615580612340114227701182080'), ('2ed474ee-c53e-4e2b-91bc-9cbe28e101e0', '2021-02-16 15:58:06', '2021-02-16 15:58:06', '1', '0', '0', '21021615580607777057125981229238'), ('406d6a37-f479-40f9-a6cd-394f27f2c207', '2021-02-16 15:58:06', '2021-02-16 15:58:06', '1', '0', '0', '21021615580611691533811448580386'), ('4227740e-2217-40cd-9586-fbb3118b8432', '2021-02-16 15:58:06', '2021-02-16 15:58:06', '1', '0', '0', '21021615580609846396842166118724'), ('49ae23b3-2e02-469c-9556-c5d440bbed99', '2021-03-01 15:09:40', '2021-03-01 15:09:40', '1', '0', '0', '21030115094015658368559394751065'), ('4d3f4d42-9f3d-4fce-940e-021e3bb5923a', '2021-06-01 14:55:35', '2021-06-01 14:55:35', '1', '0', '0', '21060114553540338915839527239786'), ('4e724ed2-8fb7-4e8b-abba-f551a3e44ff4', '2021-02-16 15:58:06', '2021-02-16 15:58:06', '1', '0', '0', '21021615580611966102027138175321'), ('58278409-fa12-4fa5-95c4-08876d95bd57', '2021-02-16 15:58:06', '2021-02-16 15:58:06', '1', '0', '0', '21021615580609169114207096425571'), ('60bbc40f-7a85-41f8-aede-abd46677fa06', '2021-03-01 14:21:25', '2021-03-01 14:21:25', '1', '0', '0', '21030114212528621808833741830086'), ('6250c1c7-8904-4048-bc57-438377230d96', '2021-02-16 15:58:06', '2021-02-16 15:58:06', '1', '0', '0', '21021615580611165051122887412741'), ('66a04372-f1ef-4f4f-8615-c8f01743f751', '2021-02-16 15:58:06', '2021-02-16 15:58:06', '1', '0', '0', '21021615580606554019967213761617'), ('68c83a6a-5972-458a-9605-d1f0f3468c22', '2021-02-16 15:58:06', '2021-02-16 15:58:06', '1', '0', '0', '21021615580608977816682130507527'), ('6a0bfbd1-d48b-4230-b899-7e89b48bbd4e', '2021-02-16 15:58:06', '2021-02-16 15:58:06', '1', '0', '0', '21021615580605676162554073800947'), ('7bb42d01-14da-430c-a058-0fad4648ded4', '2021-02-16 15:58:06', '2021-02-16 15:58:06', '1', '0', '0', '21021615580609448204433526722815'), ('80df0ce3-f1fd-40ab-b797-d583f74eb6e7', '2021-06-01 15:07:33', '2021-06-01 15:07:33', '1', '0', '0', '21060115073397860541541482500672'), ('84ca10a5-0d88-46d1-9546-b634f5f12ebd', '2021-01-06 20:16:18', '2021-01-06 20:16:18', '1', '0', '0', '21010620161855121855047947146308'), ('856236da-a142-486d-a969-9561e0c37d9c', '2021-02-16 15:58:06', '2021-02-16 15:58:06', '1', '0', '0', '21021615580605887047593924495148'), ('8638d204-00a7-4ef2-98ae-8181cc8d2e56', '2021-02-16 15:52:06', '2021-02-16 15:52:06', '1', '0', '0', '21021615520669973122825754353427'), ('877440b6-2379-4f4b-a624-1db39bf17db2', '2021-02-16 15:58:06', '2021-02-16 15:58:06', '1', '0', '0', '21021615580611455307127120225395'), ('8aa359fa-3a2a-4149-9092-4b7ab3106c17', '2021-02-16 15:58:06', '2021-02-16 15:58:06', '1', '0', '0', '21021615580604661852042770712708'), ('934c2564-cf33-4822-98e0-cd27fb8bde7f', '2021-02-16 15:58:06', '2021-02-16 15:58:06', '1', '0', '0', '21021615580612107601803799540168'), ('98abc2e6-4735-49a7-aab9-2cd8e301f199', '2020-10-15 20:58:11', '2021-03-30 13:37:35', '1', '0', '68', '2018112015051635'), ('a0018a4f-7048-4c48-9ca5-3fdc67ee4977', '2021-02-16 15:58:06', '2021-02-16 15:58:06', '1', '0', '0', '21021615580605150377266328025265'), ('a0d4f40d-64c2-4743-9144-c3d85e8f57ac', '2020-11-04 16:19:50', '2020-11-04 16:19:50', '1', '0', '0', '2020031014031940'), ('a28caafe-67b9-4e40-864b-f0a73054ee0d', '2021-02-16 15:58:06', '2021-02-16 15:58:06', '1', '0', '0', '21021615580611771345035510437098'), ('a3f68c69-0736-4654-b357-88831bf69f53', '2021-02-16 15:58:06', '2021-02-16 15:58:06', '1', '0', '0', '21021615580607459650553264807404'), ('a6a25b46-d034-4281-904a-7f146857db8a', '2021-06-01 14:52:48', '2021-06-01 14:52:48', '1', '0', '0', '21060114524870277233411930715460'), ('af148352-1a5e-40fb-ba55-fe12ed43e3df', '2021-03-01 16:24:55', '2021-03-01 16:24:55', '1', '0', '0', '21030116245566239342444732520414'), ('b54b8ca0-09ba-4486-8eed-1297462b9da7', '2021-02-16 15:58:06', '2021-02-16 15:58:06', '1', '0', '0', '21021615580607241730872072168221'), ('b8503cfa-04b9-437f-8d02-7f13f4d1c507', '2021-01-06 20:16:18', '2021-01-06 20:16:18', '1', '0', '0', '21010620161860200173049377103699'), ('bdd908b9-bf2f-48d3-8091-dfd6ba4c73f0', '2021-02-16 15:58:06', '2021-02-16 15:58:06', '1', '0', '0', '21021615580610714303825155406318'), ('bee2d3c5-452d-4023-bef0-12d751c8ff05', '2021-02-16 15:58:06', '2021-02-16 15:58:06', '1', '0', '0', '21021615580608625468308793512735'), ('bfb64188-d2f9-4240-9462-17583074730d', '2021-02-16 15:58:06', '2021-02-16 15:58:06', '1', '0', '0', '21021615580608024434172478139225'), ('c17db955-f206-4fb4-b9e7-c0a315606aa7', '2021-02-16 15:58:06', '2021-02-16 15:58:06', '1', '0', '0', '21021615580604027665208314805187'), ('c8b2e215-bbbb-41b7-be92-99a812638c5c', '2021-01-06 20:17:23', '2021-01-06 20:17:23', '1', '0', '0', '21010620172357866103149158622331'), ('c8d43066-5d32-4223-8f80-4332e625c5e3', '2021-02-16 15:58:06', '2021-02-16 15:58:06', '1', '0', '0', '21021615580607036644282502503096'), ('cc7d1b7b-04fa-4ad5-9d22-5c2662b1c17e', '2021-02-16 15:58:06', '2021-02-16 15:58:06', '1', '0', '0', '21021615580610973461732890090270'), ('cdb4b0dd-6165-4d64-ac71-c0b79c6aecfe', '2021-02-16 15:58:06', '2021-02-16 15:58:06', '1', '0', '0', '21021615580604312125349573293567'), ('d1ae74e1-9293-42a3-9140-1ee86ebd6823', '2021-06-01 14:55:50', '2021-06-01 14:55:50', '1', '0', '0', '21060114555079990365792802161409'), ('d48e3390-3fa1-48a3-8825-aeb5d37edadb', '2021-01-21 20:50:48', '2021-01-21 20:50:48', '1', '0', '0', '21012120504841247734538848642494'), ('e888edf7-f23e-44b8-a162-89e823b1d756', '2021-02-16 15:58:06', '2021-02-16 15:58:06', '1', '0', '0', '21021615580610535888178474916611'), ('e88ee789-4ef9-4867-8cf5-3ecba2ebf5a2', '2021-01-21 20:31:32', '2021-01-21 20:31:32', '1', '0', '0', '21012120313250591930860425684523'), ('ed139ab1-a46f-4186-9843-102f325a9593', '2021-02-14 13:03:56', '2021-02-14 13:03:56', '1', '0', '0', '21021413035653004492117885964802'), ('f1a7c3e1-6d11-437a-a9cb-4d4587f79f94', '2021-02-16 15:58:06', '2021-02-16 15:58:06', '1', '0', '0', '21021615580606334444009642497236'), ('f38d3d67-d27e-4572-9b22-07b8a03d92c4', '2021-03-01 15:12:03', '2021-03-01 15:12:03', '1', '0', '0', '21030115120353228610125714038829'), ('f5c746f7-300d-41c2-8069-c050d711e635', '2021-02-16 15:58:06', '2021-02-16 15:58:06', '1', '0', '0', '21021615580606877776236072970522');
COMMIT;

-- ----------------------------
--  Table structure for `point_operate_record`
-- ----------------------------
DROP TABLE IF EXISTS `point_operate_record`;
CREATE TABLE `point_operate_record` (
  `id` varchar(36) NOT NULL COMMENT '主键',
  `create_time` datetime NOT NULL DEFAULT CURRENT_TIMESTAMP COMMENT '创建时间',
  `modified_time` datetime NOT NULL DEFAULT CURRENT_TIMESTAMP COMMENT '修改时间',
  `valid_value` tinyint(3) unsigned NOT NULL DEFAULT '1' COMMENT '状态(1:正常，0:禁用)',
  `sort` int(11) unsigned NOT NULL DEFAULT '1' COMMENT '排序',
  `user_no_of_point` varchar(36) NOT NULL COMMENT '积分所属用户的用户编号',
  `operate_type` int(3) NOT NULL COMMENT '操作类型，0增加，1减少',
  `point` int(11) DEFAULT NULL COMMENT '积分',
  `total_point` int(11) DEFAULT '0' COMMENT '总积分',
  PRIMARY KEY (`id`)
) ENGINE=InnoDB DEFAULT CHARSET=utf8 ROW_FORMAT=DYNAMIC COMMENT='积分操作记录';

-- ----------------------------
--  Records of `point_operate_record`
-- ----------------------------
BEGIN;
INSERT INTO `point_operate_record` VALUES ('08862349-c456-4e5b-95f7-a4696decf67a', '2021-08-16 17:46:29', '2021-08-16 17:46:29', '1', '0', '21060212272507456918048065577890', '0', '2', '24'), ('eb6b232b-fd8b-4205-9ab5-840b16d16c07', '2021-08-16 16:52:58', '2021-08-16 16:52:58', '1', '0', '21060212272507456918048065577890', '0', '20', '20'), ('f3726d8d-b1b1-41e2-8eba-ef9db52cc718', '2021-08-17 11:38:16', '2021-08-17 11:38:16', '1', '0', '21060212272507456918048065577890', '0', '2', '26'), ('feeccd78-52d3-4159-ba6e-6903db474372', '2021-08-16 16:53:53', '2021-08-16 16:53:53', '1', '0', '21060212272507456918048065577890', '0', '2', '22');
COMMIT;

-- ----------------------------
--  Table structure for `send_sms_log`
-- ----------------------------
DROP TABLE IF EXISTS `send_sms_log`;
CREATE TABLE `send_sms_log` (
  `id` varchar(36) NOT NULL COMMENT '主键',
  `create_time` datetime NOT NULL DEFAULT CURRENT_TIMESTAMP COMMENT '创建时间',
  `template` varchar(36) NOT NULL COMMENT '短信模板',
  `mobile` char(11) NOT NULL COMMENT '手机号码',
  `sms_code` varchar(12) NOT NULL COMMENT '验证码',
  `is_success` tinyint(3) NOT NULL DEFAULT '0' COMMENT '是否发送成功(1发送成功，0:发送失败)',
  PRIMARY KEY (`id`)
) ENGINE=InnoDB DEFAULT CHARSET=utf8 COMMENT='用户发送短信日志';

-- ----------------------------
--  Records of `send_sms_log`
-- ----------------------------
BEGIN;
INSERT INTO `send_sms_log` VALUES ('04364a87bab64a8e9047085caaa91953', '2021-02-28 23:07:00', 'SMS_174811751', '13760607475', '892977', '1'), ('0f68fd962d914587bd43a3887fc42e3e', '2020-10-11 22:47:15', 'SMS_174811751', '13760607475', '836997', '0'), ('1202423763555680258', '2019-12-05 11:05:39', 'SMS_174811751', '15322081620', '340391', '0'), ('1202425937937330178', '2019-12-05 11:14:18', 'SMS_174811751', '15322081620', '619912', '0'), ('1202426155747536898', '2019-12-05 11:15:10', 'SMS_174811751', '15322081620', '996963', '1'), ('1202499655741009922', '2019-12-05 16:07:13', 'SMS_174811751', '15322081620', '265558', '1'), ('1202772558919258113', '2019-12-06 10:11:39', 'SMS_174811751', '15322081620', '351559', '1'), ('1237257594268041217', '2020-03-10 14:02:52', 'SMS_174811751', '13760607475', '627244', '1'), ('183723cbfef14a52ba6555b9203dcf84', '2021-03-01 13:55:55', 'SMS_174811751', '13760607475', '491347', '1'), ('1d9dcbcd65224e189ce1f7395a7563f9', '2021-03-02 12:11:30', 'SMS_174811751', '13760607475', '967747', '1'), ('305d4b7682db41bca2658ca9e17f3788', '2021-02-19 14:38:16', 'SMS_174811751', '13760607475', '783068', '1'), ('30d3877d8c1647bea823d61840e560ac', '2020-10-10 19:29:43', 'SMS_174811751', '13760607475', '011993', '1'), ('328d68588c5e430b8efaf59357ad8204', '2020-10-11 22:21:53', 'SMS_174811751', '13760607475', '702523', '0'), ('3904a51b87d7402b82fb57ae37cf9d09', '2020-10-11 22:27:02', 'SMS_174811751', '13760607475', '121481', '0'), ('3e847edd43564d16813845636f6cb866', '2021-02-28 23:05:51', 'SMS_174811751', '13760607475', '103076', '1'), ('3eb5b76dd23a4f4493a9ad1e3d409e9f', '2020-09-03 17:45:03', 'SMS_174811751', '13760607475', '543102', '1'), ('3eb84426f9384028ba49a2d7a20e0a92', '2020-10-11 11:50:11', 'SMS_174811751', '13760607475', '820215', '1'), ('45870cf288584f199452ae4c87f37747', '2021-02-19 14:55:03', 'SMS_174811751', '13760607475', '479990', '1'), ('5094958d38bc48ceba035baeb912cfa3', '2020-10-11 22:22:29', 'SMS_174811751', '13760607475', '047587', '0'), ('53725f9fdc204ce786c9ea33f67f81bd', '2021-02-19 15:05:44', 'SMS_174811751', '13760607475', '469247', '1'), ('591a37eaeb604dc4bc544df2f032ea74', '2020-10-11 11:48:30', 'SMS_174811751', '13760607475', '297882', '1'), ('5b1dd09f8a5549148223db60f198818c', '2020-10-11 22:22:28', 'SMS_174811751', '13760607475', '939442', '0'), ('5ba0ea2c4fb2497ea73b05db10aad4f7', '2020-10-11 12:14:28', 'SMS_174811751', '13760607475', '438493', '1'), ('5bb46592eb164ba7bc5d62b8930e1d1e', '2020-10-11 22:34:45', 'SMS_174811751', '13760607475', '602435', '0'), ('64921fda40294f4babfff5a7ad998b0c', '2020-10-10 23:09:06', 'SMS_174811751', '13760607475', '658044', '1'), ('6ca6e8dae48a40d0b2d6a00eabeea72c', '2020-10-11 22:25:10', 'SMS_174811751', '13760607475', '249862', '0'), ('7beb1b0c7ff1470b8d9e1ddafe226538', '2020-10-11 22:45:18', 'SMS_174811751', '13760607475', '113966', '0'), ('7c7f968f385e4f26a561fdb19cec71f1', '2021-03-01 12:06:54', 'SMS_174811751', '16599999999', '588293', '1'), ('860ff4e59bd94dcb9ddb63d4cb34e354', '2020-10-11 22:20:59', 'SMS_174811751', '13800138001', '796184', '1'), ('93c2fcd418c047e68fadabea6e6667f8', '2020-10-11 22:22:27', 'SMS_174811751', '13760607475', '983264', '0'), ('9651c33e6a07424db7e83975b41c41db', '2021-02-28 23:08:40', 'SMS_174811751', '13760607475', '170056', '1'), ('99064b2b9df14ec580dc291dc2705078', '2021-03-01 12:02:43', 'SMS_174811751', '13760607475', '188894', '1'), ('9a3fa767ac7f47f6b6aa37db1fca5d10', '2020-10-11 22:25:11', 'SMS_174811751', '13760607475', '938534', '0'), ('9ca926a29b614401844ae692fadae213', '2020-10-11 10:52:09', 'SMS_174811751', '13760607475', '190465', '1'), ('9e09b6149d7d4d16b8ab1cf07c72d56d', '2020-10-11 22:22:28', 'SMS_174811751', '13760607475', '035333', '0'), ('a189148e8a374ac49a92fc14e67a0567', '2020-10-11 12:10:50', 'SMS_174811751', '13760607475', '689172', '1'), ('a88077afd1a946b9a8f7ce78b8263c06', '2020-10-10 23:06:50', 'SMS_174811751', '13760607475', '974611', '1'), ('b41045ac84dc4c3e943209efbc72a08a', '2020-10-11 12:09:03', 'SMS_174811751', '13760607475', '588181', '1'), ('b75b71b07cc64750a45d3e7b4977c872', '2020-11-04 16:18:51', 'SMS_174811751', '13760607475', '477592', '1'), ('b85e667bda2f4128a566015d6e6085d1', '2020-10-11 10:45:49', 'SMS_174811751', '13760607475', '059929', '1'), ('c04d56447b024dc39658101a17902021', '2020-10-11 22:28:29', 'SMS_174811751', '13760607475', '853119', '0'), ('cb1c2053bbc94a96aa4f4e745d6bf2b2', '2020-10-11 10:57:27', 'SMS_174811751', '13760607475', '555763', '1'), ('cc3bf7562ce541da9f95ad69a6b9a553', '2021-02-19 15:07:49', 'SMS_174811751', '13760607475', '815451', '1'), ('dd4fa5c52ca34e77a9b62e85c54ad78f', '2021-03-02 12:09:50', 'SMS_174811751', '13760607475', '185903', '1'), ('df3c9212b09c4b32a04b7da8f702e925', '2020-10-11 10:42:50', 'SMS_174811751', '13760607475', '318444', '1'), ('df6636e151ef42c0955b516c09a904b4', '2021-02-19 15:22:59', 'SMS_174811751', '13760607475', '342624', '1'), ('f448befcdb184eaa9f84595a4d739c64', '2021-03-01 13:54:38', 'SMS_174811751', '13760607474', '329826', '1'), ('f766c98e81e4473487470be061082312', '2021-03-02 12:13:54', 'SMS_174811751', '13760607475', '249231', '1'), ('f80a6eee530042268422b94c9ca3154f', '2020-10-11 10:50:44', 'SMS_174811751', '13760607475', '337676', '1'), ('fa021d331c224ed684bc48677f0a0e5a', '2020-10-11 22:21:56', 'SMS_174811751', '13760607475', '499540', '0'), ('fbf6c37a502a48b4ba13aa3a732ec4d3', '2020-10-10 12:16:38', 'SMS_174811751', '13760607475', '137835', '1'), ('fd20aaa0988b4228a24f796bb4d6ee2b', '2021-02-19 14:43:37', 'SMS_174811751', '13760607475', '682981', '1');
COMMIT;

-- ----------------------------
--  Table structure for `student`
-- ----------------------------
DROP TABLE IF EXISTS `student`;
CREATE TABLE `student` (
  `id` varchar(36) NOT NULL COMMENT '主键',
  `create_time` datetime NOT NULL DEFAULT CURRENT_TIMESTAMP COMMENT '创建时间',
  `modified_time` datetime NOT NULL DEFAULT CURRENT_TIMESTAMP COMMENT '修改时间',
  `valid_value` tinyint(3) unsigned NOT NULL DEFAULT '1' COMMENT '状态(1:正常，0:禁用)',
  `user_no` varchar(36) NOT NULL COMMENT '用户编号',
  `user_type` tinyint(3) NOT NULL DEFAULT '1' COMMENT '用户类型(1用户，2讲师)',
  `mobile` varchar(11) NOT NULL DEFAULT '' COMMENT '用户手机',
  `sex` tinyint(3) unsigned DEFAULT '3' COMMENT '性别(1男，2女，3保密)',
  `age` int(11) DEFAULT NULL COMMENT '年龄',
  `nickname` varchar(50) DEFAULT NULL COMMENT '昵称',
  `head_img_url` varchar(255) DEFAULT NULL COMMENT '头像地址',
  `remark` varchar(255) DEFAULT NULL COMMENT '备注',
  `real_name` varchar(50) DEFAULT NULL COMMENT '真实姓名',
  `identity_card_no` varchar(50) DEFAULT NULL COMMENT '身份证号码',
  PRIMARY KEY (`id`),
  UNIQUE KEY `uk_mobile` (`mobile`),
  UNIQUE KEY `uk_user_no` (`user_no`)
) ENGINE=InnoDB DEFAULT CHARSET=utf8 ROW_FORMAT=DYNAMIC COMMENT='用户教育信息';

-- ----------------------------
--  Records of `student`
-- ----------------------------
BEGIN;
INSERT INTO `student` VALUES ('1a6526859d8140368435bc0503b65927', '2021-06-01 15:07:33', '2021-06-01 15:07:33', '1', '21060115073397860541541482500672', '1', '13800138001', '3', null, '3333', null, null, '13800138001', '323323232'), ('328a55360c0844edbdf5e147972abbdd', '2021-06-02 12:02:11', '2021-06-02 12:02:11', '1', '21060212021130796170590587471005', '1', '18800000000', '3', null, null, null, null, '18800000000', null), ('a7af5fca4ea4420d87f9cdcbf5541106', '2021-06-02 12:27:25', '2021-06-02 12:27:25', '1', '21060212272507456918048065577890', '2', '13800138000', '3', null, '老师', null, null, '13800138000', null);
COMMIT;

-- ----------------------------
--  Table structure for `student_group`
-- ----------------------------
DROP TABLE IF EXISTS `student_group`;
CREATE TABLE `student_group` (
  `id` varchar(36) NOT NULL COMMENT '主键',
  `create_time` datetime NOT NULL DEFAULT CURRENT_TIMESTAMP COMMENT '创建时间',
  `modified_time` datetime NOT NULL DEFAULT CURRENT_TIMESTAMP COMMENT '修改时间',
  `valid_value` tinyint(3) unsigned NOT NULL DEFAULT '1' COMMENT '状态(1:正常，0:禁用)',
  `group_name` varchar(20) NOT NULL COMMENT '用户组名称',
  `remark` varchar(255) DEFAULT NULL COMMENT '备注',
  `sort` int(11) DEFAULT NULL,
  PRIMARY KEY (`id`),
  UNIQUE KEY `group_name_unique` (`group_name`)
) ENGINE=InnoDB DEFAULT CHARSET=utf8 ROW_FORMAT=DYNAMIC COMMENT='用户分组';

-- ----------------------------
--  Table structure for `student_student_group_relate`
-- ----------------------------
DROP TABLE IF EXISTS `student_student_group_relate`;
CREATE TABLE `student_student_group_relate` (
  `id` varchar(36) NOT NULL COMMENT '主键',
  `create_time` datetime NOT NULL DEFAULT CURRENT_TIMESTAMP COMMENT '创建时间',
  `modified_time` datetime NOT NULL DEFAULT CURRENT_TIMESTAMP COMMENT '修改时间',
  `valid_value` tinyint(3) unsigned NOT NULL DEFAULT '1' COMMENT '状态(1:正常，0:禁用)',
  `user_no_for_group` varchar(36) NOT NULL COMMENT '用户编号',
  `student_group_id` varchar(36) NOT NULL DEFAULT '1' COMMENT '用户组表(user_group)ID',
  `sort` int(11) DEFAULT NULL,
  PRIMARY KEY (`id`),
  UNIQUE KEY `user_no_user_group_id_unique` (`user_no_for_group`,`student_group_id`) USING BTREE
) ENGINE=InnoDB DEFAULT CHARSET=utf8 ROW_FORMAT=DYNAMIC COMMENT='学员与分组关系';

-- ----------------------------
--  Table structure for `study_card`
-- ----------------------------
DROP TABLE IF EXISTS `study_card`;
CREATE TABLE `study_card` (
  `id` varchar(36) NOT NULL COMMENT '主键',
  `create_time` datetime NOT NULL DEFAULT CURRENT_TIMESTAMP COMMENT '创建时间',
  `modified_time` datetime NOT NULL DEFAULT CURRENT_TIMESTAMP COMMENT '修改时间',
  `valid_value` tinyint(3) unsigned NOT NULL DEFAULT '1' COMMENT '状态(1:正常，0:禁用)',
  `sort` int(11) unsigned NOT NULL DEFAULT '1' COMMENT '排序',
  `card_title` varchar(100) DEFAULT NULL COMMENT '学习卡主题',
  `card_no` varchar(36) NOT NULL COMMENT '卡号',
  `card_psw` varchar(36) DEFAULT NULL COMMENT '卡密',
  `is_limit_course` int(1) DEFAULT '0' COMMENT '使用课程限制，0不限制，1限制课程',
  `card_status` int(11) DEFAULT '0' COMMENT '卡消费状态，0未做任何操作，1已经绑定用户，2已经消费使用',
  `study_card_time_begin` datetime DEFAULT NULL COMMENT '有效期开始',
  `study_card_time_end` datetime DEFAULT NULL COMMENT '有效期结束',
  `bind_user_no` varchar(36) DEFAULT NULL COMMENT '绑定用户编号',
  `total_face_value_amount` decimal(11,2) DEFAULT '0.00' COMMENT '面值金额',
  `used_face_value_amount` decimal(11,2) DEFAULT '0.00' COMMENT '已经使用面额',
  `frozen_face_value_amount` decimal(11,2) DEFAULT '0.00' COMMENT '被冻结的面额(例如下了订单尚未支付)',
  `bind_user_time` datetime DEFAULT NULL COMMENT '用户绑定的时间',
  `days_from_bind_user_time` int(11) DEFAULT '0' COMMENT '从绑定用户的时间(bind_user_time)开始算(days_from_bind_user_time)',
  `value_point` int(11) DEFAULT '0' COMMENT '需抵扣积分额',
  `card_desc` varchar(200) DEFAULT NULL COMMENT '学习卡描述',
  PRIMARY KEY (`id`)
) ENGINE=InnoDB DEFAULT CHARSET=utf8 ROW_FORMAT=DYNAMIC COMMENT='学习卡';

-- ----------------------------
--  Records of `study_card`
-- ----------------------------
BEGIN;
INSERT INTO `study_card` VALUES ('056c1bb27fb84f84af8e4f6c104aac9d', '2020-10-19 22:24:04', '2020-10-19 22:25:13', '1', '0', '学2', '906', '065', '1', '1', '2020-10-19 22:25:14', '2020-10-24 22:25:14', '2018112015051635', '12.00', '0.00', '0.00', '2020-10-19 22:25:14', '5', '3', null), ('070652169c0f401bbe890b0164824514', '2021-05-19 19:29:23', '2021-05-19 19:29:39', '1', '0', '12321312', '43278', '909', '0', '1', '2021-05-19 19:29:40', '2021-05-31 00:00:00', '2018112015051635', '3.00', '0.00', '0.00', '2021-05-19 19:29:40', '60', '0', '45'), ('080cfdcc52434058b9a90388311c3e77', '2020-10-29 23:09:57', '2020-10-30 10:02:27', '1', '0', '0.6', '315', '402', '0', '1', '2020-10-29 23:10:24', '2020-11-04 23:10:24', '2018112015051635', '0.60', '0.60', '0.00', '2020-10-29 23:10:24', '6', '0', null), ('0e26afa3e0594983af8e0cb8cc5f89e9', '2020-10-16 23:02:56', '2020-10-16 23:03:39', '1', '0', '10月14日-11月08日', '008', '729', '1', '1', '2020-10-16 23:03:39', '2020-11-08 00:00:00', '2018112015051635', '10.00', '0.00', '0.00', '2020-10-16 23:03:39', '30', '0', null), ('10fae7777cf545588c05286c5bef348c', '2021-03-29 18:05:28', '2021-03-29 18:06:06', '1', '0', 'sdee', '8375', '4224', '0', '1', '2021-03-29 18:06:07', '2021-04-18 18:06:07', '2018112015051635', '0.02', '0.00', '0.00', '2021-03-29 18:06:07', '20', '0', null), ('14232ea498044f51a55590b8bb682546', '2020-10-15 20:13:17', '2020-10-15 20:31:44', '1', '0', '学习卡1', '96535', '068', '0', '1', '2020-10-15 00:00:00', '2020-10-22 00:00:00', '2018112015051635', '200.09', '0.00', '0.00', '2020-10-15 20:31:44', '0', '0', null), ('15d1755fc58f4781a3d69acb6bed2d55', '2021-03-29 19:12:08', '2021-03-29 19:13:12', '1', '0', '测试', '179', '385', '0', '1', '2021-03-29 19:13:13', '2021-04-28 19:13:13', '2018112015051635', '0.02', '0.00', '0.00', '2021-03-29 19:13:13', '30', '0', null), ('182e754abfd24804b0ec648f3b53a577', '2021-03-30 13:38:42', '2021-03-30 13:38:59', '1', '0', '222111', '63091', '09991', '0', '1', '2021-03-30 13:38:59', '2021-04-17 13:38:59', '2018112015051635', '0.02', '0.00', '0.00', '2021-03-30 13:38:59', '18', '0', null), ('193943a0807a443f92ec91e8bcdfd41c', '2021-03-30 13:38:42', '2021-03-30 13:39:28', '1', '0', '222111', '98587', '12048', '0', '1', '2021-03-30 13:39:29', '2021-04-17 13:39:29', '2018112015051635', '0.02', '0.00', '0.00', '2021-03-30 13:39:29', '18', '0', null), ('1b33c8f7ecd042c9adb681061dcc158c', '2021-03-29 19:12:08', '2021-03-29 19:13:32', '1', '0', '测试', '760', '456', '0', '1', '2021-03-29 19:13:33', '2021-04-28 19:13:33', '2018112015051635', '0.02', '0.00', '0.00', '2021-03-29 19:13:33', '30', '0', null), ('1cb9da6ad20c441580670b6f0dd828c9', '2021-03-10 10:02:04', '2021-03-13 20:10:42', '1', '0', '0310', '412', '372', '0', '1', '2021-03-10 19:09:34', '2021-03-20 19:09:34', '2018112015051635', '0.01', '0.03', '-0.02', '2021-03-10 19:09:34', '10', '0', '2222'), ('1d6587e1019b4c97b5581095648c1c78', '2021-03-29 19:12:08', '2021-03-29 19:15:36', '1', '0', '测试', '224', '194', '0', '1', '2021-03-29 19:15:36', '2021-04-28 19:15:36', '2018112015051635', '0.02', '0.00', '0.00', '2021-03-29 19:15:36', '30', '0', null), ('1d70f14916e44c4db1fc2b6c9003b5d2', '2020-10-19 22:24:04', '2020-10-19 22:24:04', '1', '0', '学2', '986', '484', '1', '0', '2020-10-13 00:00:00', '2020-10-31 00:00:00', null, '12.00', '0.00', '0.00', null, '5', '3', null), ('1e9704fb662e4710a94cdcdcf8f86e03', '2021-03-29 19:12:08', '2021-03-29 19:12:08', '1', '0', '测试', '807', '966', '0', '0', '2021-03-29 00:00:00', '2022-04-08 00:00:00', null, '0.02', '0.00', '0.00', null, '30', '0', null), ('1f28901360394cee952c6184a6c1b77b', '2020-10-15 21:03:05', '2020-10-15 21:03:26', '0', '0', '学习卡3', '639', '449', '0', '0', '2020-10-15 00:00:00', '2020-10-22 00:00:00', '2018112015051635', '100.99', '0.00', '0.00', '2020-10-15 21:03:26', '0', '0', null), ('1fad8e37fe20428ab8289ba404d904ca', '2021-03-10 10:02:04', '2021-03-14 20:27:54', '1', '0', '0310', '095', '770', '0', '1', '2021-03-10 19:08:54', '2021-03-20 19:08:54', '2018112015051635', '0.01', '0.02', '-0.01', '2021-03-10 19:08:54', '10', '0', '2222'), ('20a803de9dcb49008ae0bd4d4d4eba97', '2021-03-29 19:12:08', '2021-03-29 19:17:15', '1', '0', '测试', '282', '076', '0', '1', '2021-03-29 19:17:16', '2021-04-28 19:17:16', '2018112015051635', '0.02', '0.00', '0.00', '2021-03-29 19:17:16', '30', '0', null), ('2167b040815f4494a509abc8e085d878', '2020-10-17 18:25:25', '2020-10-17 18:25:43', '1', '0', '1009-1120', '705', '959', '1', '1', '2020-10-17 18:25:44', '2020-10-24 18:25:44', '2018112015051635', '19.99', '0.00', '0.00', '2020-10-17 18:25:44', '7', '0', null), ('2222b327b20f47838fd4c100654a2ff1', '2021-03-29 19:12:08', '2021-03-29 19:17:37', '1', '0', '测试', '831', '223', '0', '1', '2021-03-29 19:17:38', '2021-04-28 19:17:38', '2018112015051635', '0.02', '0.00', '0.00', '2021-03-29 19:17:38', '30', '0', null), ('22366587b7b7470d8e921b7fa99a2243', '2021-03-29 19:12:08', '2021-03-29 19:18:07', '1', '0', '测试', '964', '873', '0', '1', '2021-03-29 19:18:08', '2021-04-28 19:18:08', '2018112015051635', '0.02', '0.00', '0.00', '2021-03-29 19:18:08', '30', '0', null), ('240fce3a6d7b4bffb557ebdc6eeace2d', '2021-03-29 19:12:08', '2021-03-29 19:18:26', '1', '0', '测试', '511', '181', '0', '1', '2021-03-29 19:18:26', '2021-04-28 19:18:26', '2018112015051635', '0.02', '0.00', '0.00', '2021-03-29 19:18:26', '30', '0', null), ('24e8f4e728e2402b8f5b692151ef0bc7', '2020-10-29 23:03:36', '2020-10-29 23:05:36', '1', '0', '0.05', '48', '50', '0', '1', '2020-10-29 23:04:01', '2020-11-02 23:04:01', '2018112015051635', '0.05', '0.10', '-0.05', '2020-10-29 23:04:01', '4', '0', null), ('2797db2bbe564713be77679e68fb5a2a', '2021-03-10 10:02:04', '2021-03-13 23:43:42', '1', '0', '0310', '950', '809', '0', '1', '2021-03-10 19:09:07', '2021-03-20 19:09:07', '2018112015051635', '0.01', '0.01', '0.00', '2021-03-10 19:09:07', '10', '0', '2222'), ('2b325f6e9e154d4f8e60abd2ade67b07', '2020-08-28 16:17:19', '2020-08-28 16:17:19', '1', '0', 'e32', '2699', '010', '1', '0', '2020-08-05 00:00:00', '2020-09-02 00:00:00', null, '30.09', '0.00', '0.00', null, '5', '4', null), ('2c6b9f7407994a65bc9a9d1ac3d2fc91', '2021-03-29 19:12:08', '2021-03-29 19:18:42', '1', '0', '测试', '144', '147', '0', '1', '2021-03-29 19:18:42', '2021-04-28 19:18:42', '2018112015051635', '0.02', '0.00', '0.00', '2021-03-29 19:18:42', '30', '0', null), ('2e5876933f56431d9cee671a707b3c52', '2020-10-28 10:33:24', '2020-10-28 17:52:12', '1', '0', '1231', '502', '976', '1', '1', '2020-10-28 10:34:00', '2020-11-01 10:34:00', '2018112015051635', '6.90', '6.90', '0.60', '2020-10-28 10:34:00', '4', '3', null), ('32c1740d560949c09b74f92d510cb985', '2021-03-10 19:11:29', '2021-03-12 20:07:37', '1', '0', 'efwef', '1150', '2086', '1', '1', '2021-03-10 19:11:53', '2021-03-30 00:00:00', '2018112015051635', '0.02', '0.02', '0.00', '2021-03-10 19:11:53', '20', '0', null), ('3334f1cbd5764c10a7be8842cab5365d', '2020-10-15 20:55:41', '2020-10-15 20:56:06', '1', '0', '学习1', '753', '798', '0', '1', '2020-10-15 00:00:00', '2020-10-22 00:00:00', '2018112015051635', '200.09', '0.00', '0.00', '2020-10-15 20:56:07', '0', '0', null), ('348725d1e21041b3a8d1298012ce8fc6', '2021-03-10 19:11:29', '2021-03-12 23:52:32', '1', '0', 'efwef', '6664', '8953', '1', '1', '2021-03-10 19:12:07', '2021-03-30 00:00:00', '2018112015051635', '0.02', '0.02', '0.00', '2021-03-10 19:12:07', '20', '0', null), ('36adb375b9304b8f8b7b242a02430ce8', '2021-03-10 19:11:29', '2021-03-12 20:08:52', '1', '0', 'efwef', '5833', '2392', '1', '1', '2021-03-10 19:12:23', '2021-03-30 00:00:00', '2018112015051635', '0.02', '0.02', '0.00', '2021-03-10 19:12:23', '20', '0', null), ('38fe92c6317a4fe79a79c56eb20987e9', '2021-03-29 19:12:08', '2021-03-29 19:19:01', '1', '0', '测试', '175', '047', '0', '1', '2021-03-29 19:19:01', '2021-04-28 19:19:01', '2018112015051635', '0.02', '0.00', '0.00', '2021-03-29 19:19:01', '30', '0', null), ('3af970b274a940c7be2a1eb264f720f1', '2020-10-20 11:39:27', '2020-10-20 11:39:27', '1', '0', '农村人居环境整治是乡村振兴的第一场硬仗，要打赢这场战役', '605', '004', '1', '0', '2020-10-13 00:00:00', '2020-10-31 00:00:00', null, '19.99', '0.00', '0.00', null, '3', '2', null), ('3e4da75884a943e083b1d0d9a968f2c6', '2021-03-29 19:12:08', '2021-03-29 19:19:17', '1', '0', '测试', '715', '821', '0', '1', '2021-03-29 19:19:18', '2021-04-28 19:19:18', '2018112015051635', '0.02', '0.00', '0.00', '2021-03-29 19:19:18', '30', '0', null), ('3f8e32c0653e496a8a424e251c5146d6', '2021-03-29 19:12:08', '2021-03-29 19:19:35', '1', '0', '测试', '996', '130', '0', '1', '2021-03-29 19:19:36', '2021-04-28 19:19:36', '2018112015051635', '0.02', '0.00', '0.00', '2021-03-29 19:19:36', '30', '0', null), ('420b9d27f9b24283a06dc96384611945', '2020-08-28 16:17:19', '2020-08-28 16:17:19', '1', '0', 'e32', '0025', '776', '1', '0', '2020-08-05 00:00:00', '2020-09-02 00:00:00', null, '30.09', '0.00', '0.00', null, '5', '4', null), ('55b94fbfc9c84cb98223add255be3cf8', '2021-08-16 18:10:05', '2021-08-16 18:10:58', '1', '0', '测试学习卡', '493', '053', '0', '1', '2021-08-16 05:10:59', '2021-08-27 05:10:59', '21060212272507456918048065577890', '0.01', '0.00', '0.00', '2021-08-16 05:10:59', '11', '0', null), ('57143200533b4b3aa045baf1f7d6e69f', '2020-10-15 20:55:41', '2020-10-15 20:56:51', '1', '0', '学习1', '743', '484', '0', '1', '2020-10-15 00:00:00', '2020-10-22 00:00:00', '2018112015051635', '200.09', '0.00', '0.00', '2020-10-15 20:56:51', '0', '0', null), ('5a595d27884648a9b7cf18924341a74d', '2021-03-29 19:12:08', '2021-03-29 19:22:25', '1', '0', '测试', '243', '689', '0', '1', '2021-03-29 19:22:26', '2021-04-28 19:22:26', '2018112015051635', '0.02', '0.00', '0.00', '2021-03-29 19:22:26', '30', '0', null), ('5bddb48b466742a3871b7064a8bdaccc', '2021-03-10 10:02:04', '2021-03-14 09:18:32', '1', '0', '0310', '125', '642', '0', '1', '2021-03-10 10:02:54', '2021-03-20 10:02:54', '2018112015051635', '0.01', '0.01', '0.00', '2021-03-10 10:02:54', '10', '0', '2222'), ('5d41516ddc3046888fd603cfd30699e9', '2020-10-19 20:17:49', '2020-10-19 20:18:03', '1', '0', '1', '52', '23', '1', '1', '2020-10-19 20:18:03', '2020-10-22 20:18:03', '2018112015051635', '1.00', '0.00', '0.00', '2020-10-19 20:18:03', '3', '3', null), ('60de13e17e6d4c5fb9882a3224d07701', '2020-10-17 18:15:13', '2020-10-17 18:18:35', '1', '0', '10月10日到11月20日', '911', '260', '0', '1', '2020-10-17 18:18:35', '2020-10-24 18:18:35', '2018112015051635', '20.00', '0.00', '0.00', '2020-10-17 18:18:35', '7', '10', null), ('618de090521c43488b2cc8457653323b', '2021-03-29 19:12:08', '2021-03-29 19:12:08', '1', '0', '测试', '729', '946', '0', '0', '2021-03-29 00:00:00', '2022-04-08 00:00:00', null, '0.02', '0.00', '0.00', null, '30', '0', null), ('63e469621ee1483192d9c4fdf82bfd50', '2020-10-15 20:13:17', '2020-10-15 20:34:48', '1', '0', '学习卡1', '44082', '000', '0', '1', '2020-10-15 00:00:00', '2020-10-22 00:00:00', '2018112015051635', '200.09', '0.00', '0.00', '2020-10-15 20:34:48', '0', '0', null), ('65b5f4f01bc441b18815eb2a8d705d20', '2020-10-29 23:09:57', '2020-10-29 23:09:57', '1', '0', '0.6', '758', '352', '0', '0', '2020-10-14 00:00:00', '2020-11-07 00:00:00', null, '0.60', '0.00', '0.00', null, '6', '0', null), ('669bcb8ed04844deac557b575807a301', '2021-03-29 19:12:08', '2021-03-29 19:12:08', '1', '0', '测试', '474', '558', '0', '0', '2021-03-29 00:00:00', '2022-04-08 00:00:00', null, '0.02', '0.00', '0.00', null, '30', '0', null), ('66da6b0e565e4c84a62cc471c9d92923', '2020-10-28 10:33:24', '2020-10-28 10:33:24', '1', '0', '1231', '199', '386', '1', '0', '2020-10-20 00:00:00', '2020-11-06 00:00:00', null, '6.90', '0.00', '0.00', null, '4', '3', null), ('6711a986be614071a64f2815418078e5', '2021-03-29 19:12:08', '2021-03-29 19:12:08', '1', '0', '测试', '239', '139', '0', '0', '2021-03-29 00:00:00', '2022-04-08 00:00:00', null, '0.02', '0.00', '0.00', null, '30', '0', null), ('6d27134f36a74dd49379ff9dddb862af', '2020-10-29 23:11:11', '2020-10-29 23:12:49', '1', '0', '0.06', '305', '956', '0', '1', '2020-10-21 00:00:00', '2020-11-07 00:00:00', '2018112015051635', '0.06', '0.10', '-0.04', '2020-10-29 23:11:26', '0', '0', null), ('6df9d23f803f45d5823d8ebc9683598a', '2021-03-29 18:05:28', '2021-03-29 18:15:28', '1', '0', 'sdee', '9325', '7891', '0', '1', '2021-03-29 18:15:28', '2021-04-18 18:15:28', '2018112015051635', '0.02', '0.00', '0.00', '2021-03-29 18:15:28', '20', '0', null), ('6fbc9594174d473d8c9e7d8338c0b5f1', '2021-03-30 13:41:13', '2021-03-30 13:41:29', '1', '0', 'www', '4874', '6040', '1', '1', '2021-03-30 13:41:30', '2021-04-29 13:41:30', '2018112015051635', '0.02', '0.00', '0.00', '2021-03-30 13:41:30', '30', '0', null), ('7102fd39759b4dbabc370128a63199b7', '2021-08-16 18:10:05', '2021-08-16 18:10:05', '1', '0', '测试学习卡', '559', '577', '0', '0', '2021-07-31 11:00:00', '2021-08-30 11:00:00', null, '0.01', '0.00', '0.00', null, '11', '0', null), ('73a6381a8bc341a291390601053fc2f3', '2020-10-29 22:52:28', '2020-10-29 22:55:28', '1', '0', '0.04', '7455', '0705', '0', '1', '2020-10-29 22:55:11', '2020-11-06 00:00:00', '2018112015051635', '0.04', '0.00', '0.04', '2020-10-29 22:55:11', '8', '0', null), ('741b5fdf64fc4f0dae9d55a096341da0', '2021-03-29 19:12:08', '2021-03-29 19:12:08', '1', '0', '测试', '338', '491', '0', '0', '2021-03-29 00:00:00', '2022-04-08 00:00:00', null, '0.02', '0.00', '0.00', null, '30', '0', null), ('752da2e148ef4e11a8e4d98132585d9c', '2021-03-29 19:12:08', '2021-03-29 19:12:08', '1', '0', '测试', '687', '919', '0', '0', '2021-03-29 00:00:00', '2022-04-08 00:00:00', null, '0.02', '0.00', '0.00', null, '30', '0', null), ('75f4639f8ed143458230770ce16c8293', '2021-03-29 19:12:08', '2021-03-29 19:12:08', '1', '0', '测试', '311', '524', '0', '0', '2021-03-29 00:00:00', '2022-04-08 00:00:00', null, '0.02', '0.00', '0.00', null, '30', '0', null), ('760aca54a88a4f0a9ae04be8cb896e3a', '2020-10-29 23:03:36', '2020-10-29 23:07:43', '1', '0', '0.05', '67', '34', '0', '1', '2020-10-29 23:07:01', '2020-11-02 23:07:01', '2018112015051635', '0.05', '0.10', '-0.05', '2020-10-29 23:07:01', '4', '0', null), ('7882b71da8374ed68187f1e36854b259', '2021-03-10 19:11:29', '2021-03-12 23:57:36', '1', '0', 'efwef', '2542', '7398', '1', '1', '2021-03-10 19:12:38', '2021-03-30 00:00:00', '2018112015051635', '0.02', '0.02', '0.00', '2021-03-10 19:12:38', '20', '0', null), ('7b771910924845f68dec230946f0c282', '2021-03-29 19:12:08', '2021-03-29 19:12:08', '1', '0', '测试', '983', '251', '0', '0', '2021-03-29 00:00:00', '2022-04-08 00:00:00', null, '0.02', '0.00', '0.00', null, '30', '0', null), ('7fc507a1d7e1439c87aa109ad2fb4c80', '2021-03-29 19:12:08', '2021-03-29 19:12:08', '1', '0', '测试', '350', '308', '0', '0', '2021-03-29 00:00:00', '2022-04-08 00:00:00', null, '0.02', '0.00', '0.00', null, '30', '0', null), ('8b930a7f1bef46019557b88e8d7f8c36', '2021-03-30 13:38:42', '2021-03-30 13:39:50', '1', '0', '222111', '33461', '97134', '0', '1', '2021-03-30 13:39:50', '2021-04-17 13:39:50', '2018112015051635', '0.02', '0.00', '0.00', '2021-03-30 13:39:50', '18', '0', null), ('8e278c155c6e485ba0b67ac71b6fdd5b', '2020-10-29 23:11:11', '2020-10-29 23:15:53', '1', '0', '0.06', '157', '759', '0', '1', '2020-10-21 00:00:00', '2020-11-07 00:00:00', '2018112015051635', '0.06', '0.06', '0.00', '2020-10-29 23:15:13', '0', '0', null), ('8f01b2dd4fe240e5be3e77b246104a5a', '2020-10-28 10:33:24', '2020-10-28 10:33:24', '1', '0', '1231', '935', '361', '1', '0', '2020-10-20 00:00:00', '2020-11-06 00:00:00', null, '6.90', '0.00', '0.00', null, '4', '3', null), ('91dc2038ab9a4653994051daa74ea530', '2020-10-15 21:03:05', '2020-10-15 21:03:05', '1', '0', '学习卡3', '421', '482', '1', '0', '2020-10-15 00:00:00', '2020-10-22 00:00:00', null, '100.99', '0.00', '0.00', null, '8', '0', null), ('92097a1971004fdf8a4c7ae995aef773', '2021-03-29 19:12:08', '2021-03-29 19:12:08', '1', '0', '测试', '714', '727', '0', '0', '2021-03-29 00:00:00', '2022-04-08 00:00:00', null, '0.02', '0.00', '0.00', null, '30', '0', null), ('9573335c49bd4dddb734c687ba4f6e25', '2020-10-17 18:15:13', '2020-10-17 18:15:13', '1', '0', '10月10日到11月20日', '716', '952', '0', '0', '2020-10-10 00:00:00', '2020-10-30 00:00:00', null, '20.00', '0.00', '0.00', null, '7', '10', null), ('9d632cb03e2c44df8e6a8c9f7fe2af00', '2021-03-29 19:12:08', '2021-03-29 19:12:08', '1', '0', '测试', '981', '596', '0', '0', '2021-03-29 00:00:00', '2022-04-08 00:00:00', null, '0.02', '0.00', '0.00', null, '30', '0', null), ('9d9987a3ea1542d992a62851fa5bb67c', '2020-10-31 16:17:17', '2020-10-31 21:21:46', '1', '0', '0.07', '877', '260', '0', '1', '2020-10-31 16:17:42', '2020-11-05 16:17:42', '2018112015051635', '0.07', '0.07', '0.00', '2020-10-31 16:17:42', '5', '0', null), ('9e9b3f967c4e4a8880bffac280452000', '2021-03-29 19:12:08', '2021-03-29 19:12:08', '1', '0', '测试', '381', '052', '0', '0', '2021-03-29 00:00:00', '2022-04-08 00:00:00', null, '0.02', '0.00', '0.00', null, '30', '0', null), ('a0cf433408944e0faf0287a039f7783b', '2021-03-30 13:41:13', '2021-03-30 13:41:13', '1', '0', 'www', '6935', '5421', '1', '0', '2021-03-30 00:00:00', '2024-03-29 00:00:00', null, '0.02', '0.00', '0.00', null, '30', '0', null), ('a49b2a4c6218463293c9a39c6c24a09c', '2020-08-28 18:50:46', '2020-08-28 18:50:46', '1', '0', '999', '428972', '857', '1', '0', '2020-08-04 00:00:00', '2020-08-31 00:00:00', null, '29.99', '0.00', '0.00', null, '7', '2000', null), ('a7d73534db51496781e0db421fbade15', '2020-10-28 17:59:01', '2020-10-30 11:50:56', '1', '0', '123', '431', '852', '1', '1', '2020-10-28 18:00:26', '2020-10-31 18:00:26', '2018112015051635', '10.00', '10.00', '0.00', '2020-10-28 18:00:26', '3', '1', null), ('a7e4b04f43074b4b8d829a2f7227dd49', '2021-03-10 19:11:29', '2021-03-12 23:53:37', '1', '0', 'efwef', '9481', '2986', '1', '1', '2021-03-10 19:12:53', '2021-03-30 00:00:00', '2018112015051635', '0.02', '0.02', '0.00', '2021-03-10 19:12:53', '20', '0', null), ('a835b9524b124807966e34df93c136f4', '2020-10-15 20:57:44', '2020-10-15 20:57:44', '1', '0', '学习卡2', '664', '124', '0', '0', '2020-10-15 00:00:00', '2020-10-22 00:00:00', null, '20.99', '0.00', '0.00', null, '6', '400', null), ('a973fe6d13724265941235546e6b0882', '2021-03-29 19:12:08', '2021-03-29 19:12:08', '1', '0', '测试', '921', '582', '0', '0', '2021-03-29 00:00:00', '2022-04-08 00:00:00', null, '0.02', '0.00', '0.00', null, '30', '0', null), ('abe3be2b775442c98ad0dc9ab4a3eb51', '2020-08-28 18:50:46', '2020-08-28 18:50:46', '1', '0', '999', '643664', '116', '1', '0', '2020-08-04 00:00:00', '2020-08-31 00:00:00', null, '29.99', '0.00', '0.00', null, '7', '2000', null), ('ac927fc13c554756a817fd7b3de221db', '2020-10-31 16:17:17', '2020-10-31 16:17:17', '1', '0', '0.07', '594', '644', '0', '0', '2020-10-14 00:00:00', '2020-11-07 00:00:00', null, '0.07', '0.00', '0.00', null, '5', '0', null), ('af71480e2f9d400a889c491a44883229', '2021-03-29 19:12:08', '2021-03-29 19:12:08', '1', '0', '测试', '848', '798', '0', '0', '2021-03-29 00:00:00', '2022-04-08 00:00:00', null, '0.02', '0.00', '0.00', null, '30', '0', null), ('b546f5ac6a4b409580e421cce6327aa9', '2020-10-31 16:17:17', '2020-10-31 16:17:17', '1', '0', '0.07', '946', '191', '0', '0', '2020-10-14 00:00:00', '2020-11-07 00:00:00', null, '0.07', '0.00', '0.00', null, '5', '0', null), ('b57ce57ec02642a3a36d6161eaacc591', '2021-03-30 13:41:13', '2021-03-30 13:41:13', '1', '0', 'www', '6033', '0498', '1', '0', '2021-03-30 00:00:00', '2024-03-29 00:00:00', null, '0.02', '0.00', '0.00', null, '30', '0', null), ('bf0925998c8940148206ff58f928c99d', '2021-03-10 19:11:29', '2021-03-13 00:08:41', '1', '0', 'efwef', '2760', '8906', '1', '1', '2021-03-10 19:13:07', '2021-03-30 00:00:00', '2018112015051635', '0.02', '0.02', '0.00', '2021-03-10 19:13:07', '20', '0', null), ('c1a31461ef9b48438ccb3c2922a32710', '2020-10-17 18:25:25', '2020-10-17 18:25:25', '1', '0', '1009-1120', '635', '454', '1', '0', '2020-10-09 00:00:00', '2020-11-20 00:00:00', null, '19.99', '0.00', '0.00', null, '7', '0', null), ('c1f68c655d324c5bb46382860cac200e', '2021-03-30 13:41:13', '2021-03-30 13:41:13', '1', '0', 'www', '0789', '7001', '1', '0', '2021-03-30 00:00:00', '2024-03-29 00:00:00', null, '0.02', '0.00', '0.00', null, '30', '0', null), ('c2a9d53c6bbe474da1ba8f03702bdfa5', '2021-03-10 19:11:29', '2021-03-13 00:09:44', '1', '0', 'efwef', '8058', '6252', '1', '1', '2021-03-10 19:13:22', '2021-03-30 00:00:00', '2018112015051635', '0.02', '0.02', '0.00', '2021-03-10 19:13:22', '20', '0', null), ('c3308a77bb034dd6bcd0bf296104561e', '2021-03-29 19:12:08', '2021-03-29 19:12:08', '1', '0', '测试', '099', '266', '0', '0', '2021-03-29 00:00:00', '2022-04-08 00:00:00', null, '0.02', '0.00', '0.00', null, '30', '0', null), ('c8b97e5437c243d38fcfa0083586ceea', '2021-05-19 19:29:23', '2021-05-19 19:29:23', '1', '0', '12321312', '34790', '692', '0', '0', '2021-05-18 00:00:00', '2021-05-31 00:00:00', null, '3.00', '0.00', '0.00', null, '60', '0', '45'), ('ca65481ea6b343cb926396b6ae4234c3', '2020-10-29 22:45:45', '2020-10-29 23:17:22', '1', '0', '0.3', '20', '87', '0', '1', '2020-10-29 22:46:05', '2020-11-03 22:46:05', '2018112015051635', '0.30', '0.30', '0.00', '2020-10-29 22:46:05', '5', '0', null), ('ca9999c7748f4a45b279dd2b0791125a', '2020-10-15 20:57:44', '2020-10-15 20:57:44', '1', '0', '学习卡2', '075', '860', '0', '0', '2020-10-15 00:00:00', '2020-10-22 00:00:00', null, '20.99', '0.00', '0.00', null, '6', '400', null), ('cb53621068a24822a4b91c493d33eee1', '2021-03-30 13:38:42', '2021-03-30 13:40:07', '1', '0', '222111', '62174', '35154', '0', '1', '2021-03-30 13:40:08', '2021-04-17 13:40:08', '2018112015051635', '0.02', '0.00', '0.00', '2021-03-30 13:40:08', '18', '0', null), ('cc8793b7746043cfa87c93bbf6730754', '2020-10-29 21:57:20', '2020-10-31 23:56:19', '1', '0', '0.01', '147', '166', '0', '1', '2020-10-29 21:57:50', '2020-11-03 21:57:50', '2018112015051635', '0.01', '0.01', '0.00', '2020-10-29 21:57:50', '5', '0', null), ('cec9f544029b41918fa7802052b32d06', '2020-10-16 23:02:56', '2020-10-16 23:02:56', '1', '0', '10月14日-11月08日', '560', '278', '1', '0', '2020-10-14 00:00:00', '2020-11-08 00:00:00', null, '10.00', '0.00', '0.00', null, '30', '0', null), ('d0d8b6f27b47446cb92129fefe8ba2fd', '2021-03-29 18:05:28', '2021-03-29 18:16:57', '1', '0', 'sdee', '8127', '8647', '0', '1', '2021-03-29 18:16:57', '2021-04-18 18:16:57', '2018112015051635', '0.02', '0.00', '0.00', '2021-03-29 18:16:57', '20', '0', null), ('d122ff0a4a1d4cedbf3cbd5d88b646a0', '2021-03-10 19:11:29', '2021-03-13 00:10:33', '1', '0', 'efwef', '6079', '6461', '1', '1', '2021-03-10 19:13:36', '2021-03-30 00:00:00', '2018112015051635', '0.02', '0.02', '0.00', '2021-03-10 19:13:36', '20', '0', null), ('d27c3ab636c74d518c0bd134a79b7b66', '2020-10-20 11:39:28', '2020-10-20 11:40:06', '1', '0', '农村人居环境整治是乡村振兴的第一场硬仗，要打赢这场战役', '792', '832', '1', '1', '2020-10-20 11:40:07', '2020-10-23 11:40:07', '2018112015051635', '19.99', '0.00', '0.00', '2020-10-20 11:40:07', '3', '2', null), ('d82205ce5fc2459daebfd66063be15cd', '2021-05-19 19:29:23', '2021-05-19 19:29:23', '1', '0', '12321312', '42213', '511', '0', '0', '2021-05-18 00:00:00', '2021-05-31 00:00:00', null, '3.00', '0.00', '0.00', null, '60', '0', '45'), ('db9fabf1ff3d46258256ed33c5e23223', '2020-10-29 22:47:36', '2020-10-29 22:48:32', '1', '0', '0.03', '281', '282', '0', '1', '2020-10-29 22:47:56', '2020-11-02 22:47:56', '2018112015051635', '0.03', '0.00', '0.03', '2020-10-29 22:47:56', '4', '0', null), ('dbfe0e720b124c59ba710a8b11cdc87a', '2020-10-29 22:02:56', '2020-10-29 22:43:33', '1', '0', '0.02', '495', '047', '1', '1', '2020-10-29 22:43:33', '2020-11-03 22:43:33', '2018112015051635', '0.02', '0.00', '0.00', '2020-10-29 22:43:33', '5', '0', null), ('e4312377a6d740f7b17b5d764375c816', '2021-03-29 19:12:08', '2021-03-29 19:12:08', '1', '0', '测试', '879', '384', '0', '0', '2021-03-29 00:00:00', '2022-04-08 00:00:00', null, '0.02', '0.00', '0.00', null, '30', '0', null), ('ec862f4b089748b3aad8dd35a9680a97', '2021-03-29 19:12:08', '2021-03-29 19:12:08', '1', '0', '测试', '781', '932', '0', '0', '2021-03-29 00:00:00', '2022-04-08 00:00:00', null, '0.02', '0.00', '0.00', null, '30', '0', null), ('ed7421ca4fd74a97956e369d52e502f1', '2021-05-19 19:29:23', '2021-05-19 19:29:23', '1', '0', '12321312', '60008', '912', '0', '0', '2021-05-18 00:00:00', '2021-05-31 00:00:00', null, '3.00', '0.00', '0.00', null, '60', '0', '45'), ('f1e2d721c852420d8d273a791526aa00', '2021-03-29 18:05:28', '2021-03-29 19:10:18', '1', '0', 'sdee', '6317', '2410', '0', '1', '2021-03-29 19:10:19', '2021-04-18 19:10:19', '2018112015051635', '0.02', '0.00', '0.00', '2021-03-29 19:10:19', '20', '0', null), ('f32b5afca55940ecbfbc01391ffaac19', '2020-10-15 20:13:17', '2020-10-15 20:13:17', '0', '0', '学习卡1', '01585', '476', '0', '0', '2020-10-15 00:00:00', '2020-10-22 00:00:00', null, '200.09', '0.00', '0.00', null, '0', '0', null), ('fa2e92eab8ca48e788a2e075adf4f730', '2021-03-30 13:38:42', '2021-03-30 13:40:27', '1', '0', '222111', '78978', '64866', '0', '1', '2021-03-30 13:40:28', '2021-04-17 13:40:28', '2018112015051635', '0.02', '0.00', '0.00', '2021-03-30 13:40:28', '18', '0', null), ('feacb64adec6494580669d410ecfeb75', '2021-03-29 19:12:08', '2021-03-29 19:12:08', '1', '0', '测试', '479', '704', '0', '0', '2021-03-29 00:00:00', '2022-04-08 00:00:00', null, '0.02', '0.00', '0.00', null, '30', '0', null), ('ff0bc731dca142fd8d1241fe010f34e1', '2020-08-28 18:50:46', '2020-08-28 18:50:46', '1', '0', '999', '376582', '928', '1', '0', '2020-08-04 00:00:00', '2020-08-31 00:00:00', null, '29.99', '0.00', '0.00', null, '7', '2000', null);
COMMIT;

-- ----------------------------
--  Table structure for `study_card_limit_course`
-- ----------------------------
DROP TABLE IF EXISTS `study_card_limit_course`;
CREATE TABLE `study_card_limit_course` (
  `id` varchar(36) NOT NULL COMMENT '主键',
  `create_time` datetime NOT NULL DEFAULT CURRENT_TIMESTAMP COMMENT '创建时间',
  `modified_time` datetime NOT NULL DEFAULT CURRENT_TIMESTAMP COMMENT '修改时间',
  `valid_value` tinyint(3) unsigned NOT NULL DEFAULT '1' COMMENT '状态(1:正常，0:禁用)',
  `sort` int(11) unsigned NOT NULL DEFAULT '1' COMMENT '排序',
  `study_card_id` varchar(36) NOT NULL COMMENT '学习卡ID',
  `course_id` varchar(36) NOT NULL COMMENT '课程ID',
  PRIMARY KEY (`id`)
) ENGINE=InnoDB DEFAULT CHARSET=utf8 ROW_FORMAT=DYNAMIC COMMENT='对于有使用范围的学习卡的学习课程';

-- ----------------------------
--  Table structure for `study_card_operate_record`
-- ----------------------------
DROP TABLE IF EXISTS `study_card_operate_record`;
CREATE TABLE `study_card_operate_record` (
  `id` varchar(36) NOT NULL COMMENT '主键',
  `create_time` datetime NOT NULL DEFAULT CURRENT_TIMESTAMP COMMENT '创建时间',
  `modified_time` datetime NOT NULL DEFAULT CURRENT_TIMESTAMP COMMENT '修改时间',
  `valid_value` tinyint(3) unsigned NOT NULL DEFAULT '1' COMMENT '状态(1:正常，0:禁用)',
  `sort` int(11) unsigned NOT NULL DEFAULT '1' COMMENT '排序',
  `user_no` varchar(36) NOT NULL COMMENT '用户编号',
  `operate_type` int(3) NOT NULL COMMENT '操作类型，0增加，1减少',
  PRIMARY KEY (`id`)
) ENGINE=InnoDB DEFAULT CHARSET=utf8 ROW_FORMAT=DYNAMIC COMMENT='学习卡操作记录';

-- ----------------------------
--  Table structure for `study_proof`
-- ----------------------------
DROP TABLE IF EXISTS `study_proof`;
CREATE TABLE `study_proof` (
  `id` varchar(36) NOT NULL COMMENT 'id',
  `create_time` datetime NOT NULL DEFAULT CURRENT_TIMESTAMP COMMENT '创建时间',
  `modified_time` datetime NOT NULL DEFAULT CURRENT_TIMESTAMP COMMENT '修改时间',
  `valid_value` tinyint(3) unsigned NOT NULL DEFAULT '1' COMMENT '状态(1:正常，0:禁用)',
  `sort` int(11) unsigned NOT NULL DEFAULT '1' COMMENT '排序',
  `proof_user_no` varchar(36) NOT NULL COMMENT '该证明的用户编号',
  `real_name` varchar(50) NOT NULL COMMENT '用户真实姓名',
  `sex` tinyint(3) DEFAULT NULL COMMENT '性别(1男，2女，3保密)',
  `head_img_url` varchar(255) DEFAULT NULL COMMENT '头像地址',
  `mobile` varchar(36) DEFAULT '' COMMENT '手机号码',
  `identity_card_no` varchar(50) DEFAULT NULL COMMENT '身份证号码',
  `age` int(11) DEFAULT NULL COMMENT '年龄',
  `proof_date` datetime DEFAULT NULL COMMENT '证明日期',
  `main_seal_content` varchar(20) NOT NULL COMMENT '主印章名称(大圆的那个印章名称)',
  `second_seal_content` varchar(20) NOT NULL COMMENT '印章内横着的那行字内容',
  PRIMARY KEY (`id`)
) ENGINE=InnoDB DEFAULT CHARSET=utf8mb4 COMMENT='学习证明';

-- ----------------------------
--  Records of `study_proof`
-- ----------------------------
BEGIN;
INSERT INTO `study_proof` VALUES ('03ebfba9-d1ba-4cf2-aaf7-588ddf04c0a8', '2021-01-27 11:00:45', '2021-01-27 11:00:45', '1', '0', '2018112015051635', '李雪书分飞虎66', '1', 'https://atest888.oss-cn-hangzhou.aliyuncs.com/course/2a605c027ccf4dac9eb71308c5efbc6b.jpg', '13800138001', '4409861918009100000', '20', '2021-01-27 11:00:46', '浪树学习系统', '学习证明章'), ('123d7323-fc3c-4f18-9853-48f0f988d8ea', '2021-01-26 23:05:43', '2021-01-26 23:05:43', '1', '0', '2018112015051635', '李雪书分飞虎66', '1', 'https://atest888.oss-cn-hangzhou.aliyuncs.com/course/2a605c027ccf4dac9eb71308c5efbc6b.jpg', '13800138001', '4409861918009100000', '20', '2021-01-26 23:05:44', '浪树学习系统', '学习证明章'), ('1e08c3ee-efcc-49a4-b3b5-7aba8ac1338c', '2021-01-27 11:00:20', '2021-01-27 11:00:20', '1', '0', '2018112015051635', '李雪书分飞虎66', '1', 'https://atest888.oss-cn-hangzhou.aliyuncs.com/course/2a605c027ccf4dac9eb71308c5efbc6b.jpg', '13800138001', '4409861918009100000', '20', '2021-01-27 11:00:21', '浪树学习系统', '学习证明章'), ('1f52396c-cf8f-49f6-9d40-07f49a47c5d6', '2021-01-26 22:44:33', '2021-01-26 22:44:33', '1', '0', '2018112015051635', '李雪书分飞虎66', '3', 'https://atest888.oss-cn-hangzhou.aliyuncs.com/course/2a605c027ccf4dac9eb71308c5efbc6b.jpg', '13800138001', '4409861918009100000', '0', '2021-01-26 22:44:33', '浪树学习系统', '学习证明章'), ('26f168e2-762b-4e91-8a68-d406a3e0a862', '2021-03-25 19:48:04', '2021-03-25 19:48:04', '1', '0', '2018112015051635', '李雪书分飞虎66', '1', 'https://atest888.oss-cn-hangzhou.aliyuncs.com/course/ba27e454198a4b409f8e4a9adaef4b25.jpg', '13800138001', '4409861918009100000', '20', '2021-03-25 19:48:05', '浪树学习系统', '学习证明章'), ('33320925-f380-4d5e-a19c-c7177edffea7', '2021-01-26 23:04:25', '2021-01-26 23:04:25', '1', '0', '2018112015051635', '李雪书分飞虎66', '1', 'https://atest888.oss-cn-hangzhou.aliyuncs.com/course/2a605c027ccf4dac9eb71308c5efbc6b.jpg', '13800138001', '4409861918009100000', '20', '2021-01-26 23:04:25', '浪树学习系统', '学习证明章'), ('50ea2a80-0942-4458-baeb-6e089de7f186', '2021-01-26 23:05:48', '2021-01-26 23:05:48', '1', '0', '2018112015051635', '李雪书分飞虎66', '1', 'https://atest888.oss-cn-hangzhou.aliyuncs.com/course/2a605c027ccf4dac9eb71308c5efbc6b.jpg', '13800138001', '4409861918009100000', '20', '2021-01-26 23:05:48', '浪树学习系统', '学习证明章'), ('57f45387-1788-41dd-91e2-8c6d57aebeb7', '2021-02-14 21:45:22', '2021-02-14 21:45:22', '1', '0', '2018112015051635', '李雪书分飞虎66', '1', 'https://atest888.oss-cn-hangzhou.aliyuncs.com/course/2a605c027ccf4dac9eb71308c5efbc6b.jpg', '13800138001', '4409861918009100000', '20', '2021-02-14 21:45:22', '浪树学习系统', '学习证明章'), ('6b6fd66e-16d0-4855-8df3-02a7b2badbb1', '2021-01-26 22:45:24', '2021-01-26 22:45:24', '1', '0', '2018112015051635', '李雪书分飞虎66', '3', 'https://atest888.oss-cn-hangzhou.aliyuncs.com/course/2a605c027ccf4dac9eb71308c5efbc6b.jpg', '13800138001', '4409861918009100000', '0', '2021-01-26 22:45:25', '浪树学习系统', '学习证明章'), ('78f3c1a5-10ac-49cb-9a5f-ca0d8978700d', '2021-02-14 21:45:12', '2021-02-14 21:45:12', '1', '0', '2018112015051635', '李雪书分飞虎66', '1', 'https://atest888.oss-cn-hangzhou.aliyuncs.com/course/2a605c027ccf4dac9eb71308c5efbc6b.jpg', '13800138001', '4409861918009100000', '20', '2021-02-14 21:45:13', '浪树学习系统', '学习证明章'), ('89c1eeb0-fbac-4599-87ce-0bdf45d50358', '2021-01-26 22:57:38', '2021-01-26 22:57:38', '1', '0', '2018112015051635', '李雪书分飞虎66', '3', 'https://atest888.oss-cn-hangzhou.aliyuncs.com/course/2a605c027ccf4dac9eb71308c5efbc6b.jpg', '13800138001', '4409861918009100000', '0', '2021-01-26 22:57:38', '浪树学习系统', '学习证明章'), ('9fc974b1-02d7-4244-87ba-1636afe7a8a4', '2021-01-26 22:56:12', '2021-01-26 22:56:12', '1', '0', '2018112015051635', '李雪书分飞虎66', '3', 'https://atest888.oss-cn-hangzhou.aliyuncs.com/course/2a605c027ccf4dac9eb71308c5efbc6b.jpg', '13800138001', '4409861918009100000', '0', '2021-01-26 22:56:13', '浪树学习系统', '学习证明章'), ('a7e4eb75-d7c2-4236-843c-80cc4b837f85', '2021-01-26 23:05:43', '2021-01-26 23:05:43', '1', '0', '2018112015051635', '李雪书分飞虎66', '1', 'https://atest888.oss-cn-hangzhou.aliyuncs.com/course/2a605c027ccf4dac9eb71308c5efbc6b.jpg', '13800138001', '4409861918009100000', '20', '2021-01-26 23:05:44', '浪树学习系统', '学习证明章'), ('aca0b582-963f-417b-9249-e79552b9738f', '2021-01-26 22:58:04', '2021-01-26 22:58:04', '1', '0', '2018112015051635', '李雪书分飞虎66', '1', 'https://atest888.oss-cn-hangzhou.aliyuncs.com/course/2a605c027ccf4dac9eb71308c5efbc6b.jpg', '13800138001', '4409861918009100000', '20', '2021-01-26 22:58:04', '浪树学习系统', '学习证明章'), ('ad15918e-c214-4971-8d2d-2c4f84d65685', '2021-01-27 10:58:15', '2021-01-27 10:58:15', '1', '0', '2018112015051635', '李雪书分飞虎66', '1', 'https://atest888.oss-cn-hangzhou.aliyuncs.com/course/2a605c027ccf4dac9eb71308c5efbc6b.jpg', '13800138001', '4409861918009100000', '20', '2021-01-27 10:58:16', '浪树学习系统', '学习证明章'), ('b58b395b-b556-4058-815d-34dc82ff47ff', '2021-02-14 21:45:26', '2021-02-14 21:45:26', '1', '0', '2018112015051635', '李雪书分飞虎66', '1', 'https://atest888.oss-cn-hangzhou.aliyuncs.com/course/2a605c027ccf4dac9eb71308c5efbc6b.jpg', '13800138001', '4409861918009100000', '20', '2021-02-14 21:45:27', '浪树学习系统', '学习证明章'), ('bec381b6-c244-4ab9-bf9a-b0bd4719cc37', '2021-01-26 22:57:27', '2021-01-26 22:57:27', '1', '0', '2018112015051635', '李雪书分飞虎66', '3', 'https://atest888.oss-cn-hangzhou.aliyuncs.com/course/2a605c027ccf4dac9eb71308c5efbc6b.jpg', '13800138001', '4409861918009100000', '0', '2021-01-26 22:57:28', '浪树学习系统', '学习证明章'), ('e84cc369-6b6c-43e0-b739-1bf29d0f6af0', '2021-01-26 23:02:34', '2021-01-26 23:02:34', '1', '0', '2018112015051635', '李雪书分飞虎66', '1', 'https://atest888.oss-cn-hangzhou.aliyuncs.com/course/2a605c027ccf4dac9eb71308c5efbc6b.jpg', '13800138001', '4409861918009100000', '20', '2021-01-26 23:02:35', '浪树学习系统', '学习证明章'), ('f92015e4-c88d-45dc-991a-236df0285367', '2021-01-26 21:42:52', '2021-01-26 21:42:52', '1', '0', '2018112015051635', '李雪书分飞虎66', '3', 'https://atest888.oss-cn-hangzhou.aliyuncs.com/course/2a605c027ccf4dac9eb71308c5efbc6b.jpg', '13800138001', '4409861918009100000', '0', '2021-01-26 21:42:53', '浪树学习系统', '学习证明章');
COMMIT;

-- ----------------------------
--  Table structure for `study_proof_course`
-- ----------------------------
DROP TABLE IF EXISTS `study_proof_course`;
CREATE TABLE `study_proof_course` (
  `id` varchar(36) NOT NULL COMMENT 'id',
  `create_time` datetime NOT NULL DEFAULT CURRENT_TIMESTAMP COMMENT '创建时间',
  `modified_time` datetime NOT NULL DEFAULT CURRENT_TIMESTAMP COMMENT '修改时间',
  `valid_value` tinyint(3) unsigned NOT NULL DEFAULT '1' COMMENT '状态(1:正常，0:禁用)',
  `sort` int(11) unsigned NOT NULL DEFAULT '1' COMMENT '排序',
  `study_proof_id` varchar(36) NOT NULL COMMENT '学习证明ID',
  `course_id` varchar(36) NOT NULL COMMENT '课程ID',
  `course_name` varchar(255) NOT NULL COMMENT '课程名称',
  `total_study_progress` int(11) NOT NULL DEFAULT '0' COMMENT '该课程的总学习进度(0表示0%，1表示1%，2表示2%......100表示100%)',
  PRIMARY KEY (`id`)
) ENGINE=InnoDB DEFAULT CHARSET=utf8mb4 COMMENT='学习证明对应的课程';

-- ----------------------------
--  Records of `study_proof_course`
-- ----------------------------
BEGIN;
INSERT INTO `study_proof_course` VALUES ('01a8be61-88e9-47a6-ad3c-b17e0c256267', '2021-02-14 21:45:22', '2021-02-14 21:45:22', '1', '0', '57f45387-1788-41dd-91e2-8c6d57aebeb7', '1080756535567257601', '后台管理系统', '12'), ('021db781-d6ea-415f-8754-ff9f26785aac', '2021-01-27 11:00:45', '2021-01-27 11:00:45', '1', '0', '03ebfba9-d1ba-4cf2-aaf7-588ddf04c0a8', '1080758482462511106', '运维平台安装使用', '0'), ('06885974-13aa-4867-ae1c-e472568a62fe', '2021-01-26 23:02:34', '2021-01-26 23:02:34', '1', '0', 'e84cc369-6b6c-43e0-b739-1bf29d0f6af0', '1080758482462511106', '运维平台安装使用', '0'), ('14670564-66b9-434b-9b2d-e87a9611ecf2', '2021-01-27 11:00:45', '2021-01-27 11:00:45', '1', '0', '03ebfba9-d1ba-4cf2-aaf7-588ddf04c0a8', '1085453180200448002', '测试下单课程sflsdfjklsdfwjkekjwefjkw长度豆腐块水电费水电费', '12'), ('1a99ca30-99c0-4ac2-b2fc-7be40cf7eae9', '2021-01-26 23:02:34', '2021-01-26 23:02:34', '1', '0', 'e84cc369-6b6c-43e0-b739-1bf29d0f6af0', '1085453180200448002', '测试下单课程sflsdfjklsdfwjkekjwefjkw长度豆腐块水电费水电费', '12'), ('1ab69516-e32c-46ca-a3f3-bc9c8f2444db', '2021-01-26 23:05:48', '2021-01-26 23:05:48', '1', '0', '50ea2a80-0942-4458-baeb-6e089de7f186', '1085453180200448002', '测试下单课程sflsdfjklsdfwjkekjwefjkw长度豆腐块水电费水电费', '12'), ('25e92554-e563-4617-822f-71dccf520597', '2021-01-26 23:02:34', '2021-01-26 23:02:34', '1', '0', 'e84cc369-6b6c-43e0-b739-1bf29d0f6af0', '1080756535567257601', '后台管理系统', '12'), ('2b92138c-f471-4ed1-82fd-461289e457ab', '2021-01-26 21:42:52', '2021-01-26 21:42:52', '1', '0', 'f92015e4-c88d-45dc-991a-236df0285367', '1080756535567257601', '后台管理系统', '12'), ('2caf26b1-8744-4384-9ff2-0014acda51ef', '2021-01-26 22:56:12', '2021-01-26 22:56:12', '1', '0', '9fc974b1-02d7-4244-87ba-1636afe7a8a4', '1080758482462511106', '运维平台安装使用', '0'), ('2dfaf867-34b7-4ce8-8b97-ff30ef230b67', '2021-01-26 22:57:38', '2021-01-26 22:57:38', '1', '0', '89c1eeb0-fbac-4599-87ce-0bdf45d50358', '1232249370041163778', '1', '0'), ('2f3d0ad9-d5fc-4c62-be4f-96f54d58b4e9', '2021-01-26 22:57:38', '2021-01-26 22:57:38', '1', '0', '89c1eeb0-fbac-4599-87ce-0bdf45d50358', '1080756535567257601', '后台管理系统', '12'), ('301db817-e107-4bbf-9d2c-25ace4232f16', '2021-01-27 10:58:15', '2021-01-27 10:58:15', '1', '0', 'ad15918e-c214-4971-8d2d-2c4f84d65685', '1232249370041163778', '1', '0'), ('3044c612-9325-43ef-9fb8-1c53c91d68a1', '2021-01-26 22:45:24', '2021-01-26 22:45:24', '1', '0', '6b6fd66e-16d0-4855-8df3-02a7b2badbb1', '1080756535567257601', '后台管理系统', '12'), ('31dfb586-cd5a-49e5-9577-d8812b33e715', '2021-01-26 22:57:27', '2021-01-26 22:57:27', '1', '0', 'bec381b6-c244-4ab9-bf9a-b0bd4719cc37', '1080758482462511106', '运维平台安装使用', '0'), ('3bf0f7d3-7172-44d3-9a77-1b4dd4f94d6f', '2021-01-26 22:56:12', '2021-01-26 22:56:12', '1', '0', '9fc974b1-02d7-4244-87ba-1636afe7a8a4', '1080756535567257601', '后台管理系统', '12'), ('3cf03586-9827-47ed-af9c-474ea4b22e72', '2021-02-14 21:45:22', '2021-02-14 21:45:22', '1', '0', '57f45387-1788-41dd-91e2-8c6d57aebeb7', '1232249370041163778', '1', '0'), ('41631f33-7ee7-4a85-acf8-321ba9863a71', '2021-01-26 23:05:43', '2021-01-26 23:05:43', '1', '0', 'a7e4eb75-d7c2-4236-843c-80cc4b837f85', '1085453180200448002', '测试下单课程sflsdfjklsdfwjkekjwefjkw长度豆腐块水电费水电费', '12'), ('528661cc-810a-4e4d-815b-ec4988caea4b', '2021-01-27 11:00:45', '2021-01-27 11:00:45', '1', '0', '03ebfba9-d1ba-4cf2-aaf7-588ddf04c0a8', '1232249370041163778', '1', '0'), ('61633767-44b1-4114-be7c-b08f228845dd', '2021-01-27 10:58:15', '2021-01-27 10:58:15', '1', '0', 'ad15918e-c214-4971-8d2d-2c4f84d65685', '1080758482462511106', '运维平台安装使用', '0'), ('76b2b888-0539-4735-aab0-97115aff1d86', '2021-01-26 23:05:43', '2021-01-26 23:05:43', '1', '0', '123d7323-fc3c-4f18-9853-48f0f988d8ea', '1080758482462511106', '运维平台安装使用', '0'), ('8489b9b7-85c7-45d7-87d1-0b8b49addd58', '2021-01-26 22:44:33', '2021-01-26 22:44:33', '1', '0', '1f52396c-cf8f-49f6-9d40-07f49a47c5d6', '1080756535567257601', '后台管理系统', '12'), ('88664882-4bdf-428c-9de7-deaf0cfe3932', '2021-01-26 23:05:43', '2021-01-26 23:05:43', '1', '0', '123d7323-fc3c-4f18-9853-48f0f988d8ea', '1085453180200448002', '测试下单课程sflsdfjklsdfwjkekjwefjkw长度豆腐块水电费水电费', '12'), ('8be04a5f-5519-42bf-95f4-fae985ceab53', '2021-01-26 22:57:27', '2021-01-26 22:57:27', '1', '0', 'bec381b6-c244-4ab9-bf9a-b0bd4719cc37', '1232249370041163778', '1', '0'), ('8fe61580-195c-44c0-8d77-6bc1427808bc', '2021-02-14 21:45:26', '2021-02-14 21:45:26', '1', '0', 'b58b395b-b556-4058-815d-34dc82ff47ff', '1232249370041163778', '1', '0'), ('9788484f-4061-466d-a723-9fb0637b9e7c', '2021-01-26 22:56:12', '2021-01-26 22:56:12', '1', '0', '9fc974b1-02d7-4244-87ba-1636afe7a8a4', '1085453180200448002', '测试下单课程sflsdfjklsdfwjkekjwefjkw长度豆腐块水电费水电费', '12'), ('9a5267b0-748b-4128-ba19-1fcd581a8478', '2021-01-26 22:56:12', '2021-01-26 22:56:12', '1', '0', '9fc974b1-02d7-4244-87ba-1636afe7a8a4', '1232249370041163778', '1', '0'), ('9a79e82d-b53b-4672-9dbb-a52c06e024e6', '2021-02-14 21:45:12', '2021-02-14 21:45:12', '1', '0', '78f3c1a5-10ac-49cb-9a5f-ca0d8978700d', '1080756535567257601', '后台管理系统', '12'), ('a562fb67-2eec-4ef6-9ec1-654fbd29b376', '2021-01-27 11:00:20', '2021-01-27 11:00:20', '1', '0', '1e08c3ee-efcc-49a4-b3b5-7aba8ac1338c', '1085453180200448002', '测试下单课程sflsdfjklsdfwjkekjwefjkw长度豆腐块水电费水电费', '12'), ('a728976a-c94c-4eea-920c-9eb041931975', '2021-01-27 10:58:15', '2021-01-27 10:58:15', '1', '0', 'ad15918e-c214-4971-8d2d-2c4f84d65685', '1085453180200448002', '测试下单课程sflsdfjklsdfwjkekjwefjkw长度豆腐块水电费水电费', '12'), ('a9508fab-6b21-49c0-9f67-a5ab654c89a4', '2021-03-25 19:48:04', '2021-03-25 19:48:04', '1', '0', '26f168e2-762b-4e91-8a68-d406a3e0a862', 'b3794873ad97467cb6e8cab54c8f09a2', 'kkkttt', '0'), ('ae286cc0-bf42-40a2-85bc-cc47944fa2e7', '2021-01-26 22:58:04', '2021-01-26 22:58:04', '1', '0', 'aca0b582-963f-417b-9249-e79552b9738f', '1080756535567257601', '后台管理系统', '12'), ('bd116ddb-2adb-4297-babf-6dee3ed42ff6', '2021-01-27 11:00:20', '2021-01-27 11:00:20', '1', '0', '1e08c3ee-efcc-49a4-b3b5-7aba8ac1338c', '1232249370041163778', '1', '0'), ('be213a1a-45c8-4f35-8e4f-1e8ccf734448', '2021-01-26 23:04:25', '2021-01-26 23:04:25', '1', '0', '33320925-f380-4d5e-a19c-c7177edffea7', '1085453180200448002', '测试下单课程sflsdfjklsdfwjkekjwefjkw长度豆腐块水电费水电费', '12'), ('c1ccf482-567c-45a1-a7b1-3c25a97e3ab5', '2021-01-26 22:57:38', '2021-01-26 22:57:38', '1', '0', '89c1eeb0-fbac-4599-87ce-0bdf45d50358', '1080758482462511106', '运维平台安装使用', '0'), ('c864b32a-472c-4f42-87e0-c9921fed0f9d', '2021-02-14 21:45:26', '2021-02-14 21:45:26', '1', '0', 'b58b395b-b556-4058-815d-34dc82ff47ff', '1080758482462511106', '运维平台安装使用', '0'), ('cbba69f1-199d-4f21-a106-25a9a73b8796', '2021-01-26 23:04:25', '2021-01-26 23:04:25', '1', '0', '33320925-f380-4d5e-a19c-c7177edffea7', '1080758482462511106', '运维平台安装使用', '0'), ('cc5e6cdf-f842-408a-bcb1-be6999288bdd', '2021-01-26 22:45:24', '2021-01-26 22:45:24', '1', '0', '6b6fd66e-16d0-4855-8df3-02a7b2badbb1', '1080758482462511106', '运维平台安装使用', '0'), ('ce193f7d-2263-4cd3-8ca5-ac29f81ab7b4', '2021-01-26 23:02:34', '2021-01-26 23:02:34', '1', '0', 'e84cc369-6b6c-43e0-b739-1bf29d0f6af0', '1232249370041163778', '1', '0'), ('ce43c58c-20db-4fcb-af11-5f5d1804ea3b', '2021-01-26 23:05:43', '2021-01-26 23:05:43', '1', '0', 'a7e4eb75-d7c2-4236-843c-80cc4b837f85', '1080758482462511106', '运维平台安装使用', '0'), ('ce81f2ac-7842-441f-8524-37ea289f1bfa', '2021-01-26 22:44:33', '2021-01-26 22:44:33', '1', '0', '1f52396c-cf8f-49f6-9d40-07f49a47c5d6', '1080758482462511106', '运维平台安装使用', '0'), ('d3cc69be-14f2-428d-869b-fa6c41d89529', '2021-01-26 21:42:52', '2021-01-26 21:42:52', '1', '0', 'f92015e4-c88d-45dc-991a-236df0285367', '1080758482462511106', '运维平台安装使用', '0'), ('d63e0f1f-ca8c-43b6-8360-be0fa53e6277', '2021-01-26 22:57:27', '2021-01-26 22:57:27', '1', '0', 'bec381b6-c244-4ab9-bf9a-b0bd4719cc37', '1080756535567257601', '后台管理系统', '12'), ('dceb5983-e9f1-4804-b053-909513f21b3c', '2021-01-26 22:57:38', '2021-01-26 22:57:38', '1', '0', '89c1eeb0-fbac-4599-87ce-0bdf45d50358', '1085453180200448002', '测试下单课程sflsdfjklsdfwjkekjwefjkw长度豆腐块水电费水电费', '12'), ('e05521e6-8718-4a66-8acc-a52167f48de4', '2021-01-27 11:00:20', '2021-01-27 11:00:20', '1', '0', '1e08c3ee-efcc-49a4-b3b5-7aba8ac1338c', '1080758482462511106', '运维平台安装使用', '0'), ('e41a2583-0524-408a-8702-96c084d29c64', '2021-01-26 23:05:48', '2021-01-26 23:05:48', '1', '0', '50ea2a80-0942-4458-baeb-6e089de7f186', '1080758482462511106', '运维平台安装使用', '0'), ('e7a28cf7-16c1-4cdc-a817-df4929b7e473', '2021-01-26 22:58:04', '2021-01-26 22:58:04', '1', '0', 'aca0b582-963f-417b-9249-e79552b9738f', '1080758482462511106', '运维平台安装使用', '0'), ('e7a44530-7ead-44a6-acd8-ff62e7362d39', '2021-01-26 22:58:04', '2021-01-26 22:58:04', '1', '0', 'aca0b582-963f-417b-9249-e79552b9738f', '1232249370041163778', '1', '0'), ('f60f7bcb-51eb-4fc1-89f1-c84ea944a794', '2021-02-14 21:45:26', '2021-02-14 21:45:26', '1', '0', 'b58b395b-b556-4058-815d-34dc82ff47ff', '1080756535567257601', '后台管理系统', '12');
COMMIT;

-- ----------------------------
--  Table structure for `system_config`
-- ----------------------------
DROP TABLE IF EXISTS `system_config`;
CREATE TABLE `system_config` (
  `id` varchar(36) NOT NULL,
  `create_time` datetime DEFAULT CURRENT_TIMESTAMP COMMENT '创建时间',
  `modified_time` datetime DEFAULT CURRENT_TIMESTAMP ON UPDATE CURRENT_TIMESTAMP COMMENT '更新时间',
  `valid_value` tinyint(1) DEFAULT NULL COMMENT '状态(1有效, 0无效)',
  `sort` int(11) DEFAULT NULL COMMENT '排序',
  `aliyun_access_key_id` varchar(255) DEFAULT NULL COMMENT 'access_key_id',
  `aliyun_access_key_secret` varchar(255) DEFAULT NULL COMMENT 'access_key_secret',
  `aliyun_oss_bucket_url` varchar(255) DEFAULT NULL COMMENT 'bucket域名',
  `aliyun_oss_bucket` varchar(255) DEFAULT NULL COMMENT 'bucket',
  `aliyun_oss_endpoint` varchar(255) DEFAULT NULL COMMENT '地域节点',
  `aliyun_oas_vault` varchar(255) DEFAULT NULL COMMENT 'oas_vault',
  `aliyun_oas_url` varchar(255) DEFAULT NULL COMMENT '归档存储OAS',
  `sms_code` varchar(255) DEFAULT NULL COMMENT '模版CODE',
  `sign_name` varchar(255) DEFAULT NULL COMMENT '短信签名',
  `lesson_video_path` varchar(255) DEFAULT NULL COMMENT '本地视频存放路径',
  `doc_storage_path` varchar(255) DEFAULT NULL COMMENT '本地上传文档路径',
  `pic_storage_path` varchar(255) DEFAULT NULL COMMENT '本地上传图片路径',
  `video_type` tinyint(1) DEFAULT '1' COMMENT '视频存储平台（1阿里云，3本地[本地未用]）',
  `file_type` tinyint(4) DEFAULT '1' COMMENT '文件存储类型（1阿里云，3本地[本地未用]）',
  `is_open_zfb_pc` tinyint(3) DEFAULT '0' COMMENT '是否开启PC端支付宝支付，0关闭，1开启',
  `zfb_pc_app_id` varchar(500) DEFAULT NULL COMMENT '网站(签约:当面付)支付APPID',
  `zfb_pc_subject` varchar(100) NOT NULL COMMENT '消费者扫码支付的时候显示的订单信息',
  `zfb_pc_private_key` text COMMENT '网站(签约:当面付)支付私钥',
  `zfb_pc_alipay_public_key` text COMMENT '网站(签约:当面付)支付"支付宝公钥"(非应用公钥)',
  `zfb_pc_open_api_domain` varchar(500) DEFAULT NULL COMMENT '网站(签约:当面付)支付网关',
  `is_open_zfb_mobile` tinyint(4) NOT NULL DEFAULT '0' COMMENT '是否开启移动端支付宝支付，0关闭，1开启',
  `zfb_return_url` varchar(500) DEFAULT NULL,
  `is_open_weixinpay_pc` tinyint(3) DEFAULT '0' COMMENT '是否开启PC端微信支付，0关闭，1开启',
  `is_open_weixinpay_mobile` tinyint(3) DEFAULT '0' COMMENT '是否开启移动端微信支付，0关闭，1开启',
  `is_open_weixinpay_xiaochengxu` tinyint(4) DEFAULT '0' COMMENT '是否开启小程序端微信支付，0关闭，1开启',
  `login_log_retention_days` int(11) DEFAULT NULL COMMENT '登录日志保留天数',
  `operate_log_retention_days` int(11) DEFAULT NULL COMMENT '操作日志保留天数',
  `is_open_do_exercises_data_sync` tinyint(3) DEFAULT '0' COMMENT '是否开启刷题多端数据同步，开启为1，不开启为0',
  PRIMARY KEY (`id`,`is_open_zfb_mobile`)
) ENGINE=InnoDB DEFAULT CHARSET=utf8mb4 COMMENT='系统配置表';

-- ----------------------------
--  Records of `system_config`
-- ----------------------------
BEGIN;
INSERT INTO `system_config` VALUES ('a4f5fd80-59e6-44a5-a97b-44148b56a3ce', '2020-07-29 20:05:57', '2021-09-02 19:45:44', '1', '1', '', '', '', '', '', '', '', '', 'edupdev', '/Users/shenge/work/workspaces/workspace-wangxin/upload/wangxin/file/video/', '/Users/shenge/work/workspaces/workspace-wangxin/upload/wangxin/doc/', '/Users/shenge/work/workspaces/workspace-wangxin/upload/wangxin/pic/', '1', '1', '1', '', '', '', '', '', '1', 'http://192.168.1.102:30002/wxmobile/#/order/order', '0', '0', '0', '180', '30', '1');
COMMIT;

-- ----------------------------
--  Table structure for `system_menu`
-- ----------------------------
DROP TABLE IF EXISTS `system_menu`;
CREATE TABLE `system_menu` (
  `id` varchar(36) NOT NULL COMMENT '主键',
  `create_time` datetime NOT NULL DEFAULT CURRENT_TIMESTAMP COMMENT '创建时间',
  `modified_time` datetime NOT NULL DEFAULT CURRENT_TIMESTAMP COMMENT '修改时间',
  `valid_value` tinyint(3) unsigned NOT NULL DEFAULT '1' COMMENT '状态(1:正常，0:禁用)',
  `sort` int(11) unsigned NOT NULL DEFAULT '1' COMMENT '排序',
  `parent_id` varchar(36) NOT NULL COMMENT '父ID',
  `menu_name` varchar(50) NOT NULL COMMENT '菜单名称',
  `menu_url` varchar(255) DEFAULT '' COMMENT '路由路径',
  `api_url` varchar(255) DEFAULT '' COMMENT '接口URL',
  `menu_icon` varchar(255) DEFAULT NULL COMMENT '菜单图标',
  `remark` varchar(255) DEFAULT NULL COMMENT '备注',
  `menu_type` tinyint(3) NOT NULL DEFAULT '1' COMMENT '菜单类型(1：目录   2：菜单   3：按钮)',
  PRIMARY KEY (`id`)
) ENGINE=InnoDB DEFAULT CHARSET=utf8mb4 ROW_FORMAT=COMPACT COMMENT='菜单信息';

-- ----------------------------
--  Records of `system_menu`
-- ----------------------------
BEGIN;
INSERT INTO `system_menu` VALUES ('01600c998f4040c5926cadeeee525acb', '2020-08-22 17:34:14', '2020-08-22 17:34:14', '1', '1', '6eadb897cf7b42bca206cf119820b3bb', '学习卡', '/market/studycard/pc', '/pcboss/market/studycard/list', null, null, '2'), ('03c21615ccea423b851a552124929efa', '2020-08-28 22:15:53', '2020-08-28 22:15:53', '1', '1', '3978e74ba30b4cdaa556b7d7a582e61b', '优惠券分页列表接口', '', '/pcboss/market/coupon/list', null, null, '3'), ('05173427af9e4e83b1d8357fe23e606e', '2020-11-18 16:10:21', '2020-11-18 16:10:21', '1', '3', '1153498794638020609', '登录日志', '/system/log/loginLog', '/pcboss/system/loginLog/list', null, '登录日志', '2'), ('0a538193f43c438d9405ddc624f8457e', '2020-08-28 22:14:35', '2020-08-28 22:14:35', '1', '1', '01600c998f4040c5926cadeeee525acb', '学习卡查看接口', '', '/pcboss/market/studycard/view', null, null, '3'), ('0eed407104cc47efbf31182b497f22a8', '2020-09-01 18:25:48', '2020-09-01 18:25:48', '1', '1', '308e04eb3f394322834652db61474164', '更新积点配置', '', '/pcboss/market/dot/config/update', null, null, '3'), ('1153478139284656129', '2019-07-23 09:33:11', '2019-07-23 09:33:11', '1', '9', '0', '订单管理', 'order', '', null, '订单管理', '1'), ('1153478416205189122', '2019-07-23 09:34:17', '2019-07-23 09:34:17', '1', '7', '0', '首页管理', 'homepage', '', null, '首页管理', '1'), ('1153478559176429569', '2019-07-23 09:34:51', '2019-07-23 09:34:51', '1', '6', '0', '课程管理', 'course', '', null, '课程管理', '1'), ('1153478694937661442', '2019-07-23 09:35:23', '2019-07-23 09:35:23', '1', '5', '0', '教师管理', 'lecturer', '', null, '讲师管理', '1'), ('1153478801917579265', '2019-07-23 09:35:49', '2019-07-23 09:35:49', '1', '4', '0', '学生管理', 'user', '', null, '学员管理', '1'), ('1153478911053369345', '2019-07-23 09:36:15', '2019-07-23 09:36:15', '1', '1', '0', '系统管理', 'sys', '', null, '系统管理111', '1'), ('1153493592497295362', '2019-07-23 10:34:35', '2019-07-23 10:34:35', '1', '3', '1153478416205189122', '首页轮播', '/advert', '', null, '首页轮播', '1'), ('1153493835884367873', '2019-07-23 10:35:33', '2019-07-23 10:35:33', '1', '1', '1153493592497295362', '首页广告设置', '/homepage/advert/pc', '/pcboss/course/advert/list', null, '首页广告设置', '2'), ('1153494219218587650', '2019-07-23 10:37:05', '2019-07-23 10:37:05', '1', '2', '1153478416205189122', '首页专区管理', '/topic', '', null, '专区管理', '1'), ('1153494438295474177', '2019-07-23 10:37:57', '2019-07-23 10:37:57', '1', '1', '1153494219218587650', '专区设置', '/homepage/topic/pc', '/pcboss/course/topic/list', null, 'PC端设置', '2'), ('1153494698514288641', '2019-07-23 10:38:59', '2019-07-23 10:38:59', '1', '1', '1153478416205189122', '导航管理', '/website', '', null, '站点管理', '1'), ('1153494935626682369', '2019-07-23 10:39:56', '2019-07-23 10:39:56', '1', '3', '1153494698514288641', '头部导航', '/homepage/website/navigationBar', '/pcboss/system/fresh/navigation/bar/list', null, '头部导航列表接口', '2'), ('1153495031810461697', '2019-07-23 10:40:18', '2019-07-23 10:40:18', '1', '2', '1153494698514288641', '底部导航', '/homepage/website/bottomNavigation', '/pcboss/system/website/navigation/list', null, '底部导航', '2'), ('1153495155055890433', '2019-07-23 10:40:48', '2019-07-23 10:40:48', '1', '1', '1153494698514288641', '友情链接', '/homepage/website/friendLink', '/pcboss/system/website/link/list', null, '友情链接', '2'), ('1153495582782623746', '2019-07-23 10:42:30', '2019-07-23 10:42:30', '1', '2', '1153478559176429569', '课程管理', '/course', '', null, '课程管理', '1'), ('1153495768179249153', '2019-07-23 10:43:14', '2019-07-23 10:43:14', '1', '1', '1153478559176429569', '分类管理', '/subject', '', null, '分类管理', '1'), ('1153495948102307842', '2019-07-23 10:43:57', '2019-07-23 10:43:57', '1', '2', '1153495582782623746', '课程列表', '/course/course/course', '/pcboss/course/fresh/course/list', null, '课程列表', '2'), ('1153496094022144002', '2019-07-23 10:44:32', '2019-07-23 10:44:32', '1', '1', '1153495582782623746', '课程审核列表', '/course/course/apply', '/pcboss/course/fresh/course/apply/list', null, '课程发布列表', '2'), ('1153496241066053634', '2019-07-23 10:45:07', '2019-07-23 10:45:07', '1', '1', '1153495768179249153', '分类列表', '/course/subject/subject', '/pcboss/course/course/subject/list', null, '分类列表', '2'), ('1153496406875279362', '2019-07-23 10:45:46', '2019-07-23 10:45:46', '1', '2', '1153478694937661442', '教师管理', '/teacher', '', null, '讲师管理', '1'), ('1153496795896975361', '2019-07-23 10:47:19', '2019-07-23 10:47:19', '1', '2', '1153496406875279362', '教师列表', '/teacher/teacher/teacher', '/pcboss/user/teacher/list', null, '教师列表', '2'), ('1153497106191585282', '2019-07-23 10:48:33', '2019-07-23 10:48:33', '1', '1', '1153496406875279362', '教师审核列表', '/teacher/teacher/apply', '/pcboss/user/teacher/audit/list', null, '讲师审核列表', '2'), ('1153498121905213442', '2019-07-23 10:52:35', '2019-07-23 10:52:35', '1', '5', '1153478911053369345', '权限管理', '/pms', '', null, '权限管理', '1'), ('1153498480237187073', '2019-07-23 10:54:01', '2019-07-23 10:54:01', '1', '3', '1153478911053369345', '站点管理', '/website', '', null, '站点管理', '1'), ('1153498794638020609', '2019-07-23 10:55:16', '2019-07-23 10:55:16', '1', '1', '1153478911053369345', '日志查看', '/log', '', null, '日志查看', '1'), ('1153498940276838401', '2019-07-23 10:55:50', '2019-07-23 10:55:50', '1', '3', '1153498121905213442', '用户管理', '/system/pms/user', '/pcboss/system/system/user/list', null, '用户管理', '2'), ('1153499292782923778', '2019-07-23 10:57:14', '2019-07-23 10:57:14', '1', '2', '1153498121905213442', '角色管理', '/system/pms/role', '/pcboss/system/system/role/list', null, '角色管理', '2'), ('1153499423880089601', '2019-07-23 10:57:46', '2019-07-23 10:57:46', '1', '1', '1153498121905213442', '菜单管理', '/system/pms/menu', '/pcboss/system/menu/list', null, '菜单管理', '2'), ('1153500580878848001', '2019-07-23 11:02:21', '2019-07-23 11:02:21', '1', '5', '1153498480237187073', '站点设置', '/system/website/website', '/pcboss/system/fresh/website/view', null, '站点设置', '2'), ('1156030262547324930', '2019-07-30 10:34:26', '2019-07-30 10:34:26', '1', '1', '1153493835884367873', '添加', '', '/pcboss/course/advert/add', null, '跳添加页面弹窗', '3'), ('1156030361037971458', '2019-07-30 10:34:49', '2019-07-30 10:34:49', '1', '1', '1153493835884367873', '保存', '', '/pcboss/course/advert/save', null, '保存接口', '3'), ('1156030992003899394', '2019-07-30 10:37:20', '2019-07-30 10:37:20', '1', '1', '1153493835884367873', '更新', '', '/pcboss/course/advert/update', null, '更新接口', '3'), ('1156032108988997634', '2019-07-30 10:41:46', '2019-07-30 10:41:46', '1', '1', '1153494438295474177', '添加', '', '/pcboss/course/topic/add', null, '添加页面', '3'), ('1156032296088510465', '2019-07-30 10:42:31', '2019-07-30 10:42:31', '1', '1', '1153494438295474177', '保存', '', '/pcboss/course/topic/save', null, '保存接口', '3'), ('1156032474489036801', '2019-07-30 10:43:13', '2019-07-30 10:43:13', '1', '1', '1153494438295474177', '删除', '', '/pcboss/course/topic/delete', null, '删除', '3'), ('1156033449756991490', '2019-07-30 10:47:06', '2019-07-30 10:47:06', '1', '1', '1153494438295474177', '修改', '', '/pcboss/course/topic/view', null, '修改页面', '3'), ('1156033853009960961', '2019-07-30 10:48:42', '2019-07-30 10:48:42', '1', '1', '1153494438295474177', '更新', '', '/pcboss/course/topic/update', null, '更新接口', '3'), ('1156035023040421889', '2019-07-30 10:53:21', '2019-07-30 10:53:21', '1', '1', '1153494438295474177', '专区课程', null, '/pcboss/course/topic/course/list', null, '专区课程新窗口打开', '3'), ('1156035443800416257', '2019-07-30 10:55:01', '2019-07-30 10:55:01', '1', '1', '1156035023040421889', '添加', '', '/pcboss/course/course/list', null, '添加课程列出接口', '3'), ('1156035689204948994', '2019-07-30 10:56:00', '2019-07-30 10:56:00', '1', '1', '1156035023040421889', '保存', '', '/pcboss/course/topic/course/save', null, '保存添加', '3'), ('1156036045850812417', '2019-07-30 10:57:25', '2019-07-30 10:57:25', '1', '1', '1156035023040421889', '删除', '', '/pcboss/course/topic/course/delete', null, '专区课程删除接口', '3'), ('1156036539059019777', '2019-07-30 10:59:22', '2019-07-30 10:59:22', '1', '1', '1156035023040421889', '修改', '', '/pcboss/course/topic/course/edit', null, '修改弹窗页面', '3'), ('1156036653299277825', '2019-07-30 10:59:49', '2019-07-30 10:59:49', '1', '1', '1156035023040421889', '更新', '', '/pcboss/course/topic/course/update', null, '专区课程接口', '3'), ('1156036831607529473', '2019-07-30 11:00:32', '2019-07-30 11:00:32', '1', '1', '1153493835884367873', '修改', '', '/pcboss/course/advert/edit', null, '修改页面弹窗', '3'), ('1156037020263129089', '2019-07-30 11:01:17', '2019-07-30 11:01:17', '1', '1', '1153493835884367873', '删除', '', '/pcboss/course/advert/delete', null, '删除接口', '3'), ('1156039623340466178', '2019-07-30 11:11:38', '2019-07-30 11:11:38', '1', '1', '1153494935626682369', '添加', '', '/pcboss/system/fresh/navigation/bar/add', null, '添加弹窗', '3'), ('1156039959035781122', '2019-07-30 11:12:58', '2019-07-30 11:12:58', '1', '1', '1153494935626682369', '保存', '', '/pcboss/system/fresh/navigation/bar/save', null, '保存接口', '3'), ('1156040289144283137', '2019-07-30 11:14:16', '2019-07-30 11:14:16', '1', '1', '1153494935626682369', '删除', '', '/pcboss/system/fresh/navigation/bar/delete', null, '删除接口', '3'), ('1156040630476742658', '2019-07-30 11:15:38', '2019-07-30 11:15:38', '1', '1', '1153494935626682369', '修改', '', '/pcboss/system/fresh/navigation/bar/edit', null, '修改弹窗', '3'), ('1156040868612546562', '2019-07-30 11:16:34', '2019-07-30 11:16:34', '1', '1', '1153494935626682369', '更新', '', '/pcboss/system/fresh/navigation/bar/update', null, '更新接口', '3'), ('1156041685298061313', '2019-07-30 11:19:49', '2019-07-30 11:19:49', '1', '7', '1153495031810461697', '添加', '', '/pcboss/system/website/navigation/add', null, '添加弹窗', '3'), ('1156042299306418177', '2019-07-30 11:22:16', '2019-07-30 11:22:16', '1', '6', '1153495031810461697', '保存', '', '/pcboss/system/website/navigation/save', null, '保存接口', '3'), ('1156042595428474882', '2019-07-30 11:23:26', '2019-07-30 11:23:26', '1', '5', '1153495031810461697', '删除', '', '/pcboss/system/website/navigation/delete', null, '删除', '3'), ('1156043168856940545', '2019-07-30 11:25:43', '2019-07-30 11:25:43', '1', '4', '1153495031810461697', '修改', '', '/pcboss/system/website/navigation/edit', null, '修改弹窗', '3'), ('1156043234770427905', '2019-07-30 11:25:59', '2019-07-30 11:25:59', '1', '3', '1153495031810461697', '更新', '', '/pcboss/system/website/navigation/update', null, '更新接口', '3'), ('1156045293838147585', '2019-07-30 11:34:10', '2019-07-30 11:34:10', '1', '2', '1153495031810461697', '文章管理', null, '/pcboss/system/website/navigation/article/view', null, '文章管理新窗口', '3'), ('1156099141575385090', '2019-07-30 15:08:08', '2019-07-30 15:08:08', '1', '1', '1153495155055890433', '添加', '', '/pcboss/system/website/link/add', null, '添加弹窗', '3'), ('1156099301554528257', '2019-07-30 15:08:46', '2019-07-30 15:08:46', '1', '1', '1153495155055890433', '保存', '', '/pcboss/system/website/link/save', null, '保存接口', '3'), ('1156099420307857410', '2019-07-30 15:09:14', '2019-07-30 15:09:14', '1', '1', '1153495155055890433', '删除', '', '/pcboss/system/website/link/delete', null, '删除接口', '3'), ('1156099620929806338', '2019-07-30 15:10:02', '2019-07-30 15:10:02', '1', '1', '1153495155055890433', '修改', '', '/pcboss/system/website/link/edit', null, '修改弹窗', '3'), ('1156099736667430914', '2019-07-30 15:10:30', '2019-07-30 15:10:30', '1', '1', '1153495155055890433', '更新', '', '/pcboss/system/website/link/update', null, '更新接口', '3'), ('1156102063474352129', '2019-07-30 15:19:44', '2019-07-30 15:19:44', '1', '1', '1153495948102307842', '修改', '', '/pcboss/course/fresh/course/view', null, '修改弹窗', '3'), ('1156102212472807425', '2019-07-30 15:20:20', '2019-07-30 15:20:20', '1', '1', '1153495948102307842', '更新', '', '/pcboss/course/fresh/course/update', null, '更新接口', '3'), ('1156106290552643585', '2019-07-30 15:36:32', '2019-07-30 15:36:32', '1', '1', '1153496094022144002', '查看', '', '/pcboss/course/fresh/course/apply/view', null, '查看', '3'), ('1156106778274701314', '2019-07-30 15:38:29', '2019-07-30 15:38:29', '1', '1', '1153496094022144002', '审核课程', '', '/pcboss/course/fresh/course/apply/audit', null, '审核课程', '3'), ('1156106947468730369', '2019-07-30 15:39:09', '2019-07-30 15:39:09', '1', '1', '1153496094022144002', '更新', '', '/pcboss/course/fresh/course/apply/update', null, '更新', '3'), ('1156389609588662274', '2019-07-31 10:22:21', '2019-07-31 10:22:21', '1', '1', '1153496241066053634', '添加', '', '/pcboss/course/course/subject/add', null, '添加弹窗', '3'), ('1156389834885701634', '2019-07-31 10:23:15', '2019-07-31 10:23:15', '1', '1', '1153496241066053634', '保存', '', '/pcboss/course/course/subject/save', null, '保存接口', '3'), ('1156390300390531073', '2019-07-31 10:25:06', '2019-07-31 10:25:06', '1', '1', '1153496241066053634', '修改', '', '/pcboss/course/course/subject/view', null, '修改弹窗', '3'), ('1156390387736911873', '2019-07-31 10:25:26', '2019-07-31 10:25:26', '1', '1', '1153496241066053634', '更新', '', '/pcboss/course/course/subject/update', null, '更新', '3'), ('1156390708198514689', '2019-07-31 10:26:43', '2019-07-31 10:26:43', '1', '1', '1153496241066053634', '删除', '', '/pcboss/course/course/subject/delete', null, '删除', '3'), ('1156393404230017026', '2019-07-31 10:37:26', '2019-07-31 10:37:26', '1', '1', '1153496795896975361', '修改', '', '/pcboss/user/teacher/view', null, '修改、查看、设置分成弹窗', '3'), ('1156393596735987714', '2019-07-31 10:38:11', '2019-07-31 10:38:11', '1', '1', '1153496795896975361', '更新', '', '/pcboss/user/teacher/update', null, '更新', '3'), ('1156394505545195522', '2019-07-31 10:41:48', '2019-07-31 10:41:48', '1', '1', '1153497106191585282', '添加', '', '/pcboss/user/teacher/audit/add', null, '添加弹窗', '3'), ('1156395045071101953', '2019-07-31 10:43:57', '2019-07-31 10:43:57', '1', '1', '1153497106191585282', '保存', '', '/pcboss/user/teacher/audit/save', null, '保存接口', '3'), ('1156395484629966849', '2019-07-31 10:45:42', '2019-07-31 10:45:42', '1', '1', '1153497106191585282', '修改', '', '/pcboss/user/teacher/audit/view', null, '修改、查看弹窗', '3'), ('1156395794031190017', '2019-07-31 10:46:55', '2019-07-31 10:46:55', '1', '1', '1153497106191585282', '校验教师是否存在', '', '/pcboss/user/teacher/audit/check', null, '校验教师是否存在', '3'), ('1156395965360119810', '2019-07-31 10:47:36', '2019-07-31 10:47:36', '1', '1', '1153497106191585282', '更新', '', '/pcboss/user/teacher/audit/update', null, '更新弹窗', '3'), ('1156396502923091970', '2019-07-31 10:49:44', '2019-07-31 10:49:44', '1', '1', '1153497106191585282', '审核页面', '', '/pcboss/user/teacher/audit/isAudit', null, '审核弹窗', '3'), ('1156396635052056577', '2019-07-31 10:50:16', '2019-07-31 10:50:16', '1', '1', '1153497106191585282', '审核更新', '', '/pcboss/user/teacher/audit/audit', null, '审核更新', '3'), ('1156452734279098369', '2019-07-31 14:33:11', '2019-07-31 14:33:11', '1', '1', '1153497221941792770', '批量标记为已打款', '', '/pcboss/user/lecturer/profit/batch', null, '批量标记为已打款', '3'), ('1156453190803922945', '2019-07-31 14:35:00', '2019-07-31 14:35:00', '1', '1', '1153497221941792770', '打款跳页面', '', '/pcboss/user/lecturer/profit/edit', null, '打款跳页面', '3'), ('1156453747622944769', '2019-07-31 14:37:13', '2019-07-31 14:37:13', '1', '1', '1153497221941792770', '更新讲师打款状态', '', '/pcboss/user/lecturer/profit/update', null, '更新讲师打款状态', '3'), ('1156467834150985729', '2019-07-31 15:33:11', '2019-07-31 15:33:11', '1', '1', '1153498940276838401', '添加', '', '/pcboss/system/system/user/add', null, '添加弹窗', '3'), ('1156467976803459073', '2019-07-31 15:33:45', '2019-07-31 15:33:45', '1', '1', '1153498940276838401', '保存', '', '/pcboss/system/system/user/save', null, '保存接口', '3'), ('1156468115706224642', '2019-07-31 15:34:18', '2019-07-31 15:34:18', '1', '1', '1153498940276838401', '删除', '', '/pcboss/system/system/user/delete', null, '删除接口', '3'), ('1156471160762540033', '2019-07-31 15:46:24', '2019-07-31 15:46:24', '1', '1', '1153498940276838401', '修改', '', '/pcboss/system/system/user/view', null, '修改弹窗', '3'), ('1156471428245889026', '2019-07-31 15:47:28', '2019-07-31 15:47:28', '1', '1', '1153498940276838401', '更新', '', '/pcboss/system/system/user/update', null, '更新接口', '3'), ('1156471546990829570', '2019-07-31 15:47:56', '2019-07-31 15:47:56', '1', '1', '1153498940276838401', '更新密码弹窗', '', '/pcboss/system/system/user/password', null, '更新密码弹窗', '3'), ('1156471749651210241', '2019-07-31 15:48:45', '2019-07-31 15:48:45', '1', '1', '1153498940276838401', '更新密码', '', '/pcboss/system/system/user/update/password', null, '更新密码接口', '3'), ('1156472210034794497', '2019-07-31 15:50:34', '2019-07-31 15:50:34', '1', '1', '1153498940276838401', '设置角色', '', '/pcboss/system/system/role/list', null, '设置角色弹窗', '3'), ('1156472470257803266', '2019-07-31 15:51:36', '2019-07-31 15:51:36', '1', '1', '1153498940276838401', '保存用户角色', '', '/pcboss/system/system/role/user/save', null, '保存用户角色接口', '3'), ('1156472761619324929', '2019-07-31 15:52:46', '2019-07-31 15:52:46', '1', '1', '1153498940276838401', '用户关联的角色', '', '/pcboss/system/system/role/user/list', null, '获取用户关联的角色', '3'), ('1156473195461353473', '2019-07-31 15:54:29', '2019-07-31 15:54:29', '1', '1', '1153498940276838401', '列出用户', '', '/pcboss/user/user/list', null, '列出用户', '3'), ('1156473846425722881', '2019-07-31 15:57:04', '2019-07-31 15:57:04', '1', '1', '1153499292782923778', '添加', '', '/pcboss/system/system/role/add', null, '添加弹窗', '3'), ('1156473962389839874', '2019-07-31 15:57:32', '2019-07-31 15:57:32', '1', '1', '1153499292782923778', '保存', '', '/pcboss/system/system/role/save', null, '保存接口', '3'), ('1156474159387910146', '2019-07-31 15:58:19', '2019-07-31 15:58:19', '1', '1', '1153499292782923778', '删除', '', '/pcboss/system/system/role/delete', null, '删除接口', '3'), ('1156475549820657665', '2019-07-31 16:03:51', '2019-07-31 16:03:51', '1', '1', '1153499292782923778', '修改', '', '/pcboss/system/system/role/view', null, '修改修改弹窗', '3'), ('1156475705584525314', '2019-07-31 16:04:28', '2019-07-31 16:04:28', '1', '1', '1153499292782923778', '更新', '', '/pcboss/system/system/role/update', null, '更新接口', '3'), ('1156475975043391490', '2019-07-31 16:05:32', '2019-07-31 16:05:32', '1', '1', '1153499292782923778', '设置权限', '', '/pcboss/system/menu/list', null, '设置权限弹窗', '3'), ('1156476159274000386', '2019-07-31 16:06:16', '2019-07-31 16:06:16', '1', '1', '1153499292782923778', '菜单角色关联', '', '/pcboss/system/menu/role/list', null, '菜单角色关联', '3'), ('1156476414988132353', '2019-07-31 16:07:17', '2019-07-31 16:07:17', '1', '1', '1153499292782923778', '保存角色菜单关联', '', '/pcboss/system/menu/role/save', null, '角色菜单关联接口', '3'), ('1156477233678524418', '2019-07-31 16:10:32', '2019-07-31 16:10:32', '1', '1', '1153499423880089601', '添加', '', '/pcboss/system/menu/add', null, '添加弹窗', '3'), ('1156477357225943042', '2019-07-31 16:11:01', '2019-07-31 16:11:01', '1', '1', '1153499423880089601', '保存', '', '/pcboss/system/menu/save', null, '保存接口', '3'), ('1156477431565787138', '2019-07-31 16:11:19', '2019-07-31 16:11:19', '1', '1', '1153499423880089601', '删除', '', '/pcboss/system/menu/delete', null, '删除接口', '3'), ('1156478453679923201', '2019-07-31 16:15:23', '2019-07-31 16:15:23', '1', '1', '1153499423880089601', '修改', '', '/pcboss/system/menu/view', null, '修改弹窗', '3'), ('1156478738817097730', '2019-07-31 16:16:31', '2019-07-31 16:16:31', '1', '1', '1153499423880089601', '更新', '', '/pcboss/system/menu/update', null, '更新', '3'), ('1156763603487694849', '2019-08-01 11:08:28', '2019-08-01 11:08:28', '1', '1', '1153501173945044993', '添加', '', '/pcboss/user/platform/add', null, '添加弹窗', '3'), ('1156763684647477250', '2019-08-01 11:08:47', '2019-08-01 11:08:47', '1', '1', '1153501173945044993', '保存', '', '/pcboss/user/platform/save', null, '保存接口', '3'), ('1156763793531609089', '2019-08-01 11:09:13', '2019-08-01 11:09:13', '1', '1', '1153501173945044993', '修改', '', '/pcboss/user/platform/view', null, '修改、查看弹窗', '3'), ('1156763879334486018', '2019-08-01 11:09:34', '2019-08-01 11:09:34', '1', '1', '1153501173945044993', '更新', '', '/pcboss/user/platform/update', null, '更新', '3'), ('1156770628078673921', '2019-08-01 11:36:23', '2019-08-01 11:36:23', '1', '1', '1153498480237187073', '系统更新', '', '/pcboss/system/system/update', null, '系统更新接口', '3'), ('1156770804654678017', '2019-08-01 11:37:05', '2019-08-01 11:37:05', '1', '4', '1153498480237187073', '站点富文本上传图片', '', '/pcboss/course/api/upload/pic', null, '站点富文本上传图片接口', '3'), ('1156770958275256321', '2019-08-01 11:37:41', '2019-08-01 11:37:41', '1', '3', '1153498480237187073', '站点更新', '', '/pcboss/system/fresh/website/update', null, '站点更新接口', '3'), ('1156771497591447553', '2019-08-01 11:39:50', '2019-08-01 11:39:50', '1', '1', '1153495031810461697', '导航文章更新', '', '/pcboss/system/website/navigation/article/update', null, '导航文章更新', '3'), ('1156846769674223617', '2019-08-01 16:38:56', '2019-08-01 16:38:56', '1', '10', '0', '首页', 'dashboard', '', null, '首页', '1'), ('1158323404529299458', '2019-08-05 18:26:33', '2019-08-05 18:26:33', '1', '1', '1153501173945044993', '删除', '', '/pcboss/user/platform/delete', null, '删除接口', '3'), ('1160850528846749698', '2019-08-12 17:48:27', '2019-08-12 17:48:27', '1', '1', '1153478801917579265', '学生列表', '/user/student', '/pcboss/user/user/ext/list', null, '学员列表', '2'), ('1160851003339972610', '2019-08-12 17:50:20', '2019-08-12 17:50:20', '1', '1', '1160850528846749698', '修改', '', '/pcboss/user/user/ext/view', null, '修改、查看弹窗', '3'), ('1160851295330639874', '2019-08-12 17:51:29', '2019-08-12 17:51:29', '1', '1', '1160850528846749698', '更新', '', '/pcboss/user/user/ext/update', null, '更新接口', '3'), ('1237594255145402370', '2020-03-11 12:20:38', '2020-03-11 12:20:38', '1', '1', '1153478801917579265', '学生组管理', '/user/studentGroup', '/pcboss/user/user/group/list', null, null, '2'), ('1237615405342752770', '2020-03-11 13:44:41', '2020-03-11 13:44:41', '1', '1', '1237594255145402370', '增加', '', '/pcboss/user/user/group/save', null, null, '3'), ('1237629590336241666', '2020-03-11 14:41:03', '2020-03-11 14:41:03', '1', '1', '1237594255145402370', '修改', '', '/pcboss/user/user/group/update', null, null, '3'), ('1237637804939329537', '2020-03-11 15:13:41', '2020-03-11 15:13:41', '1', '1', '1237594255145402370', '删除', '', '/pcboss/user/user/group/delete', null, null, '3'), ('1237637913173344257', '2020-03-11 15:14:07', '2020-03-11 15:14:07', '1', '1', '1237594255145402370', '查看', '', '/pcboss/user/user/group/view', null, null, '3'), ('1237732560876863489', '2020-03-11 21:30:13', '2020-03-11 21:30:13', '1', '1', '1237594255145402370', '查看绑定/解绑学生', '', '/pcboss/user/user/group/relate/list', null, null, '3'), ('1237753095350415361', '2020-03-11 22:51:48', '2020-03-11 22:51:48', '1', '1', '1237732560876863489', '绑定学员', '', '/pcboss/user/user/group/relate/save', null, null, '3'), ('1247079477561888769', '2020-04-06 16:31:31', '2020-04-06 16:31:31', '1', '8', '0', '新闻管理', 'news', '', null, null, '1'), ('1247136949664256002', '2020-04-06 20:19:54', '2020-04-06 20:19:54', '1', '1', '1247079477561888769', '新闻发布', '/news', '', null, null, '1'), ('1247137713874833409', '2020-04-06 20:22:56', '2020-04-06 20:22:56', '1', '1', '1247136949664256002', '新闻管理', '/news/news/pc', '/pcboss/system/news/list', null, null, '2'), ('1247137943294873601', '2020-04-06 20:23:51', '2020-04-06 20:23:51', '1', '1', '1247137713874833409', '增加', '', '/pcboss/system/news/save', null, null, '3'), ('1247138091966173185', '2020-04-06 20:24:26', '2020-04-06 20:24:26', '1', '1', '1247137713874833409', '删除', '', '/pcboss/system/news/delete', null, null, '3'), ('1247138182709940225', '2020-04-06 20:24:48', '2020-04-06 20:24:48', '1', '1', '1247137713874833409', '修改', '', '/pcboss/system/news/update', null, null, '3'), ('1247138266277253121', '2020-04-06 20:25:08', '2020-04-06 20:25:08', '1', '1', '1247137713874833409', '查看', '', '/pcboss/system/news/view', null, null, '3'), ('1284696020512518146', '2020-07-19 11:46:14', '2020-07-19 11:46:14', '1', '3', '1153498480237187073', '缓存管理', '/system/website/cache', '/pcboss/system/cachelog/list', null, null, '2'), ('1284705761741512706', '2020-07-19 12:24:56', '2020-07-19 12:24:56', '1', '1', '1284696020512518146', '缓存更新', '', '/pcboss/system/cachelog/update', null, null, '3'), ('1288423092346957825', '2020-07-29 18:36:17', '2020-07-29 18:36:17', '1', '4', '1153498480237187073', '系统配置', '/system/website/systemconfig', '/pcboss/system/system/config/view', null, null, '2'), ('1288423276518846466', '2020-07-29 18:37:01', '2020-07-29 18:37:01', '1', '1', '1288423092346957825', '系统配置更新', '', '/pcboss/system/system/config/update', null, null, '3'), ('15ad3209d5324a8dbbb796b287fa9365', '2020-08-28 22:33:29', '2020-08-28 22:33:29', '1', '1', '01600c998f4040c5926cadeeee525acb', '学习卡更新接口', '', '/pcboss/market/studycard/update', null, null, '3'), ('174b2a5f6c29410f8e9096e0110036aa', '2021-05-22 21:41:40', '2021-05-22 21:41:40', '1', '1', '1160850528846749698', '删除', '', '/pcboss/user/user/ext/delete', null, null, '3'), ('1e6faa4730724cdc9932eaba6e3a2968', '2020-08-31 20:57:39', '2020-08-31 20:57:39', '1', '1', '1153496795896975361', '绑定教师和学生组', '', '/pcboss/teacher/student/student/group/save', null, null, '3'), ('26b9cfbd7bd341fb880a57a18c52fd7e', '2021-01-01 20:27:41', '2021-01-01 20:27:41', '1', '1', '1153494698514288641', '底部二维码', '/homepage/website/bottomQrCode', '/pcboss/system/bottom/qr/code/list', null, null, '2'), ('2c5ec2d4a41a4e2c85915734645967f9', '2020-08-28 22:15:18', '2020-08-28 22:15:18', '1', '1', '3978e74ba30b4cdaa556b7d7a582e61b', '课程范围', '', '/pcboss/course/fresh/course/list', null, null, '3'), ('2ce2496f8e0542b589d7482dfdbffdc6', '2020-11-15 22:47:13', '2020-11-15 22:47:13', '1', '1', '60aeb58dd9794e65a5b8a66814f55851', '删除', '', '/pcboss/system/newsType/delete', null, null, '3'), ('2e3387d0509242428164b858d0722720', '2021-01-01 20:30:01', '2021-01-01 20:30:01', '1', '1', '26b9cfbd7bd341fb880a57a18c52fd7e', '底部二维码查看', '', '/pcboss/system/bottom/qr/code/view', null, null, '3'), ('308e04eb3f394322834652db61474164', '2020-09-01 16:47:47', '2020-09-01 16:47:47', '1', '3', '6eadb897cf7b42bca206cf119820b3bb', '积点配置', '/market/dotconfig', '/pcboss/market/dot/config/view', null, null, '2'), ('3978e74ba30b4cdaa556b7d7a582e61b', '2020-08-28 22:09:28', '2020-08-28 22:09:28', '1', '1', '6eadb897cf7b42bca206cf119820b3bb', '优惠券', '/market/coupon/pc', '/pcboss/market/coupon/list', null, null, '2'), ('3b75601ffb6c427485401b1652cca7e8', '2021-01-01 20:29:10', '2021-01-01 20:29:10', '1', '1', '26b9cfbd7bd341fb880a57a18c52fd7e', '底部二维码更新', '', '/pcboss/system/bottom/qr/code/update', null, null, '3'), ('4107d7e63f564795abb27b17fb7684b6', '2020-08-28 22:14:05', '2020-08-28 22:14:05', '1', '1', '01600c998f4040c5926cadeeee525acb', '学习卡删除接口', '', '/pcboss/market/studycard/delete', null, null, '3'), ('41ea23b7759e463891f9c58639930f73', '2021-01-01 20:28:52', '2021-01-01 20:28:52', '1', '1', '26b9cfbd7bd341fb880a57a18c52fd7e', '底部二维码增加', '', '/pcboss/system/bottom/qr/code/save', null, null, '3'), ('4525eecd7fe0473b86c8367c331ed5e4', '2020-11-15 22:47:29', '2020-11-15 22:47:29', '1', '1', '60aeb58dd9794e65a5b8a66814f55851', '增加', '', '/pcboss/system/newsType/save', null, null, '3'), ('51131714f5da4ae680ee436ee3fddeca', '2020-11-10 22:59:01', '2020-11-10 22:59:01', '1', '1', '1153496094022144002', '删除', '', '/pcboss/course/fresh/course/apply/delete', null, null, '3'), ('598f3be3ad3643f5a63a6b3a3186439d', '2020-09-01 22:05:35', '2020-09-01 22:05:35', '1', '1', '1153478139284656129', '订单详情', '/order/orderMain', '/ddfdfddds', null, null, '2'), ('5de0a06811654590bf39a7878ca895bd', '2020-11-15 22:46:33', '2020-11-15 22:46:33', '1', '1', '60aeb58dd9794e65a5b8a66814f55851', '查看', '', '/pcboss/system/newsType/view', null, null, '3'), ('60aeb58dd9794e65a5b8a66814f55851', '2020-11-15 22:46:12', '2020-11-15 22:46:12', '1', '1', '1247136949664256002', '新闻类型管理', '/news/newsType/pc', '/pcboss/system/newsType/list', null, null, '2'), ('60fc99cfc53a44f9add56c52825bde78', '2020-09-01 22:20:27', '2020-09-01 22:20:27', '1', '1', '598f3be3ad3643f5a63a6b3a3186439d', '订单详情列表', '', '/pcboss/order/ordermain/list', null, null, '3'), ('69d26b9cf6b24d70a9cededce2e90c8d', '2020-08-28 22:16:24', '2020-08-28 22:16:24', '1', '1', '3978e74ba30b4cdaa556b7d7a582e61b', '优惠券添加接口', '', '/pcboss/market/coupon/save', null, null, '3'), ('6eadb897cf7b42bca206cf119820b3bb', '2020-08-22 17:32:43', '2020-08-22 17:32:43', '1', '1', 'a587f1e6a2284d2d84c6351439bb708d', '卡券管理', 'card', '', null, null, '1'), ('6ee43ac531fc4cf190a9661cff99dfd0', '2020-09-07 14:42:37', '2020-09-07 14:42:37', '1', '1', 'b73bb19eae1c411cb6d12011d4e0975a', '中部导航查看', '', '/pcboss/system/mobileMiddleNavigation/view', null, null, '3'), ('72539edd72bf4a629442c80f2c9dbd32', '2020-08-28 22:16:45', '2020-08-28 22:16:45', '1', '1', '3978e74ba30b4cdaa556b7d7a582e61b', '优惠券删除接口', '', '/pcboss/market/coupon/delete', null, null, '3'), ('72953cacc97645d59911cb4f9cdffaea', '2021-01-01 20:29:38', '2021-01-01 20:29:38', '1', '1', '26b9cfbd7bd341fb880a57a18c52fd7e', '底部二维码删除', '', '/pcboss/system/bottom/qr/code/delete', null, null, '3'), ('7297ce9180854cf5ba3a360e12f9a481', '2020-08-22 17:40:38', '2020-08-22 17:40:38', '1', '1', '01600c998f4040c5926cadeeee525acb', '课程范围', '', '/pcboss/course/fresh/course/list', null, null, '3'), ('744bb8ce2d5a4aaeab265d77c9114ce2', '2020-09-02 21:36:21', '2020-09-02 21:36:21', '1', '1', '598f3be3ad3643f5a63a6b3a3186439d', '订单详情导出', '', '/pcboss/order/ordermain/export', null, null, '3'), ('754b7b632b2e48a29edfc8d97dd1e23d', '2021-05-23 12:21:18', '2021-05-23 12:21:18', '1', '1', '1153496795896975361', '删除', '', '/pcboss/user/teacher/delete', null, null, '3'), ('77ee8038d78e4c3e888a2256e92896cc', '2020-08-28 22:34:10', '2020-08-28 22:34:10', '1', '1', '3978e74ba30b4cdaa556b7d7a582e61b', '优惠券更新接口', '', '/pcboss/market/coupon/update', null, null, '3'), ('85ee4e8c4c144cfebf87685a73db9585', '2021-02-14 21:17:42', '2021-02-14 21:17:42', '1', '3', '0', '学习记录', 'studyLog', '', null, null, '1'), ('8962505ede1d47ed91c9343062f888e2', '2020-09-04 20:28:35', '2020-09-04 20:28:35', '1', '1', '01600c998f4040c5926cadeeee525acb', '学习卡导出', '', '/pcboss/market/studycard/export', null, null, '3'), ('906b11b7bfcb44e787f5e34471b55913', '2021-01-17 15:51:59', '2021-01-17 15:51:59', '1', '1', '1153498480237187073', '系统授权信息', '/system/website/authcenter', '/pcboss/authCenter/view', null, null, '2'), ('91c2a14723ef44c1b30b0bb289d06446', '2021-05-23 11:18:30', '2021-05-23 11:18:30', '1', '1', '1153497106191585282', '删除', '', '/pcboss/user/teacher/audit/delete', null, null, '3'), ('957ed11de6c44e629a3f0a4a28f70be5', '2020-09-06 11:25:08', '2020-09-06 11:25:08', '1', '1', '1160850528846749698', '增加学生', '', '/pcboss/user/user/ext/save', null, null, '3'), ('9b4d5721f0ce42819b95a8e8b10e88d0', '2020-08-31 20:36:08', '2020-08-31 20:36:08', '1', '1', '1153496795896975361', '获取教师拥有的学生组列表', '', '/pcboss/teacher/student/student/group/list', null, null, '3'), ('9f81b0ee328d4f97a81472a826611109', '2020-09-02 14:53:02', '2020-09-02 14:53:02', '1', '1', '598f3be3ad3643f5a63a6b3a3186439d', '订单详情删除', '', '/pcboss/order/ordermain/delete', null, null, '3'), ('a587f1e6a2284d2d84c6351439bb708d', '2020-08-22 17:32:04', '2020-08-22 17:32:04', '1', '2', '0', '营销管理', 'market', '', null, '营销管理', '1'), ('a6c72bc628ac4278b19747778ebf283d', '2020-09-03 16:10:51', '2020-09-03 16:10:51', '1', '1', '1160850528846749698', '导入学生', '', '/pcboss/user/user/ext/import', null, null, '3'), ('a7b2e10b65e34817b6a38d68870d7772', '2020-09-07 14:41:30', '2020-09-07 14:41:30', '1', '1', 'b73bb19eae1c411cb6d12011d4e0975a', '中部导航保存', '', '/pcboss/system/mobileMiddleNavigation/save', null, null, '3'), ('ad1fb58aef0b4ae6ac1c48825f9f4152', '2020-09-06 12:08:40', '2020-09-06 12:08:40', '1', '1', '1160850528846749698', '学生密码重置', '', '/pcboss/user/user/ext/resetPassword', null, null, '3'), ('b73bb19eae1c411cb6d12011d4e0975a', '2020-09-07 13:35:54', '2020-09-07 13:35:54', '1', '1', '1153494698514288641', '移动中部导航', '/homepage/website/mobileMiddleNavigation', '/pcboss/system/mobileMiddleNavigation/list', null, null, '2'), ('b9dbc02280d641ef86ac5478dcc4a75a', '2020-09-04 11:34:31', '2020-09-04 11:34:31', '1', '1', '1160850528846749698', '学生导入模版', '', '/pcboss/user/user/ext/exportTemplate', null, null, '3'), ('ba6c2385b1d3455596db84bbd877c3d5', '2020-11-18 23:44:51', '2020-11-18 23:44:51', '1', '1', '1153498794638020609', '操作日志', '/system/log/operateLog', '/pcboss/system/operateLog/list', null, null, '2'), ('c70aa8df6c0344929dd0583349a0c378', '2020-11-15 22:46:52', '2020-11-15 22:46:52', '1', '1', '60aeb58dd9794e65a5b8a66814f55851', '修改', '', '/pcboss/system/newsType/update', null, null, '3'), ('ced52013c14849359fc309e4955c8010', '2020-09-07 14:43:15', '2020-09-07 14:43:15', '1', '1', 'b73bb19eae1c411cb6d12011d4e0975a', '中部导航删除', '', '/pcboss/system/mobileMiddleNavigation/delete', null, null, '3'), ('cf940b01973148cca382cb64b5077d94', '2020-08-28 22:13:42', '2020-08-28 22:13:42', '1', '1', '01600c998f4040c5926cadeeee525acb', '学习卡添加接口', '', '/pcboss/market/studycard/save', null, null, '3'), ('e4a6aa36bb2141cd9ffbbd1804b400ed', '2020-08-28 22:13:12', '2020-08-28 22:13:12', '1', '1', '01600c998f4040c5926cadeeee525acb', '学习卡分页列表接口', '', '/pcboss/market/studycard/list', null, null, '3'), ('e78893087eb44e8b8b664e45ee083e49', '2020-09-24 22:24:31', '2020-09-24 22:24:31', '1', '1', '1153495948102307842', '课程信息是否有效更新接口', '', '/pcboss/course/fresh/course/updateCourseValidValue', null, null, '3'), ('e80ef6dddbd04d0aad1e074043736cbd', '2021-01-31 23:08:59', '2021-01-31 23:08:59', '1', '1', '1153498480237187073', '系统激活信息', '/system/website/authactivate', '/pcboss/authActivate/view', null, null, '2'), ('e852e318c5174841a36775a7b05bb938', '2021-02-04 23:38:52', '2021-02-04 23:38:52', '1', '1', '1153498480237187073', '返回系统信息(激活)', '', '/pcboss/authActivate/viewSystemInfo', null, null, '3'), ('ee8b45cfa2764aca850991cad2b7d48d', '2021-02-14 21:18:19', '2021-02-14 21:18:19', '1', '3', '85ee4e8c4c144cfebf87685a73db9585', '学习记录', '/user/studyLog', '/pcboss/user/userStudyLog/listByStudentUserNo', null, null, '2'), ('f1edc0c602df42789e9927823a87304a', '2020-09-07 14:42:00', '2020-09-07 14:42:00', '1', '1', 'b73bb19eae1c411cb6d12011d4e0975a', '中部导航修改', '', '/pcboss/system/mobileMiddleNavigation/update', null, null, '3'), ('f78a2f3e1c0143349c8e0aa8438d496d', '2020-11-13 17:57:04', '2020-11-13 17:57:04', '1', '1', '1156846769674223617', '订单统计', '', '/pcboss/order/ordermain/queryOrderCountBefore30Days', null, null, '3'), ('f78cd265747d4686aacaa977e0363801', '2020-08-28 22:17:08', '2020-08-28 22:17:08', '1', '1', '3978e74ba30b4cdaa556b7d7a582e61b', '优惠券查看接口', '', '/pcboss/market/coupon/view', null, null, '3'), ('fd8a2c3b82994496adf4f915d0041bbd', '2020-09-24 22:23:42', '2020-09-24 22:23:42', '1', '1', '1153495948102307842', '课程信息上下架更新接口', '', '/pcboss/course/fresh/course/updateCoursePutaway', null, null, '3');
COMMIT;

-- ----------------------------
--  Table structure for `system_menu_role`
-- ----------------------------
DROP TABLE IF EXISTS `system_menu_role`;
CREATE TABLE `system_menu_role` (
  `id` varchar(36) NOT NULL COMMENT '主键',
  `create_time` datetime NOT NULL DEFAULT CURRENT_TIMESTAMP COMMENT '创建时间',
  `modified_time` datetime NOT NULL DEFAULT CURRENT_TIMESTAMP COMMENT '修改时间',
  `valid_value` tinyint(3) unsigned NOT NULL DEFAULT '1' COMMENT '状态(1:正常，0:禁用)',
  `sort` int(11) unsigned NOT NULL DEFAULT '1' COMMENT '排序',
  `menu_id` varchar(36) NOT NULL COMMENT '菜单ID',
  `role_id` varchar(36) NOT NULL COMMENT '角色ID',
  PRIMARY KEY (`id`)
) ENGINE=InnoDB DEFAULT CHARSET=utf8mb4 ROW_FORMAT=COMPACT COMMENT='菜单角色关联表';

-- ----------------------------
--  Records of `system_menu_role`
-- ----------------------------
BEGIN;
INSERT INTO `system_menu_role` VALUES ('00d1f4d84dbe4c029a8e8ae14bf01e41', '2020-08-20 21:29:37', '2020-08-20 21:29:37', '1', '1', '1156039959035781122', '3'), ('01e8896b42c54735995cbfaa851924ce', '2021-05-23 12:21:46', '2021-05-23 12:21:46', '1', '1', '1156395965360119810', '1'), ('045cbf4fa5cc461f8c9bd3bc9be29bf3', '2021-05-23 12:21:46', '2021-05-23 12:21:46', '1', '1', '01600c998f4040c5926cadeeee525acb', '1'), ('05b75326bd7749ca9eb0497979861f7f', '2021-05-23 12:21:46', '2021-05-23 12:21:46', '1', '1', '1156040289144283137', '1'), ('075e48cbaf7d4def856c674e5e0507d1', '2021-05-23 12:21:46', '2021-05-23 12:21:46', '1', '1', '1156390300390531073', '1'), ('08724dfe7ee04eee95eacbcf7254ced3', '2021-05-23 12:21:46', '2021-05-23 12:21:46', '1', '1', '1156389834885701634', '1'), ('08726641605345e3aabfa407ec52f2de', '2020-08-20 21:29:37', '2020-08-20 21:29:37', '1', '1', '1156030361037971458', '3'), ('08826006d8cf4ade9ba2c1273eb89e9a', '2020-08-20 21:29:37', '2020-08-20 21:29:37', '1', '1', '1156035023040421889', '3'), ('091c27034ead4a9e84bbffac3720451c', '2021-05-23 12:21:46', '2021-05-23 12:21:46', '1', '1', '1156033449756991490', '1'), ('095882d04e654af6b549bb3f9381d8d0', '2021-05-23 12:21:46', '2021-05-23 12:21:46', '1', '1', 'fd8a2c3b82994496adf4f915d0041bbd', '1'), ('0aada48ac846437a9ff8991eae72ee16', '2021-05-23 12:21:46', '2021-05-23 12:21:46', '1', '1', '72539edd72bf4a629442c80f2c9dbd32', '1'), ('0ada40ac375b450a8f94bcd0fef47072', '2020-08-20 21:29:37', '2020-08-20 21:29:37', '1', '1', '1153494935626682369', '3'), ('0af09172e26e4fd79042f19a03c3e919', '2020-08-20 21:29:37', '2020-08-20 21:29:37', '1', '1', '1156040630476742658', '3'), ('0c9a92e9ba884f6b99d95549fa3d1aed', '2021-05-23 12:21:46', '2021-05-23 12:21:46', '1', '1', '1156477233678524418', '1'), ('0cd3e7ede7d44cc3a3c198ba267411cf', '2021-05-23 12:21:46', '2021-05-23 12:21:46', '1', '1', '1156099420307857410', '1'), ('0cfe2c48b0ca44e5a9b88baed6befd1d', '2020-08-20 21:29:37', '2020-08-20 21:29:37', '1', '1', '1156030262547324930', '3'), ('0db116f6d8494d2eaf3b93d8c669f586', '2021-05-23 12:21:46', '2021-05-23 12:21:46', '1', '1', '1156468115706224642', '1'), ('0e3c9d1d1de449fa95fada5eda1d96e3', '2021-05-23 12:21:46', '2021-05-23 12:21:46', '1', '1', '1156099620929806338', '1'), ('0e6e3de1149c41748956b2418a78d5d4', '2020-08-20 21:29:37', '2020-08-20 21:29:37', '1', '1', '1156099420307857410', '3'), ('0ea0605d00334f82b819788481d35d97', '2021-05-23 12:21:46', '2021-05-23 12:21:46', '1', '1', '1156390387736911873', '1'), ('12ed1f29adec44aaa8b0e5b7b52491da', '2021-05-23 12:21:46', '2021-05-23 12:21:46', '1', '1', '91c2a14723ef44c1b30b0bb289d06446', '1'), ('13076014f3a84a2b8252cbce8432be9a', '2020-08-20 21:29:37', '2020-08-20 21:29:37', '1', '1', '1156035689204948994', '3'), ('13c42fd8e7d5458abb7386b778587f0a', '2020-08-20 21:29:37', '2020-08-20 21:29:37', '1', '1', '1247137943294873601', '3'), ('1421042554a745729aa66931eb03edb6', '2021-05-23 12:21:46', '2021-05-23 12:21:46', '1', '1', '1237615405342752770', '1'), ('187b1b7b269748f1b0f76f0dd3ce8015', '2021-05-23 12:21:46', '2021-05-23 12:21:46', '1', '1', '1156475975043391490', '1'), ('198b4272ea3c43b0b9d79ab2a5a4eb28', '2021-05-23 12:21:46', '2021-05-23 12:21:46', '1', '1', '1156045293838147585', '1'), ('1cb26049063b4d10a6cdc5bdaf54c159', '2021-05-23 12:21:46', '2021-05-23 12:21:46', '1', '1', '1156102212472807425', '1'), ('20e1b7c930624a33a240c2123aa7edbf', '2021-05-23 12:21:46', '2021-05-23 12:21:46', '1', '1', '308e04eb3f394322834652db61474164', '1'), ('21c91221a45b4c3bbc8d0b70f2b74316', '2021-05-23 12:21:46', '2021-05-23 12:21:46', '1', '1', '1156035689204948994', '1'), ('2202e5cff44c4cbd93663584e7c1003b', '2021-05-23 12:21:46', '2021-05-23 12:21:46', '1', '1', '1156039623340466178', '1'), ('2326cdb0987346168a145dbe29a9c52e', '2020-08-20 21:29:37', '2020-08-20 21:29:37', '1', '1', '1156033853009960961', '3'), ('23490fe5c77946259afee5a8cdbabd12', '2021-05-23 12:21:46', '2021-05-23 12:21:46', '1', '1', '7297ce9180854cf5ba3a360e12f9a481', '1'), ('2350268ae95b407687934cec080cdf70', '2021-05-23 12:21:46', '2021-05-23 12:21:46', '1', '1', '744bb8ce2d5a4aaeab265d77c9114ce2', '1'), ('24240b90682b46fcb3736558968ebf94', '2020-08-20 21:29:37', '2020-08-20 21:29:37', '1', '1', '1156099301554528257', '3'), ('2494971bd6cc4472b44d48352bae1700', '2021-05-23 12:21:46', '2021-05-23 12:21:46', '1', '1', 'a6c72bc628ac4278b19747778ebf283d', '1'), ('25478071f6ef473bb94ded5f8404230b', '2021-05-23 12:21:46', '2021-05-23 12:21:46', '1', '1', '85ee4e8c4c144cfebf87685a73db9585', '1'), ('255c82546b7d4c1fb2833acf96cd9b39', '2020-08-20 21:29:37', '2020-08-20 21:29:37', '1', '1', '1153478416205189122', '3'), ('25ba34c16d01449da9308b2c9e231db0', '2020-08-20 21:29:37', '2020-08-20 21:29:37', '1', '1', '1247136949664256002', '3'), ('28abbdbf0b22435da40527d5a6c09c01', '2021-05-23 12:21:46', '2021-05-23 12:21:46', '1', '1', '1237637804939329537', '1'), ('29473d47473d4352a62e6f69e8516779', '2020-08-20 21:29:37', '2020-08-20 21:29:37', '1', '1', '1153495031810461697', '3'), ('2baa61dfc4564e16a1db6bb7ca9941fa', '2021-05-23 12:21:46', '2021-05-23 12:21:46', '1', '1', '1153478416205189122', '1'), ('2c5883b7d01b40e29a1f19c77120aa01', '2021-05-23 12:21:46', '2021-05-23 12:21:46', '1', '1', '1156478738817097730', '1'), ('2d222f5da75949bd81a0a5519c787aa6', '2020-08-20 21:29:37', '2020-08-20 21:29:37', '1', '1', '1153494219218587650', '3'), ('2d2912233703470f89c5512f61756be9', '2021-05-23 12:21:46', '2021-05-23 12:21:46', '1', '1', '1153498794638020609', '1'), ('2d3a26095bbe422d94a066a5189d3dd3', '2021-05-23 12:21:46', '2021-05-23 12:21:46', '1', '1', '1156036831607529473', '1'), ('2db753d690f7427a97a538f203809487', '2021-05-23 12:21:46', '2021-05-23 12:21:46', '1', '1', '1153494438295474177', '1'), ('2dd0611c474046a49e918ffa44ef09cf', '2021-05-23 12:21:46', '2021-05-23 12:21:46', '1', '1', '1247138091966173185', '1'), ('2e109cb9a7fe4726a44cb0f0c2beff49', '2021-05-23 12:21:46', '2021-05-23 12:21:46', '1', '1', '1156471160762540033', '1'), ('2e1f76e8989c4e90b02da90878ece45f', '2021-05-23 12:21:46', '2021-05-23 12:21:46', '1', '1', '1156771497591447553', '1'), ('2fc94f1dd6914a8badf6866892896e00', '2021-05-23 12:21:46', '2021-05-23 12:21:46', '1', '1', '41ea23b7759e463891f9c58639930f73', '1'), ('31bc0b016f3047539552c8dc3907c376', '2021-05-23 12:21:46', '2021-05-23 12:21:46', '1', '1', '1153478694937661442', '1'), ('3280d03c24d1404e96efa4a8c26dd854', '2021-05-23 12:21:46', '2021-05-23 12:21:46', '1', '1', 'f78a2f3e1c0143349c8e0aa8438d496d', '1'), ('3298bbcb8fac4218b14443b67ce50ceb', '2021-05-23 12:21:46', '2021-05-23 12:21:46', '1', '1', '1153499423880089601', '1'), ('34319e21cd5446f9930fadd3addff713', '2021-05-23 12:21:46', '2021-05-23 12:21:46', '1', '1', '9f81b0ee328d4f97a81472a826611109', '1'), ('34423e6507d74fb2be29cd33555ef916', '2020-08-20 21:29:37', '2020-08-20 21:29:37', '1', '1', '1153478694937661442', '3'), ('3617ebeae9ea4c7f8f4633c3d017b7f5', '2021-05-23 12:21:46', '2021-05-23 12:21:46', '1', '1', '1156035023040421889', '1'), ('3672126a993b4739ac2bec96e1ea4feb', '2021-05-23 12:21:46', '2021-05-23 12:21:46', '1', '1', '1156040630476742658', '1'), ('3674ecba0b594db2899839b09da28f9a', '2021-05-23 12:21:46', '2021-05-23 12:21:46', '1', '1', '1156472470257803266', '1'), ('3684541492494c3d89eedfa40987be7a', '2020-08-20 21:29:37', '2020-08-20 21:29:37', '1', '1', '1156036539059019777', '3'), ('3957af3899cb417faed83b2c102a341b', '2020-08-20 21:29:37', '2020-08-20 21:29:37', '1', '1', '1153494698514288641', '3'), ('39a970a71d4f4960a4457e8872c207c3', '2020-08-20 21:29:37', '2020-08-20 21:29:37', '1', '1', '1158310111785873409', '3'), ('3dadbeb9ff4e4943873b1dc8b957cdc7', '2021-05-23 12:21:46', '2021-05-23 12:21:46', '1', '1', '2ce2496f8e0542b589d7482dfdbffdc6', '1'), ('3e336dafc85f40cb85aee8c4a22165b4', '2020-08-20 21:29:37', '2020-08-20 21:29:37', '1', '1', '1156032296088510465', '3'), ('3e4602f44593415b97b561ca70896977', '2021-05-23 12:21:46', '2021-05-23 12:21:46', '1', '1', '8962505ede1d47ed91c9343062f888e2', '1'), ('3e7886a6291b4166ac6bf4b3a2e41690', '2021-05-23 12:21:46', '2021-05-23 12:21:46', '1', '1', '1153495155055890433', '1'), ('3ea5bda96b8d4984bd08f77c0f229d66', '2020-08-20 21:29:37', '2020-08-20 21:29:37', '1', '1', '1154683387156230146', '3'), ('3f0268721242407985be422007c3964c', '2020-08-20 21:29:37', '2020-08-20 21:29:37', '1', '1', '1156039623340466178', '3'), ('4011e8e92d944c289ac88f628215cf77', '2020-08-20 21:29:37', '2020-08-20 21:29:37', '1', '1', '1247079477561888769', '3'), ('41cbc365a33f4d70922177f6c615a9a4', '2021-05-23 12:21:46', '2021-05-23 12:21:46', '1', '1', '1156395045071101953', '1'), ('428cda861c84448d98a74e67684eb604', '2021-05-23 12:21:46', '2021-05-23 12:21:46', '1', '1', '1153478139284656129', '1'), ('48ba2cf2d45d45b699fa154d1a5aca6c', '2021-05-23 12:21:46', '2021-05-23 12:21:46', '1', '1', '72953cacc97645d59911cb4f9cdffaea', '1'), ('4936789de7d04d82ba7b7662dab2d33d', '2021-05-23 12:21:46', '2021-05-23 12:21:46', '1', '1', '1153495768179249153', '1'), ('4a32e00c4eb9483caac0b76d4ad6c4a6', '2021-05-23 12:21:46', '2021-05-23 12:21:46', '1', '1', '1288423276518846466', '1'), ('4b6baf7068f64558953194485cc789ca', '2021-05-23 12:21:46', '2021-05-23 12:21:46', '1', '1', '1153496406875279362', '1'), ('4c0decdcafe544738f8f190347844b38', '2021-05-23 12:21:46', '2021-05-23 12:21:46', '1', '1', '1153496795896975361', '1'), ('4ef9773107ae41bc94049f7d56fe7eb9', '2020-08-20 21:29:37', '2020-08-20 21:29:37', '1', '1', '1153493010483089409', '3'), ('4fa91132b70348eb9da801ed5a6426ee', '2020-08-20 21:29:37', '2020-08-20 21:29:37', '1', '1', '1156030992003899394', '3'), ('50dd5e5594de4f008ee5fb7ade6cd517', '2021-05-23 12:21:46', '2021-05-23 12:21:46', '1', '1', '1288423092346957825', '1'), ('50e6ba49bd0b4b228c3d96934f2fe6fb', '2021-05-23 12:21:46', '2021-05-23 12:21:46', '1', '1', '4525eecd7fe0473b86c8367c331ed5e4', '1'), ('50f108b394fd43268da33736695d52b9', '2021-05-23 12:21:46', '2021-05-23 12:21:46', '1', '1', '1160851295330639874', '1'), ('5210b15f86fe44bf94813b5ecabfa702', '2021-05-23 12:21:46', '2021-05-23 12:21:46', '1', '1', '69d26b9cf6b24d70a9cededce2e90c8d', '1'), ('523850b54fff4c1bb23c15729d7eb721', '2020-08-20 21:29:37', '2020-08-20 21:29:37', '1', '1', '1156393404230017026', '3'), ('53391d521c1645cdb95c318e99c12a2a', '2020-08-20 21:29:37', '2020-08-20 21:29:37', '1', '1', '1156037020263129089', '3'), ('54f50fe3c91241da91757418d3a016eb', '2021-05-23 12:21:46', '2021-05-23 12:21:46', '1', '1', '1153499292782923778', '1'), ('571602ee7ada4f20b4fb9d462b4b9df8', '2021-05-23 12:21:46', '2021-05-23 12:21:46', '1', '1', '1247138266277253121', '1'), ('5b986a6b46184d8daf407e0f5d6fc81c', '2021-05-23 12:21:46', '2021-05-23 12:21:46', '1', '1', '1237732560876863489', '1'), ('5c34879d08f143e8a885343375b3c53f', '2021-05-23 12:21:46', '2021-05-23 12:21:46', '1', '1', '1156035443800416257', '1'), ('5d07cfc8b5e142fbb90438a632bfe4ae', '2021-05-23 12:21:46', '2021-05-23 12:21:46', '1', '1', '1237629590336241666', '1'), ('5d6d1e1b24ff4541a8b9581dd50983fc', '2021-05-23 12:21:46', '2021-05-23 12:21:46', '1', '1', '1156478453679923201', '1'), ('5dff97ea5eb241c6bd50459a6b65dfb0', '2020-08-20 21:29:37', '2020-08-20 21:29:37', '1', '1', '1160850528846749698', '3'), ('5e7a13e201dc4a9b82405bcb6a6e6a58', '2020-08-20 21:29:37', '2020-08-20 21:29:37', '1', '1', '1247137713874833409', '3'), ('5ec403904eef49ccbf393cad87897342', '2021-05-23 12:21:46', '2021-05-23 12:21:46', '1', '1', '1156106290552643585', '1'), ('6031e48b1d5a47d387b8ae9725757209', '2021-05-23 12:21:46', '2021-05-23 12:21:46', '1', '1', '1247079477561888769', '1'), ('60da8afcd8dc442eaadf00a580218e0b', '2021-05-23 12:21:46', '2021-05-23 12:21:46', '1', '1', '1156393404230017026', '1'), ('64596ffdae0a4f95a4d1b288b8546d9d', '2020-08-20 21:29:37', '2020-08-20 21:29:37', '1', '1', '1153501541194108929', '3'), ('645b0e571de249649f906f5ec4b1b13d', '2021-05-23 12:21:46', '2021-05-23 12:21:46', '1', '1', '1247138182709940225', '1'), ('652c983e99e2490b8108e4c7e50c15fe', '2020-08-20 21:29:37', '2020-08-20 21:29:37', '1', '1', '1153498794638020609', '3'), ('65d2e9c9697c48d4b6a984a234b9fcaa', '2020-08-20 21:29:37', '2020-08-20 21:29:37', '1', '1', '1156099620929806338', '3'), ('67dab91de8f74b648f17f443f1d5cbc0', '2020-08-20 21:29:37', '2020-08-20 21:29:37', '1', '1', '1156394505545195522', '3'), ('69e3e97431144b1db99989b9f96892cd', '2020-08-20 21:29:37', '2020-08-20 21:29:37', '1', '1', '1156043168856940545', '3'), ('6b1de1e1d04543c181d79bbd8f8de5a5', '2021-05-23 12:21:46', '2021-05-23 12:21:46', '1', '1', 'e852e318c5174841a36775a7b05bb938', '1'), ('6bc831a6ff6248cdae3ac172f7ee27bc', '2021-05-23 12:21:46', '2021-05-23 12:21:46', '1', '1', 'b9dbc02280d641ef86ac5478dcc4a75a', '1'), ('6c146781c15e4c8ca85cb63b67c39bcb', '2021-05-23 12:21:46', '2021-05-23 12:21:46', '1', '1', '1156390708198514689', '1'), ('6c3e70ad274d40c2a28628af56aedb08', '2021-05-23 12:21:46', '2021-05-23 12:21:46', '1', '1', '1156032296088510465', '1'), ('6c646bec0179491ab5455ad77b921aa7', '2021-05-23 12:21:46', '2021-05-23 12:21:46', '1', '1', 'e78893087eb44e8b8b664e45ee083e49', '1'), ('6c6969ccaf76461f81b5fc3ecc21680f', '2021-05-23 12:21:46', '2021-05-23 12:21:46', '1', '1', '1156477357225943042', '1'), ('6d98f8329a214034989a91ddc8bacba4', '2021-05-23 12:21:46', '2021-05-23 12:21:46', '1', '1', '1247136949664256002', '1'), ('6db5ec18534c492ab8bf4b50d36b374a', '2021-05-23 12:21:46', '2021-05-23 12:21:46', '1', '1', '1153498121905213442', '1'), ('6e54aa7687be40889b88f62354323b32', '2021-05-23 12:21:46', '2021-05-23 12:21:46', '1', '1', '754b7b632b2e48a29edfc8d97dd1e23d', '1'), ('6e5a97b3cf2c4b73b6dade6b66360348', '2021-05-23 12:21:46', '2021-05-23 12:21:46', '1', '1', '1160850528846749698', '1'), ('6e799d15e5c94c1a95bdd6ab94165deb', '2021-05-23 12:21:46', '2021-05-23 12:21:46', '1', '1', '1156472761619324929', '1'), ('6e7ed4938fcb44a18fa8b6e8777b2884', '2020-08-20 21:29:37', '2020-08-20 21:29:37', '1', '1', '1153494438295474177', '3'), ('6ed56551d8f240528277228c32e4e677', '2020-08-20 21:29:37', '2020-08-20 21:29:37', '1', '1', '1153478139284656129', '3'), ('6ee74f4298cb48a29e946a2a3a60ea8c', '2021-05-23 12:21:46', '2021-05-23 12:21:46', '1', '1', '5de0a06811654590bf39a7878ca895bd', '1'), ('71972d470bad46b5bd374749f930816e', '2021-05-23 12:21:46', '2021-05-23 12:21:46', '1', '1', '1156396502923091970', '1'), ('7281bf4e85fa41ce9c47bda360288b06', '2021-05-23 12:21:46', '2021-05-23 12:21:46', '1', '1', '1e6faa4730724cdc9932eaba6e3a2968', '1'), ('73efc46260594f81bb5000a3bc97ecbc', '2021-05-23 12:21:46', '2021-05-23 12:21:46', '1', '1', '3978e74ba30b4cdaa556b7d7a582e61b', '1'), ('7536d069693b4fb18b906683b3484a20', '2021-05-23 12:21:46', '2021-05-23 12:21:46', '1', '1', '1156043168856940545', '1'), ('77b17584474c4c65a4e1c8254af88755', '2021-05-23 12:21:46', '2021-05-23 12:21:46', '1', '1', '598f3be3ad3643f5a63a6b3a3186439d', '1'), ('77c0a6368418457f9ce339a63b73e9a6', '2020-08-20 21:29:37', '2020-08-20 21:29:37', '1', '1', '1156040289144283137', '3'), ('7832203b6863449e8909e33304646346', '2020-08-20 21:29:37', '2020-08-20 21:29:37', '1', '1', '1156042299306418177', '3'), ('788a79aa8cb543e3a143b665bbf56026', '2021-05-23 12:21:46', '2021-05-23 12:21:46', '1', '1', '1156394505545195522', '1'), ('7affda49fbad4718ba69fd4c6c6d2a34', '2021-05-23 12:21:46', '2021-05-23 12:21:46', '1', '1', 'b73bb19eae1c411cb6d12011d4e0975a', '1'), ('7c0f0f9dc17a43feb771e2353cdedd33', '2021-05-23 12:21:46', '2021-05-23 12:21:46', '1', '1', 'e4a6aa36bb2141cd9ffbbd1804b400ed', '1'), ('7c14918be3ae486abaf68c6e94181b40', '2021-05-23 12:21:46', '2021-05-23 12:21:46', '1', '1', '1156395794031190017', '1'), ('7e0e14f03ef942a186cb2be3bdd905da', '2021-05-23 12:21:46', '2021-05-23 12:21:46', '1', '1', '1156473846425722881', '1'), ('7e6634c13d484b95834b3c55d215c789', '2021-05-23 12:21:46', '2021-05-23 12:21:46', '1', '1', '1156475705584525314', '1'), ('7f3575a72b04464ba4b9ca02a7900a6a', '2021-05-23 12:21:46', '2021-05-23 12:21:46', '1', '1', '6eadb897cf7b42bca206cf119820b3bb', '1'), ('832dbc0bd3fc4517a44c981c534c1c97', '2020-08-20 21:29:37', '2020-08-20 21:29:37', '1', '1', '1156036831607529473', '3'), ('8504e65294f041d292e01d780b7a370d', '2021-05-23 12:21:46', '2021-05-23 12:21:46', '1', '1', '906b11b7bfcb44e787f5e34471b55913', '1'), ('857d6175815641928141c586d7975f8d', '2020-08-20 21:29:37', '2020-08-20 21:29:37', '1', '1', '1247138266277253121', '3'), ('8695040eaf074e5595cfaea6a183a800', '2021-05-23 12:21:46', '2021-05-23 12:21:46', '1', '1', '1153497106191585282', '1'), ('86a0ae604d51466ebc5dfa0aee40a483', '2021-05-23 12:21:46', '2021-05-23 12:21:46', '1', '1', 'f1edc0c602df42789e9927823a87304a', '1'), ('88c8dd7bed9e48efb530a2a3a9917634', '2021-05-23 12:21:46', '2021-05-23 12:21:46', '1', '1', '3b75601ffb6c427485401b1652cca7e8', '1'), ('89466a932392478383d1752763b05d57', '2021-05-23 12:21:46', '2021-05-23 12:21:46', '1', '1', '1237753095350415361', '1'), ('8c89ed699ac346368b53887f00108116', '2021-05-23 12:21:46', '2021-05-23 12:21:46', '1', '1', '1156033853009960961', '1'), ('8ca38f092b994b2eb77fed6f30383979', '2020-08-20 21:29:37', '2020-08-20 21:29:37', '1', '1', '1156036653299277825', '3'), ('8d49232c45534626a39d0bb8cd5b13a1', '2021-05-23 12:21:46', '2021-05-23 12:21:46', '1', '1', 'f78cd265747d4686aacaa977e0363801', '1'), ('8d93338c8f9f4c96a43ec2de0dc61175', '2020-08-20 21:29:37', '2020-08-20 21:29:37', '1', '1', '1156395794031190017', '3'), ('8edbe488ae9c43ebb7c4709b0efe6184', '2021-05-23 12:21:46', '2021-05-23 12:21:46', '1', '1', '1153494219218587650', '1'), ('8f1381cbacc446178a770525c9cf4a75', '2021-05-23 12:21:46', '2021-05-23 12:21:46', '1', '1', '1153495582782623746', '1'), ('8fbde27e66e64d95a36cee49fb93975a', '2021-05-23 12:21:46', '2021-05-23 12:21:46', '1', '1', '1160851003339972610', '1'), ('90d523b7e060428d9ce6c40805ca5540', '2020-08-20 21:29:37', '2020-08-20 21:29:37', '1', '1', '1156042595428474882', '3'), ('9144402c41d641ff996182a84d16fd2b', '2021-05-23 12:21:46', '2021-05-23 12:21:46', '1', '1', '1247137943294873601', '1'), ('919ebcd860a54ce785f815ba8b742bde', '2021-05-23 12:21:46', '2021-05-23 12:21:46', '1', '1', '05173427af9e4e83b1d8357fe23e606e', '1'), ('91b802ed319f4be19a99e760746bd640', '2020-08-20 21:29:37', '2020-08-20 21:29:37', '1', '1', '1154683761573359618', '3'), ('9316dd07a571431ca30cb4f22aa38b65', '2020-08-20 21:29:37', '2020-08-20 21:29:37', '1', '1', '1156396502923091970', '3'), ('9750d4077dbc4082b77b850902295c75', '2021-05-23 12:21:46', '2021-05-23 12:21:46', '1', '1', '0a538193f43c438d9405ddc624f8457e', '1'), ('97a22edd701b418a96111d2d69f67dff', '2021-05-23 12:21:46', '2021-05-23 12:21:46', '1', '1', '1156389609588662274', '1'), ('9a33fd77e42442f9baedc9f200afb3b3', '2021-05-23 12:21:46', '2021-05-23 12:21:46', '1', '1', 'ba6c2385b1d3455596db84bbd877c3d5', '1'), ('9cdd48109ecf46bd9b913408e4c798d2', '2021-05-23 12:21:46', '2021-05-23 12:21:46', '1', '1', '1156102063474352129', '1'), ('9d2eed0cb1ec4f26bd24799745b82889', '2021-05-23 12:21:46', '2021-05-23 12:21:46', '1', '1', '1156036045850812417', '1'), ('9d660c583d2f439aa5ae3946e893c8a4', '2020-08-20 21:29:37', '2020-08-20 21:29:37', '1', '1', '1156043234770427905', '3'), ('9ec2e7b5dacb459eb1beb0912fba2b67', '2020-08-20 21:29:37', '2020-08-20 21:29:37', '1', '1', '1153497106191585282', '3'), ('9f023962c4ca4e7fab573e07495fb297', '2021-05-23 12:21:46', '2021-05-23 12:21:46', '1', '1', '1153478911053369345', '1'), ('9fd1e053211c4e69ae07e30d2eaa1637', '2020-08-20 21:29:37', '2020-08-20 21:29:37', '1', '1', '1156036045850812417', '3'), ('a0362bb3a61d46a7a16d7a941c9b5e30', '2020-08-20 21:29:37', '2020-08-20 21:29:37', '1', '1', '1153493592497295362', '3'), ('a20a3421a74344829818b6c2b1767693', '2021-05-23 12:21:46', '2021-05-23 12:21:46', '1', '1', '1153494698514288641', '1'), ('a20da66031c3474cbb30cd2db43d777f', '2021-05-23 12:21:46', '2021-05-23 12:21:46', '1', '1', '1156395484629966849', '1'), ('a25885d2cf3143eb8e2518195ccfccd3', '2021-05-23 12:21:46', '2021-05-23 12:21:46', '1', '1', '1156396635052056577', '1'), ('a29ee068a9bb4da59a7a8db45ba9949d', '2020-08-20 21:29:37', '2020-08-20 21:29:37', '1', '1', '1156041685298061313', '3'), ('a485d071807548a2931e89ca64a68754', '2020-08-20 21:29:37', '2020-08-20 21:29:37', '1', '1', '1156032108988997634', '3'), ('a4a3627ef9b4470f9261f1ac5aea9b6d', '2020-08-20 21:29:37', '2020-08-20 21:29:37', '1', '1', '1158305741493071874', '3'), ('a4d01f15204c4bd89e8a4b216ad017c7', '2021-05-23 12:21:46', '2021-05-23 12:21:46', '1', '1', '1156467976803459073', '1'), ('a57f4bee81ed4c619ac6fa41d0c74ebf', '2021-05-23 12:21:46', '2021-05-23 12:21:46', '1', '1', '1156042595428474882', '1'), ('a6eb09a3b5494da2bd2db16d3be72253', '2021-05-23 12:21:46', '2021-05-23 12:21:46', '1', '1', '1153493592497295362', '1'), ('a81f719ade1042438ebac1ad6b536e81', '2020-08-20 21:29:37', '2020-08-20 21:29:37', '1', '1', '1156045293838147585', '3'), ('a9199b52801d44d9af0f4769fd08ddd8', '2021-05-23 12:21:46', '2021-05-23 12:21:46', '1', '1', '1153498480237187073', '1'), ('a9ea0406b30b488086efd28ecd1fa423', '2021-05-23 12:21:46', '2021-05-23 12:21:46', '1', '1', '1247137713874833409', '1'), ('aa5e4d352d21443b8761b57d30255487', '2021-05-23 12:21:46', '2021-05-23 12:21:46', '1', '1', '1156099736667430914', '1'), ('aa73a812791c4aff980579a1d7e6670b', '2021-05-23 12:21:46', '2021-05-23 12:21:46', '1', '1', '1156471428245889026', '1'), ('aabcd025de224da88f2c6d1ebc23a59a', '2021-05-23 12:21:46', '2021-05-23 12:21:46', '1', '1', '1156030361037971458', '1'), ('ab0c7f025c8d4786a3e2e5f7166e3951', '2021-05-23 12:21:46', '2021-05-23 12:21:46', '1', '1', '1156041685298061313', '1'), ('ab38495b4d5a427e8c5ad924c3d853b4', '2021-05-23 12:21:46', '2021-05-23 12:21:46', '1', '1', '9b4d5721f0ce42819b95a8e8b10e88d0', '1'), ('abc968fd7d4a427489b2d784dd4694b5', '2021-05-23 12:21:46', '2021-05-23 12:21:46', '1', '1', '1156040868612546562', '1'), ('abd66cbf83df4c3dbe968cd10f2828a0', '2021-05-23 12:21:46', '2021-05-23 12:21:46', '1', '1', '1156846769674223617', '1'), ('ac3ae39cef684aa5b1789496628e4fa6', '2020-08-20 21:29:37', '2020-08-20 21:29:37', '1', '1', '1156771497591447553', '3'), ('ad20712b33ee4d6ab8bd6835bd120d7f', '2021-05-23 12:21:46', '2021-05-23 12:21:46', '1', '1', 'ee8b45cfa2764aca850991cad2b7d48d', '1'), ('ae255fc3d23d40ccb67dcf76626d4d07', '2021-05-23 12:21:46', '2021-05-23 12:21:46', '1', '1', '2c5ec2d4a41a4e2c85915734645967f9', '1'), ('afd46dbd11a2492f996a257a0cba4fe6', '2021-05-23 12:21:46', '2021-05-23 12:21:46', '1', '1', '4107d7e63f564795abb27b17fb7684b6', '1'), ('b019a91866714dc283fbdd3bacb0792a', '2020-08-20 21:29:37', '2020-08-20 21:29:37', '1', '1', '1153496406875279362', '3'), ('b1517a4597ce49459b9d1b75e09ba72d', '2020-08-20 21:29:37', '2020-08-20 21:29:37', '1', '1', '1156395484629966849', '3'), ('b16bc626d5514244b1cbb5a6f8918b53', '2021-05-23 12:21:46', '2021-05-23 12:21:46', '1', '1', '1153498940276838401', '1'), ('b51259fce9664b758af0534458771212', '2021-05-23 12:21:46', '2021-05-23 12:21:46', '1', '1', '1153496241066053634', '1'), ('b5887e09e82c4dbc834177a62cd4f909', '2021-05-23 12:21:46', '2021-05-23 12:21:46', '1', '1', '1156036653299277825', '1'), ('b588e7f474384f0b8a90a31021b41670', '2021-05-23 12:21:46', '2021-05-23 12:21:46', '1', '1', '1153478559176429569', '1'), ('b6ba47ff2425409d8d66df6f82c802cb', '2021-05-23 12:21:46', '2021-05-23 12:21:46', '1', '1', 'c70aa8df6c0344929dd0583349a0c378', '1'), ('b6e38d76d39847868e8e6b60a65c3186', '2020-08-20 21:29:37', '2020-08-20 21:29:37', '1', '1', '1160851552827351041', '3'), ('b7e0b3c711e64487bd798b0c0d6d4bea', '2021-05-23 12:21:46', '2021-05-23 12:21:46', '1', '1', '1156099301554528257', '1'), ('b9d284002ad646d38fef6ad4689c5a31', '2020-08-20 21:29:37', '2020-08-20 21:29:37', '1', '1', '1247138182709940225', '3'), ('bb8a4fd99e8747e680e8cd28211cc961', '2021-05-23 12:21:46', '2021-05-23 12:21:46', '1', '1', '1156106778274701314', '1'), ('bc8cf7f349054893b43e6e5f9b9061f3', '2021-05-23 12:21:46', '2021-05-23 12:21:46', '1', '1', '1156037020263129089', '1'), ('bcbcd0189e4a47c9878d37a4b4ff0123', '2021-05-23 12:21:46', '2021-05-23 12:21:46', '1', '1', '1156032474489036801', '1'), ('bdd250bad34547938612d2c100e1fcd6', '2021-05-23 12:21:46', '2021-05-23 12:21:46', '1', '1', 'e80ef6dddbd04d0aad1e074043736cbd', '1'), ('beb37f4691c94930a534af64e4b07642', '2020-08-20 21:29:37', '2020-08-20 21:29:37', '1', '1', '1247138091966173185', '3'), ('bed2178d9ad741b3b29cb399e606ffc8', '2020-08-20 21:29:37', '2020-08-20 21:29:37', '1', '1', '1156766341252521985', '3'), ('bfed9a4438f5451280acff3f9564dca9', '2021-05-23 12:21:46', '2021-05-23 12:21:46', '1', '1', '77ee8038d78e4c3e888a2256e92896cc', '1'), ('c26348f69e93488c86cce8328cc6e182', '2021-05-23 12:21:46', '2021-05-23 12:21:46', '1', '1', '1156030992003899394', '1'), ('c2bf93acdff84151877bbeecde6fa673', '2021-05-23 12:21:46', '2021-05-23 12:21:46', '1', '1', '1156042299306418177', '1'), ('c2d0d42883114e73a0518f6a2901c305', '2020-08-20 21:29:37', '2020-08-20 21:29:37', '1', '1', '1153496795896975361', '3'), ('c3bb8f38a7764105938e933b26aa8966', '2021-05-23 12:21:46', '2021-05-23 12:21:46', '1', '1', '1156030262547324930', '1'), ('c49d007029d845958f24dfd00976e1b4', '2021-05-23 12:21:46', '2021-05-23 12:21:46', '1', '1', '1156473962389839874', '1'), ('c5a57dcac552475ba90e6dbebab85785', '2021-05-23 12:21:46', '2021-05-23 12:21:46', '1', '1', '1156467834150985729', '1'), ('c81a01c8e91c4e09b002d997a281a406', '2021-05-23 12:21:46', '2021-05-23 12:21:46', '1', '1', 'a587f1e6a2284d2d84c6351439bb708d', '1'), ('c935594807204d6fb6dca5bcb79c1b43', '2021-05-23 12:21:46', '2021-05-23 12:21:46', '1', '1', '1156770804654678017', '1'), ('c937c4e4c0394e3f9843c726ac426ed6', '2021-05-23 12:21:46', '2021-05-23 12:21:46', '1', '1', '51131714f5da4ae680ee436ee3fddeca', '1'), ('c95ad744879a46a18e003954971c48b0', '2021-05-23 12:21:46', '2021-05-23 12:21:46', '1', '1', '1156476159274000386', '1'), ('c986a16fd3344a83bc1894a3e5a42bbb', '2020-08-20 21:29:37', '2020-08-20 21:29:37', '1', '1', '1153500580878848001', '3'), ('ca85eb5ba0ad41b2b7ea60fe7ccb17bf', '2021-05-23 12:21:46', '2021-05-23 12:21:46', '1', '1', '1156472210034794497', '1'), ('cabc8fbf78d34dc580cd25abe8d33c89', '2021-05-23 12:21:46', '2021-05-23 12:21:46', '1', '1', '1153495948102307842', '1'), ('cae08bf8ae664570b55539cead5289db', '2021-05-23 12:21:46', '2021-05-23 12:21:46', '1', '1', '1156036539059019777', '1'), ('cb08e4a7dc1744f88c33d493d06330dd', '2021-05-23 12:21:46', '2021-05-23 12:21:46', '1', '1', '2e3387d0509242428164b858d0722720', '1'), ('cb1d0a8fc20349a0829caf3f2ffbe4b8', '2021-05-23 12:21:46', '2021-05-23 12:21:46', '1', '1', '1156471749651210241', '1'), ('cb5a64f667bc4876a68e394cd53e1bf4', '2021-05-23 12:21:46', '2021-05-23 12:21:46', '1', '1', '60fc99cfc53a44f9add56c52825bde78', '1'), ('cc9ac19abbb448bf8db436f2fcd42767', '2021-05-23 12:21:46', '2021-05-23 12:21:46', '1', '1', 'a7b2e10b65e34817b6a38d68870d7772', '1'), ('ce253cd2bca44b81b163ad4e8217c7e4', '2021-05-23 12:21:46', '2021-05-23 12:21:46', '1', '1', '60aeb58dd9794e65a5b8a66814f55851', '1'), ('cefbbee1d917410182d7ba65325bc8f5', '2020-08-20 21:29:37', '2020-08-20 21:29:37', '1', '1', '1156040868612546562', '3'), ('d00da633269d4660999e1deb8994081c', '2021-05-23 12:21:46', '2021-05-23 12:21:46', '1', '1', '1156474159387910146', '1'), ('d065ec4187314257b78fb3e2a827732d', '2021-05-23 12:21:46', '2021-05-23 12:21:46', '1', '1', '1153494935626682369', '1'), ('d18cf9ca6bb148d9a7863168352d8d57', '2021-05-23 12:21:46', '2021-05-23 12:21:46', '1', '1', 'ad1fb58aef0b4ae6ac1c48825f9f4152', '1'), ('d236f2fa54f74706b1b65581483e0a8c', '2020-08-20 21:29:37', '2020-08-20 21:29:37', '1', '1', '1156099141575385090', '3'), ('d4c43a7063464aa08aff9cdc6438eaa8', '2021-05-23 12:21:46', '2021-05-23 12:21:46', '1', '1', '1156393596735987714', '1'), ('d509298cd800492e8e32f6e060222e29', '2021-05-23 12:21:46', '2021-05-23 12:21:46', '1', '1', '1284696020512518146', '1'), ('d66ee4694f01490b9c7569f7e1de4fc4', '2021-05-23 12:21:46', '2021-05-23 12:21:46', '1', '1', '1284705761741512706', '1'), ('d759482db8ae42efaf4ded5425a28829', '2021-05-23 12:21:46', '2021-05-23 12:21:46', '1', '1', '1156043234770427905', '1'), ('db21fde1d8f34233b22453c5c5e1f689', '2021-05-23 12:21:46', '2021-05-23 12:21:46', '1', '1', '1156471546990829570', '1'), ('dbca646e2803487684a4aebf36f1c8e2', '2021-05-23 12:21:46', '2021-05-23 12:21:46', '1', '1', '957ed11de6c44e629a3f0a4a28f70be5', '1'), ('dca36c9b9e684639a7acea0da79a6283', '2021-05-23 12:21:46', '2021-05-23 12:21:46', '1', '1', 'ced52013c14849359fc309e4955c8010', '1'), ('dd4744d6a53b41889654bf95325cb776', '2021-05-23 12:21:46', '2021-05-23 12:21:46', '1', '1', '1156473195461353473', '1'), ('de381af5054a4162b05c2bb9b4a0c24e', '2020-08-20 21:29:37', '2020-08-20 21:29:37', '1', '1', '1160851003339972610', '3'), ('de6ef4d219f649df99f4fcdc5dfa744b', '2021-05-23 12:21:46', '2021-05-23 12:21:46', '1', '1', '0eed407104cc47efbf31182b497f22a8', '1'), ('dee0700b4be74c34a16f44eb787b5dd4', '2021-05-23 12:21:46', '2021-05-23 12:21:46', '1', '1', '1156032108988997634', '1'), ('df198a92fe794f149840075203297dea', '2021-05-23 12:21:46', '2021-05-23 12:21:46', '1', '1', '1153496094022144002', '1'), ('e06a8ede0fcb4f97b3fe0f61026b2384', '2021-05-23 12:21:46', '2021-05-23 12:21:46', '1', '1', '1156770628078673921', '1'), ('e175f1bce7d04357924776534587f54c', '2020-08-20 21:29:37', '2020-08-20 21:29:37', '1', '1', '1153498480237187073', '3'), ('e1bee8c98cf14771b04a212db8cc41fe', '2021-05-23 12:21:46', '2021-05-23 12:21:46', '1', '1', '1156475549820657665', '1'), ('e2580b4395f2499daa9ecdf351ccd59a', '2020-08-20 21:29:37', '2020-08-20 21:29:37', '1', '1', '1156846769674223617', '3'), ('e33d7a3af30f4c1daded87841d3d56fd', '2021-05-23 12:21:46', '2021-05-23 12:21:46', '1', '1', '1156770958275256321', '1'), ('e93ef36d071d45fb863a88c11fb98e11', '2021-05-23 12:21:46', '2021-05-23 12:21:46', '1', '1', '1153493835884367873', '1'), ('e9ade5377e504cd78f209b7b62ef3b7e', '2020-08-20 21:29:37', '2020-08-20 21:29:37', '1', '1', '1153478911053369345', '3'), ('ed8966cd1ecc490a8025f39f9c80b2f1', '2021-05-23 12:21:46', '2021-05-23 12:21:46', '1', '1', '1237637913173344257', '1'), ('ee4c7677085449689455d4ee15a4e2d9', '2021-05-23 12:21:46', '2021-05-23 12:21:46', '1', '1', '1156477431565787138', '1'), ('ee5c1749392a416aa9c17fe605fec459', '2021-05-23 12:21:46', '2021-05-23 12:21:46', '1', '1', '1156106947468730369', '1'), ('ee6cb25fa690455e9fbe09632e69a6f7', '2020-08-20 21:29:37', '2020-08-20 21:29:37', '1', '1', '1156035443800416257', '3'), ('ee800cd4c2a74f53b832506e116ab494', '2020-08-20 21:29:37', '2020-08-20 21:29:37', '1', '1', '1156033449756991490', '3'), ('ef00840b744e423185e2b227fe23f471', '2021-05-23 12:21:46', '2021-05-23 12:21:46', '1', '1', '1153495031810461697', '1'), ('f02e278447014cfe9eb15da28c6c10dc', '2021-05-23 12:21:46', '2021-05-23 12:21:46', '1', '1', '6ee43ac531fc4cf190a9661cff99dfd0', '1'), ('f180285bad2040bdb44e2ff3e0eb665d', '2021-05-23 12:21:46', '2021-05-23 12:21:46', '1', '1', '1156039959035781122', '1'), ('f2e2e5b343c3440bbf1d4e4cd3ce108e', '2021-05-23 12:21:46', '2021-05-23 12:21:46', '1', '1', '174b2a5f6c29410f8e9096e0110036aa', '1'), ('f3b095c2e04c40be8eb6b1c4a569c9c6', '2021-05-23 12:21:46', '2021-05-23 12:21:46', '1', '1', '1237594255145402370', '1'), ('f542937ac25045b6ad7ae81cce5c67eb', '2020-08-20 21:29:37', '2020-08-20 21:29:37', '1', '1', '1153495155055890433', '3'), ('f6e224b0ff6d4770b7f47c4977242c4d', '2021-05-23 12:21:46', '2021-05-23 12:21:46', '1', '1', '1153478801917579265', '1'), ('f720b96f732d4054a553559baa6aaf6e', '2020-08-20 21:29:37', '2020-08-20 21:29:37', '1', '1', '1153493835884367873', '3'), ('f7c2bc3cc3794e1097ded46df6b23c7b', '2021-05-23 12:21:46', '2021-05-23 12:21:46', '1', '1', 'cf940b01973148cca382cb64b5077d94', '1'), ('f7e6e96c40e34f1eb5996c1eb3bc2dad', '2021-05-23 12:21:46', '2021-05-23 12:21:46', '1', '1', '03c21615ccea423b851a552124929efa', '1'), ('f8367a1e43a64f5a840dfc7a0645aa03', '2020-08-20 21:29:37', '2020-08-20 21:29:37', '1', '1', '1153478801917579265', '3'), ('f895731f6ad14d4bb18355f37a7460f3', '2020-08-20 21:29:37', '2020-08-20 21:29:37', '1', '1', '1156099736667430914', '3'), ('f8cadcdbb9eb4f8f980a615a8f3f1d03', '2021-05-23 12:21:46', '2021-05-23 12:21:46', '1', '1', '1156099141575385090', '1'), ('faa5f61de4cd46758f5b5ed4ae16bcc6', '2021-05-23 12:21:46', '2021-05-23 12:21:46', '1', '1', '26b9cfbd7bd341fb880a57a18c52fd7e', '1'), ('fc2081ae81db4c38846039ecb2aaad6e', '2021-05-23 12:21:46', '2021-05-23 12:21:46', '1', '1', '1156476414988132353', '1'), ('fcb42b8da2ad4e17a6b944299deccdc9', '2021-05-23 12:21:46', '2021-05-23 12:21:46', '1', '1', '1153500580878848001', '1'), ('fcbe6b4bb5a24788bcd54e214e32df78', '2020-08-20 21:29:37', '2020-08-20 21:29:37', '1', '1', '1153501424605040641', '3'), ('fd970f7c8f0441569ffc15d407215b74', '2020-08-20 21:29:37', '2020-08-20 21:29:37', '1', '1', '1156032474489036801', '3'), ('fed10efe5b274094a7a8e76dec88bce4', '2021-05-23 12:21:46', '2021-05-23 12:21:46', '1', '1', '15ad3209d5324a8dbbb796b287fa9365', '1');
COMMIT;

-- ----------------------------
--  Table structure for `system_role`
-- ----------------------------
DROP TABLE IF EXISTS `system_role`;
CREATE TABLE `system_role` (
  `id` varchar(36) NOT NULL COMMENT '主键',
  `create_time` datetime NOT NULL DEFAULT CURRENT_TIMESTAMP COMMENT '创建时间',
  `modified_time` datetime NOT NULL DEFAULT CURRENT_TIMESTAMP COMMENT '修改时间',
  `valid_value` tinyint(3) unsigned NOT NULL DEFAULT '1' COMMENT '状态(1:正常，0:禁用)',
  `sort` int(11) unsigned NOT NULL DEFAULT '1' COMMENT '排序',
  `role_name` varchar(50) NOT NULL COMMENT '名称',
  `remark` varchar(255) NOT NULL COMMENT '备注',
  PRIMARY KEY (`id`)
) ENGINE=InnoDB DEFAULT CHARSET=utf8mb4 ROW_FORMAT=COMPACT COMMENT='角色信息';

-- ----------------------------
--  Records of `system_role`
-- ----------------------------
BEGIN;
INSERT INTO `system_role` VALUES ('1', '2018-02-06 15:47:52', '2018-03-30 15:12:07', '1', '2', '超级管理员', '管理后台全部权限'), ('3', '2018-12-28 18:23:38', '2018-12-28 18:23:38', '1', '1', '测试人员', '该用户仅有查看功能');
COMMIT;

-- ----------------------------
--  Table structure for `system_role_user`
-- ----------------------------
DROP TABLE IF EXISTS `system_role_user`;
CREATE TABLE `system_role_user` (
  `id` varchar(36) NOT NULL COMMENT '主键',
  `create_time` datetime NOT NULL DEFAULT CURRENT_TIMESTAMP COMMENT '创建时间',
  `modified_time` datetime NOT NULL DEFAULT CURRENT_TIMESTAMP COMMENT '修改时间',
  `valid_value` tinyint(3) unsigned NOT NULL DEFAULT '1' COMMENT '状态(1:正常，0:禁用)',
  `sort` int(11) unsigned NOT NULL DEFAULT '1' COMMENT '排序',
  `role_id` varchar(36) NOT NULL COMMENT '角色ID',
  `user_id` varchar(36) NOT NULL DEFAULT '0' COMMENT '用户ID',
  PRIMARY KEY (`id`)
) ENGINE=InnoDB DEFAULT CHARSET=utf8mb4 ROW_FORMAT=COMPACT COMMENT='角色用户关联表';

-- ----------------------------
--  Records of `system_role_user`
-- ----------------------------
BEGIN;
INSERT INTO `system_role_user` VALUES ('34a2025c113e4f9898a70034d5662dc3', '2021-06-02 12:27:54', '2021-06-02 12:27:54', '1', '1', '3', '2939c1c7227f42f89db43dfe12262c94'), ('40c31f779de24bcc8688c309f962ec1a', '2021-06-02 11:57:39', '2021-06-02 11:57:39', '1', '1', '3', '41a38366559a47e4a85b0d5f8bcbd3b5'), ('493c44e1c8d6441e92b679e3d51d42ef', '2021-06-02 12:02:34', '2021-06-02 12:02:34', '1', '1', '1', 'e762627b37594e71828c1ee5719ac796'), ('4aa9a8e531fe44eaa39ee434b21bfa0b', '2021-06-02 11:57:39', '2021-06-02 11:57:39', '1', '1', '1', '41a38366559a47e4a85b0d5f8bcbd3b5'), ('7038ccf25938497cb2f0571b3a67efa8', '2021-06-02 12:02:34', '2021-06-02 12:02:34', '1', '1', '3', 'e762627b37594e71828c1ee5719ac796'), ('ffe232508e6d4ccdac3f97236cd78c81', '2021-06-02 12:27:54', '2021-06-02 12:27:54', '1', '1', '1', '2939c1c7227f42f89db43dfe12262c94');
COMMIT;

-- ----------------------------
--  Table structure for `system_user`
-- ----------------------------
DROP TABLE IF EXISTS `system_user`;
CREATE TABLE `system_user` (
  `id` varchar(36) NOT NULL COMMENT '主键',
  `create_time` datetime NOT NULL DEFAULT CURRENT_TIMESTAMP COMMENT '创建时间',
  `modified_time` datetime NOT NULL DEFAULT CURRENT_TIMESTAMP COMMENT '修改时间',
  `valid_value` tinyint(3) unsigned NOT NULL DEFAULT '1' COMMENT '状态(1:正常，0:禁用)',
  `sort` int(11) unsigned NOT NULL DEFAULT '1' COMMENT '排序',
  `user_no` varchar(36) NOT NULL COMMENT '用户编号',
  `mobile` char(11) NOT NULL DEFAULT '' COMMENT '手机',
  `real_name` varchar(50) NOT NULL COMMENT '真实姓名',
  `remark` varchar(255) DEFAULT NULL COMMENT '备注',
  PRIMARY KEY (`id`),
  UNIQUE KEY `AK_phone` (`mobile`)
) ENGINE=InnoDB DEFAULT CHARSET=utf8mb4 ROW_FORMAT=COMPACT COMMENT='后台用户信息';

-- ----------------------------
--  Records of `system_user`
-- ----------------------------
BEGIN;
INSERT INTO `system_user` VALUES ('2939c1c7227f42f89db43dfe12262c94', '2021-06-02 12:27:45', '2021-06-02 12:27:45', '1', '1', '21060212272507456918048065577890', '13800138000', '13800138000', '13800138000'), ('41a38366559a47e4a85b0d5f8bcbd3b5', '2021-06-01 15:07:51', '2021-06-01 15:07:51', '1', '1', '21060115073397860541541482500672', '13800138001', '13800138001', '13800138001'), ('e762627b37594e71828c1ee5719ac796', '2021-06-02 12:02:26', '2021-06-02 12:02:26', '1', '1', '21060212021130796170590587471005', '18800000000', '18800000000', '18800000000');
COMMIT;

-- ----------------------------
--  Table structure for `teacher`
-- ----------------------------
DROP TABLE IF EXISTS `teacher`;
CREATE TABLE `teacher` (
  `id` varchar(36) NOT NULL COMMENT '主键',
  `create_time` datetime NOT NULL DEFAULT CURRENT_TIMESTAMP COMMENT '创建时间',
  `modified_time` datetime NOT NULL DEFAULT CURRENT_TIMESTAMP COMMENT '修改时间',
  `valid_value` tinyint(3) unsigned NOT NULL DEFAULT '1' COMMENT '状态(1:正常，0:禁用)',
  `sort` int(11) NOT NULL DEFAULT '1' COMMENT '排序',
  `teacher_user_no` varchar(36) NOT NULL COMMENT '讲师用户编号',
  `teacher_name` varchar(50) NOT NULL DEFAULT '' COMMENT '讲师名称',
  `teacher_mobile` char(11) NOT NULL DEFAULT '' COMMENT '讲师手机',
  `teacher_email` varchar(100) DEFAULT NULL COMMENT '讲师邮箱',
  `position` varchar(50) DEFAULT NULL COMMENT '职位',
  `head_img_url` varchar(255) DEFAULT NULL COMMENT '头像',
  `introduce` varchar(2048) DEFAULT NULL COMMENT '简介',
  `teacher_proportion` decimal(5,4) NOT NULL DEFAULT '0.0000' COMMENT '讲师分成比例',
  PRIMARY KEY (`id`)
) ENGINE=InnoDB DEFAULT CHARSET=utf8 ROW_FORMAT=DYNAMIC COMMENT='讲师信息';

-- ----------------------------
--  Records of `teacher`
-- ----------------------------
BEGIN;
INSERT INTO `teacher` VALUES ('4c7b5ca6df9f47bba09168142dd4a91c', '2021-07-03 16:39:55', '2021-07-03 16:39:55', '1', '1', '21060212272507456918048065577890', '13800138000', '13800138000', '13800138000@q.com', null, null, null, '0.0000');
COMMIT;

-- ----------------------------
--  Table structure for `teacher_apply`
-- ----------------------------
DROP TABLE IF EXISTS `teacher_apply`;
CREATE TABLE `teacher_apply` (
  `id` varchar(36) NOT NULL COMMENT '主键',
  `create_time` datetime NOT NULL DEFAULT CURRENT_TIMESTAMP COMMENT '创建时间',
  `modified_time` datetime NOT NULL DEFAULT CURRENT_TIMESTAMP COMMENT '修改时间',
  `valid_value` tinyint(3) unsigned NOT NULL DEFAULT '1' COMMENT '状态(1:正常，0:禁用)',
  `sort` int(11) NOT NULL DEFAULT '1' COMMENT '排序',
  `apply_status` tinyint(3) unsigned NOT NULL DEFAULT '0' COMMENT '审核状态(0:待审核,1:审核通过,2:审核不通过)',
  `apply_result_desc` varchar(1024) DEFAULT NULL COMMENT '审核意见',
  `teacher_user_no` varchar(36) NOT NULL COMMENT '讲师用户编号',
  `teacher_name` varchar(50) NOT NULL DEFAULT '' COMMENT '讲师名称',
  `teacher_mobile` char(11) NOT NULL DEFAULT '' COMMENT '讲师手机',
  `teacher_email` varchar(100) NOT NULL DEFAULT '' COMMENT '讲师邮箱',
  `position` varchar(50) DEFAULT NULL COMMENT '职位',
  `head_img_url` varchar(255) DEFAULT NULL COMMENT '头像',
  `introduce` varchar(2048) DEFAULT NULL COMMENT '简介',
  `teacher_proportion` decimal(5,4) NOT NULL DEFAULT '0.0000' COMMENT '讲师分成比例',
  PRIMARY KEY (`id`)
) ENGINE=InnoDB DEFAULT CHARSET=utf8 ROW_FORMAT=DYNAMIC COMMENT='讲师信息-审核';

-- ----------------------------
--  Records of `teacher_apply`
-- ----------------------------
BEGIN;
INSERT INTO `teacher_apply` VALUES ('4c7b5ca6df9f47bba09168142dd4a91c', '2021-07-03 16:39:52', '2021-07-03 16:39:52', '1', '1', '1', null, '21060212272507456918048065577890', '13800138000', '13800138000', '13800138000@q.com', null, null, null, '0.0000');
COMMIT;

-- ----------------------------
--  Table structure for `teacher_student_group`
-- ----------------------------
DROP TABLE IF EXISTS `teacher_student_group`;
CREATE TABLE `teacher_student_group` (
  `id` varchar(36) NOT NULL COMMENT '主键',
  `create_time` datetime NOT NULL DEFAULT CURRENT_TIMESTAMP COMMENT '创建时间',
  `modified_time` datetime NOT NULL DEFAULT CURRENT_TIMESTAMP COMMENT '修改时间',
  `valid_value` tinyint(3) unsigned NOT NULL DEFAULT '1' COMMENT '状态(1:正常，0:禁用)',
  `sort` int(11) NOT NULL DEFAULT '1' COMMENT '排序',
  `teacher_id` varchar(36) NOT NULL COMMENT '讲师用户编号',
  `student_group_id` varchar(36) NOT NULL DEFAULT '' COMMENT '讲师名称',
  PRIMARY KEY (`id`),
  UNIQUE KEY `teacher_id_student_group_id` (`teacher_id`,`student_group_id`)
) ENGINE=InnoDB DEFAULT CHARSET=utf8 ROW_FORMAT=DYNAMIC COMMENT='老师拥有的学生组';

-- ----------------------------
--  Table structure for `test`
-- ----------------------------
DROP TABLE IF EXISTS `test`;
CREATE TABLE `test` (
  `id` varchar(36) NOT NULL,
  `test_time` datetime DEFAULT CURRENT_TIMESTAMP ON UPDATE CURRENT_TIMESTAMP,
  PRIMARY KEY (`id`)
) ENGINE=InnoDB DEFAULT CHARSET=utf8mb4;

-- ----------------------------
--  Records of `test`
-- ----------------------------
BEGIN;
INSERT INTO `test` VALUES ('22', null), ('2288', '2020-09-03 20:38:48');
COMMIT;

-- ----------------------------
--  Table structure for `topic`
-- ----------------------------
DROP TABLE IF EXISTS `topic`;
CREATE TABLE `topic` (
  `id` varchar(36) NOT NULL COMMENT '主键',
  `create_time` datetime NOT NULL DEFAULT CURRENT_TIMESTAMP COMMENT '创建时间',
  `modified_time` datetime NOT NULL DEFAULT CURRENT_TIMESTAMP COMMENT '修改时间',
  `valid_value` tinyint(3) unsigned NOT NULL DEFAULT '1' COMMENT '状态(1:正常;0:禁用)',
  `sort` int(11) NOT NULL DEFAULT '1' COMMENT '排序',
  `topic_name` varchar(50) NOT NULL DEFAULT '' COMMENT '名称',
  `topic_desc` varchar(255) DEFAULT NULL COMMENT '描述',
  `topic_location` tinyint(3) NOT NULL DEFAULT '0' COMMENT '位置(0电脑端，1微信端, 2移动端)',
  PRIMARY KEY (`id`)
) ENGINE=InnoDB DEFAULT CHARSET=utf8 ROW_FORMAT=DYNAMIC COMMENT='专区';

-- ----------------------------
--  Records of `topic`
-- ----------------------------
BEGIN;
INSERT INTO `topic` VALUES ('02da3e7469aa4e12852f79bfcb4a3fae', '2021-08-09 17:11:08', '2021-08-09 17:11:08', '1', '8', '网站新建', null, '2'), ('3565b873b2a74e7ab909e50ba41e431b', '2021-08-09 17:57:06', '2021-08-09 17:57:06', '1', '1', '安装教程', null, '2'), ('ea10b93112b6451ca194bd701e6478d8', '2021-07-03 16:39:06', '2021-07-03 16:39:06', '1', '1', '网站新建', null, '0');
COMMIT;

-- ----------------------------
--  Table structure for `topic_course`
-- ----------------------------
DROP TABLE IF EXISTS `topic_course`;
CREATE TABLE `topic_course` (
  `id` varchar(36) NOT NULL COMMENT '主键',
  `create_time` datetime NOT NULL DEFAULT CURRENT_TIMESTAMP COMMENT '创建时间',
  `modified_time` datetime NOT NULL DEFAULT CURRENT_TIMESTAMP COMMENT '修改时间',
  `valid_value` tinyint(3) unsigned NOT NULL DEFAULT '1' COMMENT '状态(1:正常;0:禁用)',
  `sort` int(11) NOT NULL COMMENT '排序',
  `topic_id` varchar(36) NOT NULL DEFAULT '0' COMMENT '专区编号',
  `topic_location` tinyint(3) NOT NULL DEFAULT '0' COMMENT '位置(0电脑端，1微信端)',
  `course_id` varchar(36) NOT NULL DEFAULT '0' COMMENT '课程ID',
  PRIMARY KEY (`id`)
) ENGINE=InnoDB DEFAULT CHARSET=utf8 ROW_FORMAT=DYNAMIC COMMENT='专区课程关联表';

-- ----------------------------
--  Records of `topic_course`
-- ----------------------------
BEGIN;
INSERT INTO `topic_course` VALUES ('375ef0bae9664969a6f116a5a375e14e', '2021-07-03 16:44:54', '2021-07-03 16:44:54', '1', '1', 'ea10b93112b6451ca194bd701e6478d8', '0', 'f1c4b15a6d0e4b869483f4f8ad913c77'), ('60a94059aa9b459bac15c60346c1b6f2', '2021-08-09 17:22:39', '2021-08-09 17:22:39', '1', '1', '02da3e7469aa4e12852f79bfcb4a3fae', '0', '039f99e1e4c64af69bfcc9318bb82939'), ('629342762c8b44028f338fe610c2be71', '2021-08-09 17:54:54', '2021-08-09 17:54:54', '1', '1', '02da3e7469aa4e12852f79bfcb4a3fae', '0', '507d6f34d9b544e3a0bbbad912cd3772'), ('726e24c3b4134bb8bb75520bd6dca702', '2021-08-09 17:57:43', '2021-08-09 17:57:43', '1', '1', '3565b873b2a74e7ab909e50ba41e431b', '0', '507d6f34d9b544e3a0bbbad912cd3772'), ('82d9d0ad1bc54c5ea20eb4b03ab3ad6f', '2021-08-09 18:08:53', '2021-08-09 18:08:53', '1', '1', '02da3e7469aa4e12852f79bfcb4a3fae', '0', '1538cd6557b547e985879c1749c50a82'), ('860f6dc60d6a478291088b3a039e2e5e', '2021-08-09 17:57:46', '2021-08-09 17:57:46', '1', '1', '3565b873b2a74e7ab909e50ba41e431b', '0', '039f99e1e4c64af69bfcc9318bb82939'), ('8c37127ff8a94d03a9e618790314064c', '2021-08-09 17:11:14', '2021-08-09 17:11:14', '1', '1', '02da3e7469aa4e12852f79bfcb4a3fae', '0', 'f1c4b15a6d0e4b869483f4f8ad913c77');
COMMIT;

-- ----------------------------
--  Table structure for `user`
-- ----------------------------
DROP TABLE IF EXISTS `user`;
CREATE TABLE `user` (
  `id` varchar(36) NOT NULL COMMENT '主键',
  `create_time` datetime NOT NULL DEFAULT CURRENT_TIMESTAMP COMMENT '创建时间',
  `modified_time` datetime NOT NULL DEFAULT CURRENT_TIMESTAMP COMMENT '修改时间',
  `valid_value` tinyint(3) unsigned NOT NULL DEFAULT '1' COMMENT '状态(1:正常，0:禁用)',
  `user_no` varchar(36) NOT NULL DEFAULT '0' COMMENT '用户编号',
  `mobile` varchar(11) NOT NULL COMMENT '手机号码',
  `psw_salt` varchar(36) NOT NULL COMMENT '密码盐',
  `user_psw` varchar(255) NOT NULL COMMENT '登录密码',
  `user_source` varchar(255) DEFAULT NULL COMMENT '用户来源(client_id)',
  PRIMARY KEY (`id`),
  UNIQUE KEY `uk_mobile` (`mobile`),
  UNIQUE KEY `uk_user_no` (`user_no`)
) ENGINE=InnoDB DEFAULT CHARSET=utf8 ROW_FORMAT=DYNAMIC COMMENT='用户基本信息';

-- ----------------------------
--  Records of `user`
-- ----------------------------
BEGIN;
INSERT INTO `user` VALUES ('9d74a8fe001049a2987b01495732fa5d', '2021-06-02 12:27:25', '2021-06-02 12:27:25', '1', '21060212272507456918048065577890', '13800138000', 'b821634651ac4ad7961d54e0f255f242', '4047636da924455a587af1602ac2df2abf25e81e', null), ('abb199145d70457aa8774f7aed877f48', '2021-06-02 12:02:11', '2021-06-02 12:02:11', '1', '21060212021130796170590587471005', '18800000000', '3e5a411542bc48fcaa48eda2e5dfc034', '840c68232a33b647d5c8e88c0f9d988ca9089b71', null), ('cc0136180e2d4cff8a3ee74cf84cb55c', '2021-06-01 15:07:33', '2021-06-01 15:07:33', '1', '21060115073397860541541482500672', '13800138001', '9c74c58dd7364848872f15030f15a19d', '74142c090445c98c88914ca48af0dc577539d21f', null);
COMMIT;

-- ----------------------------
--  Table structure for `user_study_log`
-- ----------------------------
DROP TABLE IF EXISTS `user_study_log`;
CREATE TABLE `user_study_log` (
  `id` varchar(36) NOT NULL COMMENT '主键',
  `create_time` datetime NOT NULL DEFAULT CURRENT_TIMESTAMP COMMENT '创建时间',
  `modified_time` datetime NOT NULL DEFAULT CURRENT_TIMESTAMP,
  `valid_value` tinyint(3) NOT NULL DEFAULT '1',
  `sort` int(11) NOT NULL DEFAULT '0',
  `course_id` varchar(36) NOT NULL DEFAULT '0' COMMENT '课程编号',
  `chapter_id` varchar(36) NOT NULL DEFAULT '0' COMMENT '章节编号',
  `lesson_id` varchar(36) NOT NULL DEFAULT '0' COMMENT '课时编号',
  `study_user_no` varchar(36) NOT NULL DEFAULT '0' COMMENT '学习的用户编号',
  `study_progress` int(11) DEFAULT '0' COMMENT '学习进度(0表示0%，1表示1%，2表示2%......100表示100%)',
  `study_progess_details` varchar(500) DEFAULT NULL COMMENT '学习进度详细，以英文逗号分开，如值为1,2,3,6,60,65,80   表示学过了1%,2%,3%,6%,60%,65%,80%',
  PRIMARY KEY (`id`),
  UNIQUE KEY `lesson_id_study_user_no` (`lesson_id`,`study_user_no`) USING BTREE
) ENGINE=InnoDB DEFAULT CHARSET=utf8 COMMENT='课程用户学习日志';

-- ----------------------------
--  Records of `user_study_log`
-- ----------------------------
BEGIN;
INSERT INTO `user_study_log` VALUES ('f3a274a2-bd56-4050-8afe-d1ca51ef0a3d', '2021-08-16 16:36:07', '2021-08-16 16:38:19', '0', '0', '507d6f34d9b544e3a0bbbad912cd3772', 'cd06ec60c0604bfa8eb46d83d0f3abb3', 'a735dadcb6a243999b865678d4ac215a', '21060212272507456918048065577890', '31', '0,1,2,3,4,5,6,7,8,9,10,11,12,13,14,15,16,17,18,19,20,21,22,23,24,25,26,27,28,29,30,');
COMMIT;

-- ----------------------------
--  Table structure for `video_event`
-- ----------------------------
DROP TABLE IF EXISTS `video_event`;
CREATE TABLE `video_event` (
  `id` varchar(36) NOT NULL COMMENT '主键',
  `create_time` datetime NOT NULL DEFAULT CURRENT_TIMESTAMP COMMENT '创建时间',
  `modified_time` datetime NOT NULL DEFAULT CURRENT_TIMESTAMP COMMENT '修改时间',
  `valid_value` tinyint(3) unsigned NOT NULL DEFAULT '1' COMMENT '状态(1:正常，0:禁用)',
  `sort` int(11) unsigned NOT NULL DEFAULT '1' COMMENT '排序',
  `title` varchar(200) NOT NULL COMMENT '事件主题',
  `trigger_time` int(7) DEFAULT NULL COMMENT '触发时间',
  `type` varchar(1) DEFAULT NULL COMMENT '类型(1提醒,2知识展示,3课程提问,4实时反馈)',
  `itemA` varchar(300) DEFAULT '' COMMENT 'A选项',
  `itemB` varchar(300) DEFAULT NULL COMMENT 'B选项',
  `itemC` varchar(300) DEFAULT NULL COMMENT 'C选项',
  `itemD` varchar(300) DEFAULT NULL COMMENT 'D选项',
  `analysis` varchar(2000) DEFAULT NULL COMMENT '解析。',
  `question_title` varchar(1000) DEFAULT NULL COMMENT '当type类型为3的时候，是题干，其它类型均为内容',
  PRIMARY KEY (`id`)
) ENGINE=InnoDB DEFAULT CHARSET=utf8 ROW_FORMAT=DYNAMIC COMMENT='试题表';

-- ----------------------------
--  Table structure for `website`
-- ----------------------------
DROP TABLE IF EXISTS `website`;
CREATE TABLE `website` (
  `id` varchar(36) NOT NULL COMMENT '主键',
  `create_time` datetime NOT NULL DEFAULT CURRENT_TIMESTAMP COMMENT '创建时间',
  `modified_time` datetime DEFAULT NULL COMMENT '修改时间',
  `valid_value` tinyint(3) unsigned NOT NULL DEFAULT '1' COMMENT '状态(1有效, 0无效)',
  `sort` int(11) NOT NULL DEFAULT '1' COMMENT '排序',
  `favicon_ico_url` varchar(255) DEFAULT NULL COMMENT 'org_logo_ico',
  `logo_url` varchar(255) DEFAULT NULL COMMENT 'org_logo_img',
  `website_title` varchar(255) DEFAULT NULL COMMENT '站点标题',
  `website_keyword` varchar(255) DEFAULT NULL COMMENT '站点关键词',
  `website_desc` varchar(255) DEFAULT NULL COMMENT '站点描述',
  `copyright` varchar(255) DEFAULT NULL COMMENT '站点版权',
  `icp` varchar(255) DEFAULT NULL COMMENT '备案号',
  `gonganbeian_id` varchar(255) DEFAULT NULL COMMENT '公安备案号(用于指向公安备案网站链接的ID)',
  `gonganbeian` varchar(255) DEFAULT NULL COMMENT '公安备案号',
  `weixin_qr_url` varchar(255) DEFAULT NULL COMMENT '站点微信',
  `weixin_xiaochengxu_qr_url` varchar(255) DEFAULT NULL COMMENT '小程序二维码',
  `weibo` varchar(255) DEFAULT NULL COMMENT '站点微博',
  `is_open_external_code` tinyint(3) unsigned NOT NULL DEFAULT '1' COMMENT '是否开启统计',
  `external_code` varchar(255) DEFAULT NULL COMMENT '统计代码',
  `is_open_qq_service` tinyint(3) unsigned NOT NULL DEFAULT '1' COMMENT '是否显示客服信息',
  `service_qq1` varchar(50) DEFAULT NULL COMMENT '客服信息1',
  `service_qq2` varchar(50) DEFAULT NULL COMMENT '客服信息2',
  `user_agreement` text COMMENT '用户协议',
  `org_no` varchar(255) DEFAULT NULL COMMENT '机构编号',
  `cookie_domain` varchar(255) DEFAULT NULL COMMENT 'cookie作用域',
  `cookie_token_name` varchar(255) DEFAULT NULL COMMENT 'cookie的token名称',
  `pcweb_main_url` varchar(255) DEFAULT NULL COMMENT 'PC网站地址(带http://或者https://开头)，可以带工程名',
  `mobile_main_url` varchar(255) DEFAULT NULL COMMENT '移动网站地址(带http://或者https://开头)，可以带工程名',
  `main_url` varchar(255) DEFAULT NULL COMMENT '网站主域名(不需要带http://等开头，直接如test.com即可)',
  `main_seal_content` varchar(20) NOT NULL COMMENT '学习证明主印章名称(大圆的那个印章名称)',
  `second_seal_content` varchar(20) NOT NULL COMMENT '学习证明印章内横着的那行字内容',
  `mobile_contact_us` varchar(500) DEFAULT NULL COMMENT '移动端的"客服信息"',
  PRIMARY KEY (`id`)
) ENGINE=InnoDB DEFAULT CHARSET=utf8 ROW_FORMAT=DYNAMIC COMMENT='站点信息';

-- ----------------------------
--  Records of `website`
-- ----------------------------
BEGIN;
INSERT INTO `website` VALUES ('934374967448227841', '2018-11-09 17:36:00', '2021-08-16 21:45:54', '1', '1', 'https://atest888.oss-cn-hangzhou.aliyuncs.com/course/804d5b290234488293fb3ddbb8b08617.png', 'https://atest888.oss-cn-hangzhou.aliyuncs.com/course/81d6b67b3dbd45f3a41541db76d1ae18.jpg', '浪树学习考试系统', '旺鑫教育-28', '旺鑫教育-3', 'Copyright 2018-2023 广州旺鑫计算机科技有限公司2 版权所有', '粤ICP备19146352号', '-', '-', 'https://atest888.oss-cn-hangzhou.aliyuncs.com/course/1575464338.png', 'https://atest888.oss-cn-hangzhou.aliyuncs.com/course/1575464338.png', '', '1', '', '0', '3243242342', '342424', '<p><br></p>', 'wx', 'localhost', 'WXTOKEN', 'http://localhost:3000', null, null, '浪树学习系统', '学习证明章', '<div style=\"color:red\">联系电话：16688888</div>');
COMMIT;

SET FOREIGN_KEY_CHECKS = 1;
